train_batch,test_batch,mmd_score,ks_result,ws_score,pred_res,same_batch
0,0,0.0,"KstestResult(statistic=np.float64(0.0), pvalue=np.float64(1.0), statistic_location=np.float32(-6.7959166), statistic_sign=np.int8(1))",0.0,"    query_id  bao_latency  best_latency  default_latency    regret
0          1      418.318       374.589          374.589  1.116739
1          2       48.971        48.971           48.971  1.000000
2          3      277.548       176.568          176.568  1.571904
3          4      211.360        89.703           89.703  2.356220
4          5        0.232         0.060            0.232  3.866667
..       ...          ...           ...              ...       ...
95       102      730.228       689.220          861.195  1.059499
96       103     1044.329      1037.111         1321.644  1.006960
97       104      230.305       210.249          230.305  1.095392
98       105        0.080         0.067            0.082  1.194030
99       106        0.413         0.343            0.413  1.204082

[100 rows x 5 columns]",True
0,1,0.02153615467250347,"KstestResult(statistic=np.float64(0.06809884690918717), pvalue=np.float64(0.005065044623862968), statistic_location=np.float32(-3.1987236), statistic_sign=np.int8(-1))",0.3571529673609574,"    query_id  bao_latency  best_latency  default_latency    regret
0        107        0.036         0.029            0.043  1.241379
1        108      198.549        79.822          213.983  2.487397
2        110        0.146         0.049            3.096  2.979592
3        111        0.166         0.072            0.951  2.305556
4        112     1574.134       768.127         2605.613  2.049315
..       ...          ...           ...              ...       ...
95       217     2524.453      2301.235         4848.924  1.096999
96       218      195.874       186.477          216.683  1.050392
97       219      171.737       160.525          252.728  1.069846
98       220      168.931       137.549          146.223  1.228151
99       221      685.191       596.009          632.583  1.149632

[100 rows x 5 columns]",False
0,2,0.048823971301317215,"KstestResult(statistic=np.float64(0.10666544588903132), pvalue=np.float64(8.382750153015969e-07), statistic_location=np.float32(-1.2508966), statistic_sign=np.int8(1))",0.40834065960097254,"    query_id  bao_latency  best_latency  default_latency     regret
0        222     1277.941        88.392          733.865  14.457655
1        223        0.398         0.365           40.266   1.090411
2        224      144.331       111.100          144.331   1.299109
3        225        0.320         0.227            0.320   1.409692
4        226      133.711        19.370          133.711   6.902994
..       ...          ...           ...              ...        ...
95       328        0.504         0.207            0.321   2.434783
96       329     6718.033      6718.033        11034.335   1.000000
97       330       35.939         1.165           35.939  30.848927
98       331        0.091         0.089            0.108   1.022472
99       332      305.498       139.778          327.332   2.185594

[100 rows x 5 columns]",False
0,3,0.04768525809049606,"KstestResult(statistic=np.float64(0.10700132263686819), pvalue=np.float64(8.323063623664537e-07), statistic_location=np.float32(-1.0356754), statistic_sign=np.int8(1))",0.4973457733687913,"    query_id  bao_latency  best_latency  default_latency    regret
0        333       47.223        44.927           47.223  1.051105
1        335       43.940        43.940           43.940  1.000000
2        336      686.005       562.478          612.836  1.219612
3        337     2837.355      2165.367         2248.249  1.310334
4        338    12889.119      3852.639        12889.119  3.345530
..       ...          ...           ...              ...       ...
95       437      158.104        19.796          299.069  7.986664
96       438     1849.978      1841.490         2047.213  1.004609
97       439      160.846       156.301         1297.617  1.029079
98       440      361.434       309.676          309.676  1.167136
99       441        0.089         0.061            1.008  1.459016

[100 rows x 5 columns]",False
0,4,0.02820112183690071,"KstestResult(statistic=np.float64(0.08800132460078004), pvalue=np.float64(9.241606786740292e-05), statistic_location=np.float32(1.1491313), statistic_sign=np.int8(-1))",0.70471004935684,"    query_id  bao_latency  best_latency  default_latency    regret
0        444      713.669       262.806          713.669  2.715573
1        446      291.441        61.816          291.441  4.714653
2        447      540.587       226.224          226.224  2.389609
3        449     2581.866      1181.678         1313.756  2.184915
4        450     3624.250      1327.353         3624.250  2.730434
..       ...          ...           ...              ...       ...
95       547       46.404        41.844           46.404  1.108976
96       548     1624.439      1429.309         4513.298  1.136521
97       549        0.076         0.048            0.080  1.583333
98       550     1358.017       684.706          978.039  1.983358
99       551       44.014        41.761           44.014  1.053950

[100 rows x 5 columns]",False
0,5,0.02998470701277256,"KstestResult(statistic=np.float64(0.06507750984251968), pvalue=np.float64(0.008476116625952415), statistic_location=np.float32(-1.3716068), statistic_sign=np.int8(1))",0.19016314006784535,"    query_id  bao_latency  best_latency  default_latency       regret
0        552      805.557       794.171          929.726     1.014337
1        553     1124.216      1066.394         1123.571     1.054222
2        554       94.038        72.056           72.056     1.305068
3        555        8.623         0.298            2.559    28.936242
4        556       97.341         0.082            0.096  1187.085366
..       ...          ...           ...              ...          ...
95       650    35208.021     23839.166        46578.137     1.476898
96       651      867.117       635.928          867.117     1.363546
97       654        0.101         0.078            2.445     1.294872
98       655      785.332       535.437         1010.535     1.466712
99       656     2910.784      1905.820         2910.784     1.527313

[100 rows x 5 columns]",False
0,6,0.01957380771636963,"KstestResult(statistic=np.float64(0.09407963155548953), pvalue=np.float64(2.3694365016568072e-05), statistic_location=np.float32(1.2679492), statistic_sign=np.int8(-1))",0.3707867481011856,"    query_id  bao_latency  best_latency  default_latency    regret
0        657     1468.913      1379.164         5028.581  1.065075
1        658      156.710        94.451          479.086  1.659167
2        659      321.251       188.245          553.828  1.706558
3        660     1466.501      1466.501         1745.093  1.000000
4        661        0.427         0.076         1672.826  5.618421
..       ...          ...           ...              ...       ...
95       758     1358.668      1130.330         1358.668  1.202010
96       759        0.036         0.032            0.048  1.125000
97       760     6248.767      5306.703         7483.387  1.177523
98       761      698.908       520.699         1136.807  1.342250
99       762        0.213         0.172         2065.654  1.238372

[100 rows x 5 columns]",False
0,7,0.0320294015109539,"KstestResult(statistic=np.float64(0.0667816872541282), pvalue=np.float64(0.006255552959520489), statistic_location=np.float32(-1.2322674), statistic_sign=np.int8(1))",0.30638033434331924,"    query_id  bao_latency  best_latency  default_latency      regret
0        763      591.025       361.508          591.025    1.634888
1        764     2170.390       140.955         1794.305   15.397751
2        765        0.041         0.041            0.055    1.000000
3        766      707.691       599.418          707.691    1.180630
4        767        2.583         1.773            1.816    1.456853
..       ...          ...           ...              ...         ...
95       861      160.509        88.413          190.104    1.815446
96       862     1423.039        12.064         1423.039  117.957477
97       863     3715.609      2563.737         7219.226    1.449294
98       864        0.297         0.197            0.251    1.507614
99       865      287.981       188.801          203.138    1.525315

[100 rows x 5 columns]",False
0,8,0.02746395207941532,"KstestResult(statistic=np.float64(0.08747797370399123), pvalue=np.float64(0.0001063124155008938), statistic_location=np.float32(1.4314569), statistic_sign=np.int8(-1))",0.2546438424509072,"    query_id  bao_latency  best_latency  default_latency    regret
0        867     1866.342      1518.388         1759.727  1.229160
1        869     1690.077       842.546         1012.931  2.005917
2        870        0.109         0.084            0.109  1.297619
3        871       87.130        50.409           50.409  1.728461
4        872      103.326        62.367         1061.266  1.656742
..       ...          ...           ...              ...       ...
95       970     4704.785      4704.785         6085.952  1.000000
96       971     1497.180      1288.502         1497.180  1.161954
97       973      125.859        42.786           44.671  2.941593
98       974      161.547       141.534          151.696  1.141401
99       975     1288.742      1288.742         1474.313  1.000000

[100 rows x 5 columns]",False
0,9,0.021210456266999245,"KstestResult(statistic=np.float64(0.09055118110236221), pvalue=np.float64(5.944846585612712e-05), statistic_location=np.float32(-2.0184836), statistic_sign=np.int8(1))",0.4105295715369577,"    query_id  bao_latency  best_latency  default_latency     regret
0        976     1328.599      1294.468         1381.761   1.026367
1        977    12102.342     11627.163        12435.601   1.040868
2        978        0.330         0.330          304.012   1.000000
3        980      207.195        52.240          207.195   3.966214
4        981        4.170         1.344           53.895   3.102679
..       ...          ...           ...              ...        ...
95      1088      696.368       576.922          646.356   1.207040
96      1089     3849.432       688.357          688.357   5.592203
97      1090     5190.252       235.028         3514.857  22.083547
98      1091     1827.002       423.583         1827.002   4.313209
99      1092        0.304         0.233            0.347   1.304721

[100 rows x 5 columns]",False
0,10,0.03113313764333725,"KstestResult(statistic=np.float64(0.10909817913385826), pvalue=np.float64(4.514212125149221e-07), statistic_location=np.float32(1.1859175), statistic_sign=np.int8(-1))",0.7434145005782846,"    query_id  bao_latency  best_latency  default_latency    regret
0       1093      147.946       124.753          133.628  1.185911
1       1094        0.199         0.051          212.662  3.901961
2       1095        0.745         0.745            0.745  1.000000
3       1096      148.397       123.245          128.164  1.204081
4       1097      877.909       770.197          864.188  1.139850
..       ...          ...           ...              ...       ...
95      1195       48.224        48.224           49.254  1.000000
96      1196     1911.202      1911.202         2291.804  1.000000
97      1197        0.308         0.169          239.270  1.822485
98      1198      183.099       124.820          657.393  1.466904
99      1199      179.217       129.277          129.277  1.386302

[100 rows x 5 columns]",False
0,11,0.018612461164593697,"KstestResult(statistic=np.float64(0.10105870673761708), pvalue=np.float64(4.004277672729509e-06), statistic_location=np.float32(1.6145228), statistic_sign=np.int8(-1))",0.49776307134584236,"    query_id  bao_latency  best_latency  default_latency    regret
0       1200        1.840         0.653           38.108  2.817764
1       1201        0.068         0.065            0.073  1.046154
2       1202    20417.549      2838.032         9796.637  7.194263
3       1203       10.399         9.084          362.903  1.144760
4       1204        0.105         0.093            0.129  1.129032
..       ...          ...           ...              ...       ...
95      1304      539.961        93.762          163.545  5.758847
96      1305       56.774        56.774           67.442  1.000000
97      1306      118.631        64.906          140.133  1.827735
98      1307      719.361       198.714          719.361  3.620082
99      1308      480.393        54.702          459.285  8.782001

[100 rows x 5 columns]",False
0,12,0.026240628212690353,"KstestResult(statistic=np.float64(0.0886146323908093), pvalue=np.float64(8.541347936707875e-05), statistic_location=np.float32(0.03999996), statistic_sign=np.int8(-1))",0.32214536095836,"    query_id  bao_latency  best_latency  default_latency     regret
0       1309      911.133       582.898          606.335   1.563109
1       1310      432.370       415.824          415.824   1.039791
2       1311      114.547        89.042           89.042   1.286438
3       1312       66.646        66.102           66.102   1.008230
4       1313      568.369       549.391          568.369   1.034544
..       ...          ...           ...              ...        ...
95      1412        0.194         0.114            0.186   1.701754
96      1413     2209.632      1999.996         2209.632   1.104818
97      1414      262.903       213.228          213.228   1.232967
98      1415        2.520         0.156            2.520  16.153846
99      1416     1133.921       698.512         8265.208   1.623338

[100 rows x 5 columns]",False
0,13,0.034738607704639435,"KstestResult(statistic=np.float64(0.08250122353903244), pvalue=np.float64(0.0003116063553663993), statistic_location=np.float32(1.6224706), statistic_sign=np.int8(-1))",0.4652773577244391,"    query_id  bao_latency  best_latency  default_latency    regret
0       1417        0.634         0.257            5.023  2.466926
1       1418    17611.821      2072.275         8122.004  8.498786
2       1419        0.402         0.083            0.624  4.843373
3       1420      113.643       111.089          534.020  1.022991
4       1421     1143.574       200.035          624.628  5.716870
..       ...          ...           ...              ...       ...
95      1525     1306.741       526.686         1236.030  2.481063
96      1526     7617.075      1241.710         1405.049  6.134343
97      1527        0.109         0.071            0.073  1.535211
98      1528       83.157        59.953          155.919  1.387037
99      1529      558.181       271.854          558.181  2.053238

[100 rows x 5 columns]",False
0,14,0.04579633101820946,"KstestResult(statistic=np.float64(0.10463815262528804), pvalue=np.float64(1.5500626113710455e-06), statistic_location=np.float32(-1.1375859), statistic_sign=np.int8(1))",0.5832756110494088,"    query_id  bao_latency  best_latency  default_latency     regret
0       1530        0.136         0.071            0.111   1.915493
1       1531      126.013        36.187           36.187   3.482273
2       1532        8.702         5.626            8.982   1.546747
3       1533      199.808       122.772          232.024   1.627472
4       1534     1016.562       862.344          864.973   1.178836
..       ...          ...           ...              ...        ...
95      1635       22.560        17.296           22.560   1.304348
96      1636      516.676       482.726          541.278   1.070330
97      1637     9355.934       771.261         1361.309  12.130698
98      1639        0.048         0.035            0.071   1.371429
99      1640        0.309         0.097            0.989   3.185567

[100 rows x 5 columns]",False
0,15,0.041423819959163666,"KstestResult(statistic=np.float64(0.08379833668332443), pvalue=np.float64(0.00023608744343799724), statistic_location=np.float32(1.3914653), statistic_sign=np.int8(-1))",0.3632078284237215,"    query_id  bao_latency  best_latency  default_latency     regret
0       1642        8.529         7.584            7.686   1.124604
1       1643      486.382       486.382          979.381   1.000000
2       1644      127.433       109.377          475.365   1.165080
3       1645      578.753       578.753          578.753   1.000000
4       1646        5.091         0.216            5.091  23.569444
..       ...          ...           ...              ...        ...
95      1745     3508.880      3398.949         3651.022   1.032343
96      1746      210.788         4.797          268.324  43.941630
97      1747        0.289         0.130            3.261   2.223077
98      1748       96.167        88.298          155.548   1.089119
99      1749        0.097         0.050            0.110   1.940000

[100 rows x 5 columns]",False
0,16,0.03780907392501831,"KstestResult(statistic=np.float64(0.0747292151861299), pvalue=np.float64(0.0015072706058633788), statistic_location=np.float32(0.13178968), statistic_sign=np.int8(-1))",0.28835674529962696,"    query_id  bao_latency  best_latency  default_latency     regret
0       1750      254.067       195.010          449.157   1.302841
1       1751      143.067       129.196          129.196   1.107364
2       1752        0.082         0.074            2.363   1.108108
3       1753     7294.828      3039.182         3424.240   2.400260
4       1754      209.739        46.495           46.495   4.511001
..       ...          ...           ...              ...        ...
95      1851      587.443       396.877          550.506   1.480164
96      1852        2.504         0.076            4.811  32.947368
97      1853        0.386         0.186            0.946   2.075269
98      1854      155.788       141.892          169.085   1.097934
99      1855     5141.806      3221.756         5141.806   1.595964

[100 rows x 5 columns]",False
0,17,0.030167654156684875,"KstestResult(statistic=np.float64(0.07795275590551182), pvalue=np.float64(0.0008858492044706977), statistic_location=np.float32(-1.5684578), statistic_sign=np.int8(1))",0.3846238056505759,"    query_id  bao_latency  best_latency  default_latency     regret
0       1856     2404.211      2369.999         3201.138   1.014435
1       1857    23953.212     15485.820        36286.284   1.546784
2       1858     3339.387       664.550         3339.387   5.025035
3       1861        2.266         0.090            2.266  25.177778
4       1862     1516.279       991.737         1376.264   1.528912
..       ...          ...           ...              ...        ...
95      1963        0.986         0.986            0.986   1.000000
96      1964     1937.796      1924.456         1975.180   1.006932
97      1965      231.289       187.099          679.775   1.236185
98      1967     3854.076      1584.036         1605.321   2.433073
99      1968     2465.067       140.528         1979.644  17.541465

[100 rows x 5 columns]",False
0,18,0.024370834231376648,"KstestResult(statistic=np.float64(0.09921259842519685), pvalue=np.float64(7.331836120286343e-06), statistic_location=np.float32(1.1862723), statistic_sign=np.int8(-1))",0.47249207726613734,"    query_id  bao_latency  best_latency  default_latency     regret
0       1969    40095.959     37372.373        44222.331   1.072877
1       1970        1.174         0.066            1.174  17.787879
2       1971     1970.024      1583.045         1970.024   1.244452
3       1972      239.557       224.522          765.279   1.066964
4       1973      158.173       117.160          117.160   1.350060
..       ...          ...           ...              ...        ...
95      2077    17858.760      8183.780        12250.051   2.182214
96      2078      200.889       139.725          139.725   1.437746
97      2079        0.093         0.093            0.099   1.000000
98      2080      372.799       323.798          333.143   1.151332
99      2081      115.225       114.680          115.225   1.004752

[100 rows x 5 columns]",False
0,19,0.045450739562511444,"KstestResult(statistic=np.float64(0.08378222581990336), pvalue=np.float64(0.00023461488307964892), statistic_location=np.float32(-0.022847652), statistic_sign=np.int8(1))",0.4252521502622796,"    query_id  bao_latency  best_latency  default_latency    regret
0       2082       49.305        49.305          101.448  1.000000
1       2083     3883.182      1555.021         5913.346  2.497189
2       2084      213.074       195.418          213.074  1.090350
3       2085      540.268       540.268          575.816  1.000000
4       2086       43.729        34.831           34.831  1.255462
..       ...          ...           ...              ...       ...
95      2183       49.572        49.413          169.428  1.003218
96      2184      214.078        54.429           56.049  3.933161
97      2185     3637.614      2332.156         3637.614  1.559764
98      2186      169.518        39.958          189.188  4.242405
99      2187    15328.462     15328.462        15328.462  1.000000

[100 rows x 5 columns]",False
0,20,0.033271461725234985,"KstestResult(statistic=np.float64(0.1180289083582862), pvalue=np.float64(3.378939680864254e-08), statistic_location=np.float32(1.3275806), statistic_sign=np.int8(-1))",0.49214147362256844,"    query_id  bao_latency  best_latency  default_latency     regret
0       2188       50.816        43.584         1109.993   1.165932
1       2189       50.757        50.757          611.878   1.000000
2       2190      362.951       189.468          362.951   1.915632
3       2191     1953.567      1884.464         3237.782   1.036670
4       2192       12.603         4.959           60.036   2.541440
..       ...          ...           ...              ...        ...
95      2296     5849.980      1064.475         5849.980   5.495648
96      2297     1394.684        52.203          252.029  26.716549
97      2298       25.689         6.589           25.689   3.898771
98      2299      355.366       355.366          476.009   1.000000
99      2300        0.225         0.120            2.512   1.875000

[100 rows x 5 columns]",False
0,21,0.03910410404205322,"KstestResult(statistic=np.float64(0.12662624918364077), pvalue=np.float64(2.269863461124517e-09), statistic_location=np.float32(1.3044528), statistic_sign=np.int8(-1))",0.5163831022893821,"    query_id  bao_latency  best_latency  default_latency     regret
0       2301      223.388       199.675          199.675   1.118758
1       2302        0.125         0.098           40.524   1.275510
2       2303    37701.312      1150.995         1325.366  32.755409
3       2304        0.134         0.055            0.134   2.436364
4       2305        0.166         0.077           55.630   2.155844
..       ...          ...           ...              ...        ...
95      2407        0.061         0.061            0.092   1.000000
96      2408     3034.165       124.538         3216.453  24.363367
97      2410     9101.428      8838.983         9248.877   1.029692
98      2411      418.022       166.180          313.279   2.515477
99      2412    11782.952      1193.993         1289.955   9.868527

[100 rows x 5 columns]",False
0,22,0.04052994027733803,"KstestResult(statistic=np.float64(0.08197813932650469), pvalue=np.float64(0.00034563430992169664), statistic_location=np.float32(1.6336758), statistic_sign=np.int8(-1))",0.29942803344346947,"    query_id  bao_latency  best_latency  default_latency       regret
0       2414        0.202         0.087            0.087     2.321839
1       2416      437.967       405.447          414.539     1.080208
2       2417     5848.875      5350.798        35438.688     1.093085
3       2418     2769.109      2745.343         6892.147     1.008657
4       2419     4719.061        49.431           50.259    95.467642
..       ...          ...           ...              ...          ...
95      2521    14900.987     13573.417        14900.987     1.097807
96      2522        0.065         0.042            0.065     1.547619
97      2523        0.231         0.193            0.834     1.196891
98      2525      189.273         0.076          434.311  2490.434211
99      2526        0.553         0.102            0.553     5.421569

[100 rows x 5 columns]",False
0,23,0.052594467997550964,"KstestResult(statistic=np.float64(0.12206283620488033), pvalue=np.float64(3.734823500883309e-05), statistic_location=np.float32(-0.49801672), statistic_sign=np.int8(-1))",0.924419756706854,"    query_id  bao_latency  best_latency  default_latency     regret
0       2527       58.430        50.108          242.126   1.166081
1       2528      705.912       705.912          705.912   1.000000
2       2529     7775.318      1053.647         1162.004   7.379434
3       2530       60.759        60.759           60.759   1.000000
4       2531     1998.128      1507.124         1507.124   1.325789
5       2532       85.922        78.852          167.839   1.089662
6       2533        0.335         0.299            1.000   1.120401
7       2534        0.414         0.331           11.050   1.250755
8       2535        0.417         0.299            0.437   1.394649
9       2536     1917.127      1656.217         1809.926   1.157534
10      2537     4988.999      1309.471         1694.821   3.809935
11      2538      120.813       116.251          145.679   1.039243
12      2539     1067.950        59.628           64.366  17.910210
13      2540     1945.109       773.446          802.170   2.514861
14      2541     3231.749      1217.855         3309.322   2.653640
15      2542       10.446         9.817           22.869   1.064073
16      2543        0.084         0.083            0.123   1.012048
17      2544      259.290       255.760          311.426   1.013802
18      2545     2357.267      2223.666         2410.180   1.060081
19      2546      869.000       869.000          869.000   1.000000
20      2547       43.049        35.106           98.914   1.226258
21      2548     3450.986      3393.097         3934.745   1.017061
22      2549        0.077         0.067            7.470   1.149254
23      2550        0.010         0.007            0.010   1.428571
24      2551      217.748       192.180          271.975   1.133042
25      2552      100.547        92.466          100.547   1.087394
26      2553      210.138        51.707         4583.443   4.064015
27      2554       14.577        14.023         1668.021   1.039507
28      2555       65.797        59.671          143.008   1.102663
29      2556      220.690         3.296          220.690  66.956917
30      2557        0.055         0.037            0.091   1.486486
31      2559     1113.591       897.080          897.080   1.241351
32      2560      113.438       111.589          162.946   1.016570
33      2561        0.232         0.165          159.401   1.406061
34      2562      630.599       508.171         2813.506   1.240919
35      2563        0.535         0.354          188.877   1.511299
36      2564      183.560       169.186          235.633   1.084960
37      2565        0.110         0.081            0.088   1.358025
38      2567     1473.437       203.492          203.492   7.240761",False
1,0,0.025489574298262596,"KstestResult(statistic=np.float64(0.05778197780007757), pvalue=np.float64(0.02682467943651166), statistic_location=np.float32(-1.6495259), statistic_sign=np.int8(-1))",0.4488726360705498,"    query_id  bao_latency  best_latency  default_latency    regret
0          1      448.374       374.589          374.589  1.196976
1          2      307.163        48.971           48.971  6.272345
2          3      176.568       176.568          176.568  1.000000
3          4      238.709        89.703           89.703  2.661104
4          5        0.232         0.060            0.232  3.866667
..       ...          ...           ...              ...       ...
95       102     2930.068       689.220          861.195  4.251281
96       103     1142.374      1037.111         1321.644  1.101496
97       104      257.397       210.249          230.305  1.224248
98       105        0.089         0.067            0.082  1.328358
99       106        0.755         0.343            0.413  2.201166

[100 rows x 5 columns]",False
1,1,0.0,"KstestResult(statistic=np.float64(0.0), pvalue=np.float64(1.0), statistic_location=np.float32(-6.322641), statistic_sign=np.int8(1))",0.0,"    query_id  bao_latency  best_latency  default_latency    regret
0        107        0.043         0.029            0.043  1.482759
1        108      231.308        79.822          213.983  2.897798
2        110        0.103         0.049            3.096  2.102041
3        111        0.109         0.072            0.951  1.513889
4        112     1513.439       768.127         2605.613  1.970298
..       ...          ...           ...              ...       ...
95       217    10822.386      2301.235         4848.924  4.702860
96       218      213.099       186.477          216.683  1.142763
97       219      224.832       160.525          252.728  1.400604
98       220      168.931       137.549          146.223  1.228151
99       221      817.940       596.009          632.583  1.372362

[100 rows x 5 columns]",True
1,2,0.03022526577115059,"KstestResult(statistic=np.float64(0.06080271045087308), pvalue=np.float64(0.01632444489926373), statistic_location=np.float32(-0.90936863), statistic_sign=np.int8(-1))",0.36405471638488524,"    query_id  bao_latency  best_latency  default_latency     regret
0        222     1219.646        88.392          733.865  13.798149
1        223        0.378         0.365           40.266   1.035616
2        224      149.262       111.100          144.331   1.343492
3        225        0.320         0.227            0.320   1.409692
4        226       26.872        19.370          133.711   1.387300
..       ...          ...           ...              ...        ...
95       328        0.344         0.207            0.321   1.661836
96       329    15883.888      6718.033        11034.335   2.364366
97       330       35.939         1.165           35.939  30.848927
98       331        0.105         0.089            0.108   1.179775
99       332      214.819       139.778          327.332   1.536858

[100 rows x 5 columns]",False
1,3,0.019419778138399124,"KstestResult(statistic=np.float64(0.034264406430160925), pvalue=np.float64(0.4279972425711426), statistic_location=np.float32(-3.9616885), statistic_sign=np.int8(1))",0.24409472001065172,"    query_id  bao_latency  best_latency  default_latency    regret
0        333       47.223        44.927           47.223  1.051105
1        335       43.940        43.940           43.940  1.000000
2        336      602.835       562.478          612.836  1.071749
3        337     2248.249      2165.367         2248.249  1.038276
4        338    12889.119      3852.639        12889.119  3.345530
..       ...          ...           ...              ...       ...
95       437       36.394        19.796          299.069  1.838452
96       438     2104.450      1841.490         2047.213  1.142797
97       439      160.846       156.301         1297.617  1.029079
98       440      309.676       309.676          309.676  1.000000
99       441        0.089         0.061            1.008  1.459016

[100 rows x 5 columns]",False
1,4,0.020371511578559875,"KstestResult(statistic=np.float64(0.05983488365862154), pvalue=np.float64(0.019170204380488613), statistic_location=np.float32(8.095189), statistic_sign=np.int8(-1))",0.47084170184037333,"    query_id  bao_latency  best_latency  default_latency     regret
0        444      371.099       262.806          713.669   1.412064
1        446       67.049        61.816          291.441   1.084654
2        447      338.538       226.224          226.224   1.496473
3        449     3024.643      1181.678         1313.756   2.559617
4        450     3624.250      1327.353         3624.250   2.730434
..       ...          ...           ...              ...        ...
95       547      965.130        41.844           46.404  23.064956
96       548     1587.758      1429.309         4513.298   1.110857
97       549        0.053         0.048            0.080   1.104167
98       550     1358.017       684.706          978.039   1.983358
99       551       44.014        41.761           44.014   1.053950

[100 rows x 5 columns]",False
1,5,0.027193807065486908,"KstestResult(statistic=np.float64(0.07480331313526192), pvalue=np.float64(0.0013843420540077356), statistic_location=np.float32(-2.4899373), statistic_sign=np.int8(1))",0.44290951990924393,"    query_id  bao_latency  best_latency  default_latency    regret
0        552      805.557       794.171          929.726  1.014337
1        553     1154.947      1066.394         1123.571  1.083040
2        554       94.038        72.056           72.056  1.305068
3        555        0.691         0.298            2.559  2.318792
4        556        0.107         0.082            0.096  1.304878
..       ...          ...           ...              ...       ...
95       650    35208.021     23839.166        46578.137  1.476898
96       651      744.788       635.928          867.117  1.171183
97       654        0.101         0.078            2.445  1.294872
98       655      673.514       535.437         1010.535  1.257877
99       656     1947.361      1905.820         2910.784  1.021797

[100 rows x 5 columns]",False
1,6,0.021900013089179993,"KstestResult(statistic=np.float64(0.07475929504673955), pvalue=np.float64(0.0014856817943383728), statistic_location=np.float32(-1.9387038), statistic_sign=np.int8(-1))",0.35944089246195926,"    query_id  bao_latency  best_latency  default_latency    regret
0        657     1419.437      1379.164         5028.581  1.029201
1        658      156.710        94.451          479.086  1.659167
2        659      284.954       188.245          553.828  1.513740
3        660     3000.317      1466.501         1745.093  2.045902
4        661        0.097         0.076         1672.826  1.276316
..       ...          ...           ...              ...       ...
95       758     1162.942      1130.330         1358.668  1.028852
96       759        0.048         0.032            0.048  1.500000
97       760     7483.387      5306.703         7483.387  1.410176
98       761      636.132       520.699         1136.807  1.221689
99       762        0.213         0.172         2065.654  1.238372

[100 rows x 5 columns]",False
1,7,0.011243429966270924,"KstestResult(statistic=np.float64(0.031044795704686243), pvalue=np.float64(0.5511909758433648), statistic_location=np.float32(-2.8012364), statistic_sign=np.int8(1))",0.1791556774215292,"    query_id  bao_latency  best_latency  default_latency    regret
0        763      591.025       361.508          591.025  1.634888
1        764      140.955       140.955         1794.305  1.000000
2        765        0.055         0.041            0.055  1.341463
3        766      918.301       599.418          707.691  1.531988
4        767        1.816         1.773            1.816  1.024253
..       ...          ...           ...              ...       ...
95       861      165.606        88.413          190.104  1.873096
96       862       13.745        12.064         1423.039  1.139340
97       863     3715.609      2563.737         7219.226  1.449294
98       864        0.197         0.197            0.251  1.000000
99       865      287.981       188.801          203.138  1.525315

[100 rows x 5 columns]",False
1,8,0.026919089257717133,"KstestResult(statistic=np.float64(0.07088198551049149), pvalue=np.float64(0.0029357457139108705), statistic_location=np.float32(-1.9345233), statistic_sign=np.int8(-1))",0.31083515559810704,"    query_id  bao_latency  best_latency  default_latency    regret
0        867     1518.388      1518.388         1759.727  1.000000
1        869      842.546       842.546         1012.931  1.000000
2        870        0.098         0.084            0.109  1.166667
3        871      200.858        50.409           50.409  3.984566
4        872      103.326        62.367         1061.266  1.656742
..       ...          ...           ...              ...       ...
95       970     8475.120      4704.785         6085.952  1.801383
96       971     1497.180      1288.502         1497.180  1.161954
97       973      202.862        42.786           44.671  4.741317
98       974      148.286       141.534          151.696  1.047706
99       975     1325.415      1288.742         1474.313  1.028456

[100 rows x 5 columns]",False
1,9,0.012118050828576088,"KstestResult(statistic=np.float64(0.05125005386836419), pvalue=np.float64(0.06693799177584712), statistic_location=np.float32(-1.9017807), statistic_sign=np.int8(-1))",0.3066946958294226,"    query_id  bao_latency  best_latency  default_latency     regret
0        976    13368.730      1294.468         1381.761  10.327586
1        977    20343.100     11627.163        12435.601   1.749619
2        978        1.213         0.330          304.012   3.675758
3        980       61.720        52.240          207.195   1.181470
4        981       53.895         1.344           53.895  40.100446
..       ...          ...           ...              ...        ...
95      1088      696.368       576.922          646.356   1.207040
96      1089      688.357       688.357          688.357   1.000000
97      1090     5016.371       235.028         3514.857  21.343716
98      1091      555.345       423.583         1827.002   1.311065
99      1092        0.239         0.233            0.347   1.025751

[100 rows x 5 columns]",False
1,10,0.01724359579384327,"KstestResult(statistic=np.float64(0.07530358189992181), pvalue=np.float64(0.0013535374593312114), statistic_location=np.float32(-2.4580135), statistic_sign=np.int8(-1))",0.5343908183061845,"    query_id  bao_latency  best_latency  default_latency    regret
0       1093      147.946       124.753          133.628  1.185911
1       1094        0.199         0.051          212.662  3.901961
2       1095        1.341         0.745            0.745  1.800000
3       1096      148.397       123.245          128.164  1.204081
4       1097      877.909       770.197          864.188  1.139850
..       ...          ...           ...              ...       ...
95      1195      142.961        48.224           49.254  2.964520
96      1196     3012.960      1911.202         2291.804  1.576474
97      1197        0.169         0.169          239.270  1.000000
98      1198      124.820       124.820          657.393  1.000000
99      1199      223.238       129.277          129.277  1.726819

[100 rows x 5 columns]",False
1,11,0.02860051766037941,"KstestResult(statistic=np.float64(0.08306521282594627), pvalue=np.float64(0.0002670378532733053), statistic_location=np.float32(-1.7710092), statistic_sign=np.int8(-1))",0.5093391140351047,"    query_id  bao_latency  best_latency  default_latency    regret
0       1200        1.107         0.653           38.108  1.695253
1       1201        0.073         0.065            0.073  1.123077
2       1202     9796.637      2838.032         9796.637  3.451912
3       1203       45.177         9.084          362.903  4.973250
4       1204        0.152         0.093            0.129  1.634409
..       ...          ...           ...              ...       ...
95      1304      539.961        93.762          163.545  5.758847
96      1305      209.984        56.774           67.442  3.698594
97      1306       69.527        64.906          140.133  1.071195
98      1307      258.096       198.714          719.361  1.298831
99      1308       54.758        54.702          459.285  1.001024

[100 rows x 5 columns]",False
1,12,0.026263698935508728,"KstestResult(statistic=np.float64(0.06183046620223271), pvalue=np.float64(0.014437676224388223), statistic_location=np.float32(-2.3087997), statistic_sign=np.int8(1))",0.5700490982215409,"    query_id  bao_latency  best_latency  default_latency     regret
0       1309      620.283       582.898          606.335   1.064136
1       1310      436.877       415.824          415.824   1.050630
2       1311       89.042        89.042           89.042   1.000000
3       1312       66.646        66.102           66.102   1.008230
4       1313      972.584       549.391          568.369   1.770295
..       ...          ...           ...              ...        ...
95      1412        0.194         0.114            0.186   1.701754
96      1413     2333.190      1999.996         2209.632   1.166597
97      1414      326.763       213.228          213.228   1.532458
98      1415        2.520         0.156            2.520  16.153846
99      1416     1133.921       698.512         8265.208   1.623338

[100 rows x 5 columns]",False
1,13,0.01978132128715515,"KstestResult(statistic=np.float64(0.07567440879079779), pvalue=np.float64(0.0012489449065459784), statistic_location=np.float32(-3.5889), statistic_sign=np.int8(1))",0.3631525879599065,"    query_id  bao_latency  best_latency  default_latency    regret
0       1417        1.226         0.257            5.023  4.770428
1       1418     2087.255      2072.275         8122.004  1.007229
2       1419        0.402         0.083            0.624  4.843373
3       1420      113.643       111.089          534.020  1.022991
4       1421      292.044       200.035          624.628  1.459965
..       ...          ...           ...              ...       ...
95      1525     1331.701       526.686         1236.030  2.528453
96      1526     7920.582      1241.710         1405.049  6.378770
97      1527        0.073         0.071            0.073  1.028169
98      1528       70.808        59.953          155.919  1.181058
99      1529      373.566       271.854          558.181  1.374142

[100 rows x 5 columns]",False
1,14,0.04330632835626602,"KstestResult(statistic=np.float64(0.0653985593694213), pvalue=np.float64(0.007730359926328077), statistic_location=np.float32(-2.1949396), statistic_sign=np.int8(-1))",0.5687476901906474,"    query_id  bao_latency  best_latency  default_latency    regret
0       1530        0.076         0.071            0.111  1.070423
1       1531       36.187        36.187           36.187  1.000000
2       1532        8.982         5.626            8.982  1.596516
3       1533      199.808       122.772          232.024  1.627472
4       1534     1067.981       862.344          864.973  1.238463
..       ...          ...           ...              ...       ...
95      1635       22.560        17.296           22.560  1.304348
96      1636      516.676       482.726          541.278  1.070330
97      1637      975.558       771.261         1361.309  1.264887
98      1639        0.058         0.035            0.071  1.657143
99      1640        0.309         0.097            0.989  3.185567

[100 rows x 5 columns]",False
1,15,0.01776358298957348,"KstestResult(statistic=np.float64(0.05458621495740659), pvalue=np.float64(0.04185223222944616), statistic_location=np.float32(8.256895), statistic_sign=np.int8(-1))",0.32268424797022194,"    query_id  bao_latency  best_latency  default_latency     regret
0       1642        7.725         7.584            7.686   1.018592
1       1643      782.246       486.382          979.381   1.608296
2       1644      176.246       109.377          475.365   1.611363
3       1645      878.456       578.753          578.753   1.517843
4       1646        5.091         0.216            5.091  23.569444
..       ...          ...           ...              ...        ...
95      1745    15749.245      3398.949         3651.022   4.633563
96      1746      268.324         4.797          268.324  55.935793
97      1747        3.261         0.130            3.261  25.084615
98      1748       96.167        88.298          155.548   1.089119
99      1749        0.064         0.050            0.110   1.280000

[100 rows x 5 columns]",False
1,16,0.016870275139808655,"KstestResult(statistic=np.float64(0.060510399727878174), pvalue=np.float64(0.017819542096129744), statistic_location=np.float32(-1.8088236), statistic_sign=np.int8(1))",0.4136293631365046,"    query_id  bao_latency  best_latency  default_latency     regret
0       1750      254.067       195.010          449.157   1.302841
1       1751      591.011       129.196          129.196   4.574530
2       1752        0.074         0.074            2.363   1.000000
3       1753     7294.828      3039.182         3424.240   2.400260
4       1754      599.956        46.495           46.495  12.903667
..       ...          ...           ...              ...        ...
95      1851      587.443       396.877          550.506   1.480164
96      1852        1.878         0.076            4.811  24.710526
97      1853        0.946         0.186            0.946   5.086022
98      1854      266.825       141.892          169.085   1.880480
99      1855     3397.203      3221.756         5141.806   1.054457

[100 rows x 5 columns]",False
1,17,0.034410446882247925,"KstestResult(statistic=np.float64(0.0573294835409061), pvalue=np.float64(0.028670140363511662), statistic_location=np.float32(-3.3439212), statistic_sign=np.int8(1))",0.41910972068426366,"    query_id  bao_latency  best_latency  default_latency     regret
0       1856     2736.819      2369.999         3201.138   1.154776
1       1857    18446.561     15485.820        36286.284   1.191190
2       1858     3339.387       664.550         3339.387   5.025035
3       1861        0.121         0.090            2.266   1.344444
4       1862    16469.559       991.737         1376.264  16.606781
..       ...          ...           ...              ...        ...
95      1963        0.986         0.986            0.986   1.000000
96      1964     1975.180      1924.456         1975.180   1.026358
97      1965      679.775       187.099          679.775   3.633237
98      1967     3910.612      1584.036         1605.321   2.468765
99      1968     2343.296       140.528         1979.644  16.674940

[100 rows x 5 columns]",False
1,18,0.015023237094283104,"KstestResult(statistic=np.float64(0.08443173493070989), pvalue=np.float64(0.00020742174093485045), statistic_location=np.float32(-2.0195198), statistic_sign=np.int8(-1))",0.34446401179527053,"    query_id  bao_latency  best_latency  default_latency       regret
0       1969    40095.959     37372.373        44222.331     1.072877
1       1970        0.085         0.066            1.174     1.287879
2       1971     3104.299      1583.045         1970.024     1.960967
3       1972      582.932       224.522          765.279     2.596325
4       1973      127.965       117.160          117.160     1.092224
..       ...          ...           ...              ...          ...
95      2077    17858.760      8183.780        12250.051     2.182214
96      2078      161.716       139.725          139.725     1.157388
97      2079      183.472         0.093            0.099  1972.817204
98      2080      372.799       323.798          333.143     1.151332
99      2081      137.770       114.680          115.225     1.201343

[100 rows x 5 columns]",False
1,19,0.019630994647741318,"KstestResult(statistic=np.float64(0.05061939940422692), pvalue=np.float64(0.07136507191898372), statistic_location=np.float32(-3.1532984), statistic_sign=np.int8(1))",0.270222259655776,"    query_id  bao_latency  best_latency  default_latency    regret
0       2082       51.572        49.305          101.448  1.045979
1       2083     3883.182      1555.021         5913.346  2.497189
2       2084      263.561       195.418          213.074  1.348704
3       2085      542.746       540.268          575.816  1.004587
4       2086       43.729        34.831           34.831  1.255462
..       ...          ...           ...              ...       ...
95      2183      162.733        49.413          169.428  3.293324
96      2184      214.078        54.429           56.049  3.933161
97      2185     5529.856      2332.156         3637.614  2.371135
98      2186      169.518        39.958          189.188  4.242405
99      2187    15328.462     15328.462        15328.462  1.000000

[100 rows x 5 columns]",False
1,20,0.016338542103767395,"KstestResult(statistic=np.float64(0.047875822391564224), pvalue=np.float64(0.10343846022998875), statistic_location=np.float32(2.5420804), statistic_sign=np.int8(-1))",0.3162145354438194,"    query_id  bao_latency  best_latency  default_latency    regret
0       2188       50.816        43.584         1109.993  1.165932
1       2189       50.934        50.757          611.878  1.003487
2       2190      882.179       189.468          362.951  4.656084
3       2191     3164.745      1884.464         3237.782  1.679387
4       2192       12.603         4.959           60.036  2.541440
..       ...          ...           ...              ...       ...
95      2296     1898.395      1064.475         5849.980  1.783410
96      2297       60.977        52.203          252.029  1.168075
97      2298        6.813         6.589           25.689  1.033996
98      2299      476.009       355.366          476.009  1.339489
99      2300        1.118         0.120            2.512  9.316667

[100 rows x 5 columns]",False
1,21,0.040320686995983124,"KstestResult(statistic=np.float64(0.059608629100639805), pvalue=np.float64(0.020512969821556138), statistic_location=np.float32(2.5444336), statistic_sign=np.int8(-1))",0.5361897787831686,"    query_id  bao_latency  best_latency  default_latency     regret
0       2301      223.388       199.675          199.675   1.118758
1       2302        0.277         0.098           40.524   2.826531
2       2303    44323.260      1150.995         1325.366  38.508647
3       2304        0.059         0.055            0.134   1.072727
4       2305        0.166         0.077           55.630   2.155844
..       ...          ...           ...              ...        ...
95      2407        0.061         0.061            0.092   1.000000
96      2408      133.266       124.538         3216.453   1.070083
97      2410     9248.877      8838.983         9248.877   1.046373
98      2411      418.022       166.180          313.279   2.515477
99      2412    31713.725      1193.993         1289.955  26.561064

[100 rows x 5 columns]",False
1,22,0.03517155349254608,"KstestResult(statistic=np.float64(0.09664543312225732), pvalue=np.float64(1.1430235219457934e-05), statistic_location=np.float32(-2.6361), statistic_sign=np.int8(1))",0.4041555158814507,"    query_id  bao_latency  best_latency  default_latency      regret
0       2414        0.207         0.087            0.087    2.379310
1       2416      446.877       405.447          414.539    1.102184
2       2417     5848.875      5350.798        35438.688    1.093085
3       2418     5517.619      2745.343         6892.147    2.009810
4       2419     5907.412        49.431           50.259  119.508244
..       ...          ...           ...              ...         ...
95      2521    14900.987     13573.417        14900.987    1.097807
96      2522        0.065         0.042            0.065    1.547619
97      2523        0.586         0.193            0.834    3.036269
98      2525        0.100         0.076          434.311    1.315789
99      2526        0.102         0.102            0.553    1.000000

[100 rows x 5 columns]",False
1,23,0.024393020197749138,"KstestResult(statistic=np.float64(0.10754998877526532), pvalue=np.float64(0.0004169801245188874), statistic_location=np.float32(-2.608433), statistic_sign=np.int8(-1))",0.6000075433111556,"    query_id  bao_latency  best_latency  default_latency     regret
0       2527       52.885        50.108          242.126   1.055420
1       2528     1073.740       705.912          705.912   1.521068
2       2529     1799.542      1053.647         1162.004   1.707917
3       2530       60.759        60.759           60.759   1.000000
4       2531     1967.703      1507.124         1507.124   1.305601
5       2532      120.007        78.852          167.839   1.521927
6       2533        0.374         0.299            1.000   1.250836
7       2534        0.468         0.331           11.050   1.413897
8       2535        0.323         0.299            0.437   1.080268
9       2536     1917.127      1656.217         1809.926   1.157534
10      2537     1735.514      1309.471         1694.821   1.325355
11      2538      120.813       116.251          145.679   1.039243
12      2539      195.065        59.628           64.366   3.271366
13      2540      802.170       773.446          802.170   1.037138
14      2541     1326.428      1217.855         3309.322   1.089151
15      2542       22.869         9.817           22.869   2.329530
16      2543        0.123         0.083            0.123   1.481928
17      2544      259.290       255.760          311.426   1.013802
18      2545     2357.267      2223.666         2410.180   1.060081
19      2546     2591.377       869.000          869.000   2.982022
20      2547       35.106        35.106           98.914   1.000000
21      2548     3934.745      3393.097         3934.745   1.159632
22      2549        0.224         0.067            7.470   3.343284
23      2550        0.010         0.007            0.010   1.428571
24      2551      328.964       192.180          271.975   1.711749
25      2552      110.565        92.466          100.547   1.195737
26      2553      210.138        51.707         4583.443   4.064015
27      2554       14.023        14.023         1668.021   1.000000
28      2555       93.362        59.671          143.008   1.564613
29      2556        7.292         3.296          220.690   2.212379
30      2557        0.091         0.037            0.091   2.459459
31      2559      909.546       897.080          897.080   1.013896
32      2560      137.313       111.589          162.946   1.230525
33      2561        0.232         0.165          159.401   1.406061
34      2562     2813.506       508.171         2813.506   5.536534
35      2563        0.541         0.354          188.877   1.528249
36      2564      183.560       169.186          235.633   1.084960
37      2565        0.088         0.081            0.088   1.086420
38      2567    17973.498       203.492          203.492  88.325330",False
2,0,0.07954320311546326,"KstestResult(statistic=np.float64(0.07098821949581884), pvalue=np.float64(0.0029477382469936704), statistic_location=np.float32(-3.1842227), statistic_sign=np.int8(-1))",0.5135174959008455,"    query_id  bao_latency  best_latency  default_latency    regret
0          1      374.589       374.589          374.589  1.000000
1          2       48.971        48.971           48.971  1.000000
2          3      302.328       176.568          176.568  1.712247
3          4      157.562        89.703           89.703  1.756485
4          5        0.232         0.060            0.232  3.866667
..       ...          ...           ...              ...       ...
95       102      730.228       689.220          861.195  1.059499
96       103     1106.195      1037.111         1321.644  1.066612
97       104      230.305       210.249          230.305  1.095392
98       105        0.082         0.067            0.082  1.223881
99       106        0.413         0.343            0.413  1.204082

[100 rows x 5 columns]",False
2,1,0.040976300835609436,"KstestResult(statistic=np.float64(0.07118448885090702), pvalue=np.float64(0.0027749169462903496), statistic_location=np.float32(4.3455153), statistic_sign=np.int8(1))",0.36080541783638476,"    query_id  bao_latency  best_latency  default_latency     regret
0        107        0.043         0.029            0.043   1.482759
1        108     6852.802        79.822          213.983  85.851044
2        110        0.066         0.049            3.096   1.346939
3        111        0.107         0.072            0.951   1.486111
4        112      768.127       768.127         2605.613   1.000000
..       ...          ...           ...              ...        ...
95       217     2943.277      2301.235         4848.924   1.278999
96       218      234.366       186.477          216.683   1.256809
97       219      432.473       160.525          252.728   2.694116
98       220      146.223       137.549          146.223   1.063061
99       221      685.191       596.009          632.583   1.149632

[100 rows x 5 columns]",False
2,2,0.0,"KstestResult(statistic=np.float64(0.0), pvalue=np.float64(1.0), statistic_location=np.float32(-8.714368), statistic_sign=np.int8(1))",0.0,"    query_id  bao_latency  best_latency  default_latency    regret
0        222       88.392        88.392          733.865  1.000000
1        223        0.452         0.365           40.266  1.238356
2        224      144.331       111.100          144.331  1.299109
3        225        0.527         0.227            0.320  2.321586
4        226       26.556        19.370          133.711  1.370986
..       ...          ...           ...              ...       ...
95       328        0.321         0.207            0.321  1.550725
96       329     6903.084      6718.033        11034.335  1.027545
97       330        1.170         1.165           35.939  1.004292
98       331        0.089         0.089            0.108  1.000000
99       332      159.016       139.778          327.332  1.137633

[100 rows x 5 columns]",True
2,3,0.02841819077730179,"KstestResult(statistic=np.float64(0.05625935526267752), pvalue=np.float64(0.0327550854989686), statistic_location=np.float32(1.5242765), statistic_sign=np.int8(1))",0.297662073504286,"    query_id  bao_latency  best_latency  default_latency    regret
0        333       47.223        44.927           47.223  1.051105
1        335       45.687        43.940           43.940  1.039759
2        336      567.921       562.478          612.836  1.009677
3        337     2171.027      2165.367         2248.249  1.002614
4        338     3852.639      3852.639        12889.119  1.000000
..       ...          ...           ...              ...       ...
95       437       36.394        19.796          299.069  1.838452
96       438     1972.702      1841.490         2047.213  1.071253
97       439      160.846       156.301         1297.617  1.029079
98       440      361.449       309.676          309.676  1.167184
99       441        0.061         0.061            1.008  1.000000

[100 rows x 5 columns]",False
2,4,0.03116055577993393,"KstestResult(statistic=np.float64(0.04021227269434181), pvalue=np.float64(0.23974111023173092), statistic_location=np.float32(5.2059307), statistic_sign=np.int8(1))",0.18364249505332045,"    query_id  bao_latency  best_latency  default_latency    regret
0        444      371.099       262.806          713.669  1.412064
1        446       67.049        61.816          291.441  1.084654
2        447      540.587       226.224          226.224  2.389609
3        449     1313.756      1181.678         1313.756  1.111772
4        450     1327.353      1327.353         3624.250  1.000000
..       ...          ...           ...              ...       ...
95       547       46.404        41.844           46.404  1.108976
96       548     2181.949      1429.309         4513.298  1.526576
97       549        0.138         0.048            0.080  2.875000
98       550     2329.676       684.706          978.039  3.402447
99       551       47.507        41.761           44.014  1.137592

[100 rows x 5 columns]",False
2,5,0.03162536770105362,"KstestResult(statistic=np.float64(0.057479408914728684), pvalue=np.float64(0.02710544541735212), statistic_location=np.float32(-0.42204094), statistic_sign=np.int8(-1))",0.3311112307575207,"    query_id  bao_latency  best_latency  default_latency       regret
0        552      870.390       794.171          929.726     1.095973
1        553     1124.216      1066.394         1123.571     1.054222
2        554       94.038        72.056           72.056     1.305068
3        555        8.623         0.298            2.559    28.936242
4        556       97.341         0.082            0.096  1187.085366
..       ...          ...           ...              ...          ...
95       650    32869.809     23839.166        46578.137     1.378815
96       651      744.788       635.928          867.117     1.171183
97       654        0.101         0.078            2.445     1.294872
98       655      785.332       535.437         1010.535     1.466712
99       656     1947.361      1905.820         2910.784     1.021797

[100 rows x 5 columns]",False
2,6,0.03398704156279564,"KstestResult(statistic=np.float64(0.044314026619862515), pvalue=np.float64(0.15494367312565813), statistic_location=np.float32(1.0269346), statistic_sign=np.int8(1))",0.1505264290512977,"    query_id  bao_latency  best_latency  default_latency    regret
0        657     1468.913      1379.164         5028.581  1.065075
1        658      479.086        94.451          479.086  5.072323
2        659      284.954       188.245          553.828  1.513740
3        660     1466.501      1466.501         1745.093  1.000000
4        661        0.104         0.076         1672.826  1.368421
..       ...          ...           ...              ...       ...
95       758     1358.668      1130.330         1358.668  1.202010
96       759        0.048         0.032            0.048  1.500000
97       760     5807.259      5306.703         7483.387  1.094325
98       761      869.350       520.699         1136.807  1.669583
99       762        0.213         0.172         2065.654  1.238372

[100 rows x 5 columns]",False
2,7,0.03661315143108368,"KstestResult(statistic=np.float64(0.0828861061419201), pvalue=np.float64(0.0002612584949268592), statistic_location=np.float32(-0.111272335), statistic_sign=np.int8(-1))",0.35842575448996694,"    query_id  bao_latency  best_latency  default_latency      regret
0        763      467.718       361.508          591.025    1.293797
1        764      140.955       140.955         1794.305    1.000000
2        765        0.065         0.041            0.055    1.585366
3        766      632.225       599.418          707.691    1.054731
4        767        1.816         1.773            1.816    1.024253
..       ...          ...           ...              ...         ...
95       861      165.606        88.413          190.104    1.873096
96       862     1423.039        12.064         1423.039  117.957477
97       863     2897.262      2563.737         7219.226    1.130093
98       864        0.222         0.197            0.251    1.126904
99       865      287.981       188.801          203.138    1.525315

[100 rows x 5 columns]",False
2,8,0.032554954290390015,"KstestResult(statistic=np.float64(0.05275321177712269), pvalue=np.float64(0.05335218627642261), statistic_location=np.float32(-0.08494234), statistic_sign=np.int8(-1))",0.3131625269929815,"    query_id  bao_latency  best_latency  default_latency     regret
0        867     1518.388      1518.388         1759.727   1.000000
1        869     1012.931       842.546         1012.931   1.202226
2        870        0.084         0.084            0.109   1.000000
3        871      200.858        50.409           50.409   3.984566
4        872      187.415        62.367         1061.266   3.005035
..       ...          ...           ...              ...        ...
95       970     4704.785      4704.785         6085.952   1.000000
96       971    58002.240      1288.502         1497.180  45.015250
97       973       44.671        42.786           44.671   1.044056
98       974      141.534       141.534          151.696   1.000000
99       975     1474.313      1288.742         1474.313   1.143994

[100 rows x 5 columns]",False
2,9,0.03908487409353256,"KstestResult(statistic=np.float64(0.05570408350119026), pvalue=np.float64(0.03573958760058772), statistic_location=np.float32(3.2556872), statistic_sign=np.int8(1))",0.23196124343115906,"    query_id  bao_latency  best_latency  default_latency     regret
0        976     8511.685      1294.468         1381.761   6.575431
1        977    12102.342     11627.163        12435.601   1.040868
2        978        2.709         0.330          304.012   8.209091
3        980     4000.353        52.240          207.195  76.576436
4        981       53.895         1.344           53.895  40.100446
..       ...          ...           ...              ...        ...
95      1088      696.368       576.922          646.356   1.207040
96      1089      791.745       688.357          688.357   1.150195
97      1090     5090.951       235.028         3514.857  21.661040
98      1091     1883.851       423.583         1827.002   4.447419
99      1092        0.304         0.233            0.347   1.304721

[100 rows x 5 columns]",False
2,10,0.041778191924095154,"KstestResult(statistic=np.float64(0.07857315891472869), pvalue=np.float64(0.0006619645488162202), statistic_location=np.float32(1.9667492), statistic_sign=np.int8(1))",0.37316489336622316,"    query_id  bao_latency  best_latency  default_latency    regret
0       1093      147.946       124.753          133.628  1.185911
1       1094        0.168         0.051          212.662  3.294118
2       1095        0.745         0.745            0.745  1.000000
3       1096      148.397       123.245          128.164  1.204081
4       1097      814.625       770.197          864.188  1.057684
..       ...          ...           ...              ...       ...
95      1195      148.283        48.224           49.254  3.074880
96      1196     1911.202      1911.202         2291.804  1.000000
97      1197        0.169         0.169          239.270  1.000000
98      1198      639.729       124.820          657.393  5.125212
99      1199      132.093       129.277          129.277  1.021783

[100 rows x 5 columns]",False
2,11,0.047653939574956894,"KstestResult(statistic=np.float64(0.04112837136457176), pvalue=np.float64(0.21903132893756008), statistic_location=np.float32(2.7675676), statistic_sign=np.int8(1))",0.19941334648905992,"    query_id  bao_latency  best_latency  default_latency     regret
0       1200       12.195         0.653           38.108  18.675345
1       1201        0.068         0.065            0.073   1.046154
2       1202    20417.549      2838.032         9796.637   7.194263
3       1203       14.007         9.084          362.903   1.541942
4       1204        0.105         0.093            0.129   1.129032
..       ...          ...           ...              ...        ...
95      1304       98.946        93.762          163.545   1.055289
96      1305      129.499        56.774           67.442   2.280956
97      1306       69.527        64.906          140.133   1.071195
98      1307      719.361       198.714          719.361   3.620082
99      1308      598.271        54.702          459.285  10.936913

[100 rows x 5 columns]",False
2,12,0.053416118025779724,"KstestResult(statistic=np.float64(0.10609892425825132), pvalue=np.float64(9.84186130999717e-07), statistic_location=np.float32(-0.74664974), statistic_sign=np.int8(-1))",0.6167175520306831,"    query_id  bao_latency  best_latency  default_latency     regret
0       1309      983.254       582.898          606.335   1.686837
1       1310      806.350       415.824          415.824   1.939162
2       1311       93.161        89.042           89.042   1.046259
3       1312       66.102        66.102           66.102   1.000000
4       1313      972.584       549.391          568.369   1.770295
..       ...          ...           ...              ...        ...
95      1412        0.122         0.114            0.186   1.070175
96      1413     2209.632      1999.996         2209.632   1.104818
97      1414      326.763       213.228          213.228   1.532458
98      1415        2.520         0.156            2.520  16.153846
99      1416     3343.830       698.512         8265.208   4.787076

[100 rows x 5 columns]",False
2,13,0.017093747854232788,"KstestResult(statistic=np.float64(0.06022786184350966), pvalue=np.float64(0.01813529884623978), statistic_location=np.float32(2.7192655), statistic_sign=np.int8(-1))",0.27422808626639367,"    query_id  bao_latency  best_latency  default_latency     regret
0       1417        5.023         0.257            5.023  19.544747
1       1418    20050.574      2072.275         8122.004   9.675634
2       1419        0.402         0.083            0.624   4.843373
3       1420      113.643       111.089          534.020   1.022991
4       1421      631.661       200.035          624.628   3.157752
..       ...          ...           ...              ...        ...
95      1525     1306.741       526.686         1236.030   2.481063
96      1526     1405.049      1241.710         1405.049   1.131544
97      1527        0.100         0.071            0.073   1.408451
98      1528       59.953        59.953          155.919   1.000000
99      1529      373.566       271.854          558.181   1.374142

[100 rows x 5 columns]",False
2,14,0.024134237319231033,"KstestResult(statistic=np.float64(0.04730501874294865), pvalue=np.float64(0.10801044092797796), statistic_location=np.float32(1.2645345), statistic_sign=np.int8(1))",0.3491773923216426,"    query_id  bao_latency  best_latency  default_latency    regret
0       1530        0.071         0.071            0.111  1.000000
1       1531       36.187        36.187           36.187  1.000000
2       1532       11.650         5.626            8.982  2.070743
3       1533      194.326       122.772          232.024  1.582820
4       1534     1008.763       862.344          864.973  1.169792
..       ...          ...           ...              ...       ...
95      1635      146.091        17.296           22.560  8.446519
96      1636      541.278       482.726          541.278  1.121294
97      1637      783.080       771.261         1361.309  1.015324
98      1639        0.046         0.035            0.071  1.314286
99      1640        0.309         0.097            0.989  3.185567

[100 rows x 5 columns]",False
2,15,0.023485075682401657,"KstestResult(statistic=np.float64(0.03387615053646315), pvalue=np.float64(0.4380689737229244), statistic_location=np.float32(3.1716037), statistic_sign=np.int8(-1))",0.20327364357763109,"    query_id  bao_latency  best_latency  default_latency     regret
0       1642        7.686         7.584            7.686   1.013449
1       1643      810.662       486.382          979.381   1.666719
2       1644      158.028       109.377          475.365   1.444801
3       1645      739.615       578.753          578.753   1.277946
4       1646        0.216         0.216            5.091   1.000000
..       ...          ...           ...              ...        ...
95      1745    15991.359      3398.949         3651.022   4.704795
96      1746      196.754         4.797          268.324  41.016052
97      1747        0.289         0.130            3.261   2.223077
98      1748       96.167        88.298          155.548   1.089119
99      1749        0.091         0.050            0.110   1.820000

[100 rows x 5 columns]",False
2,16,0.048141881823539734,"KstestResult(statistic=np.float64(0.13116060705317176), pvalue=np.float64(4.263119770483651e-10), statistic_location=np.float32(-0.66273046), statistic_sign=np.int8(-1))",0.6651979312012715,"    query_id  bao_latency  best_latency  default_latency     regret
0       1750      449.157       195.010          449.157   2.303251
1       1751      143.067       129.196          129.196   1.107364
2       1752        2.363         0.074            2.363  31.932432
3       1753     3039.182      3039.182         3424.240   1.000000
4       1754      209.739        46.495           46.495   4.511001
..       ...          ...           ...              ...        ...
95      1851      506.422       396.877          550.506   1.276018
96      1852        2.504         0.076            4.811  32.947368
97      1853        0.946         0.186            0.946   5.086022
98      1854      169.085       141.892          169.085   1.191646
99      1855     3397.203      3221.756         5141.806   1.054457

[100 rows x 5 columns]",False
2,17,0.03027656301856041,"KstestResult(statistic=np.float64(0.0408044924616981), pvalue=np.float64(0.22815145185667607), statistic_location=np.float32(-6.7551913), statistic_sign=np.int8(1))",0.18184844908431683,"    query_id  bao_latency  best_latency  default_latency     regret
0       1856     2404.211      2369.999         3201.138   1.014435
1       1857    15532.149     15485.820        36286.284   1.002992
2       1858     1049.940       664.550         3339.387   1.579926
3       1861        0.121         0.090            2.266   1.344444
4       1862     1516.279       991.737         1376.264   1.528912
..       ...          ...           ...              ...        ...
95      1963        0.986         0.986            0.986   1.000000
96      1964     1937.796      1924.456         1975.180   1.006932
97      1965      231.289       187.099          679.775   1.236185
98      1967     3854.076      1584.036         1605.321   2.433073
99      1968     2343.296       140.528         1979.644  16.674940

[100 rows x 5 columns]",False
2,18,0.040261171758174896,"KstestResult(statistic=np.float64(0.04651773179515351), pvalue=np.float64(0.11996454373138692), statistic_location=np.float32(4.3650913), statistic_sign=np.int8(1))",0.2410147692202096,"    query_id  bao_latency  best_latency  default_latency       regret
0       1969    37372.373     37372.373        44222.331     1.000000
1       1970        1.609         0.066            1.174    24.378788
2       1971     1970.024      1583.045         1970.024     1.244452
3       1972      582.932       224.522          765.279     2.596325
4       1973      127.965       117.160          117.160     1.092224
..       ...          ...           ...              ...          ...
95      2077    17858.760      8183.780        12250.051     2.182214
96      2078      154.357       139.725          139.725     1.104720
97      2079      552.697         0.093            0.099  5942.978495
98      2080      504.883       323.798          333.143     1.559253
99      2081      175.652       114.680          115.225     1.531671

[100 rows x 5 columns]",False
2,19,0.02024681866168976,"KstestResult(statistic=np.float64(0.051995942910961386), pvalue=np.float64(0.058601277164863644), statistic_location=np.float32(-0.8764539), statistic_sign=np.int8(-1))",0.2464116634855683,"    query_id  bao_latency  best_latency  default_latency    regret
0       2082       51.572        49.305          101.448  1.045979
1       2083     3883.182      1555.021         5913.346  2.497189
2       2084      249.023       195.418          213.074  1.274309
3       2085      575.816       540.268          575.816  1.065797
4       2086       34.831        34.831           34.831  1.000000
..       ...          ...           ...              ...       ...
95      2183      162.733        49.413          169.428  3.293324
96      2184       56.049        54.429           56.049  1.029764
97      2185     2500.103      2332.156         3637.614  1.072014
98      2186      169.518        39.958          189.188  4.242405
99      2187    15328.462     15328.462        15328.462  1.000000

[100 rows x 5 columns]",False
2,20,0.04222656041383743,"KstestResult(statistic=np.float64(0.06870837427666776), pvalue=np.float64(0.004354794875036381), statistic_location=np.float32(0.12393451), statistic_sign=np.int8(-1))",0.36312681060606644,"    query_id  bao_latency  best_latency  default_latency     regret
0       2188     1109.993        43.584         1109.993  25.467901
1       2189       50.934        50.757          611.878   1.003487
2       2190      362.951       189.468          362.951   1.915632
3       2191     1884.464      1884.464         3237.782   1.000000
4       2192      161.088         4.959           60.036  32.483969
..       ...          ...           ...              ...        ...
95      2296     1909.927      1064.475         5849.980   1.794243
96      2297      252.029        52.203          252.029   4.827864
97      2298       25.689         6.589           25.689   3.898771
98      2299      355.366       355.366          476.009   1.000000
99      2300        0.210         0.120            2.512   1.750000

[100 rows x 5 columns]",False
2,21,0.02704646810889244,"KstestResult(statistic=np.float64(0.04094697383266004), pvalue=np.float64(0.22311969240429114), statistic_location=np.float32(-1.0469663), statistic_sign=np.int8(1))",0.2500519608307662,"    query_id  bao_latency  best_latency  default_latency    regret
0       2301      235.660       199.675          199.675  1.180218
1       2302        0.098         0.098           40.524  1.000000
2       2303     1247.602      1150.995         1325.366  1.083933
3       2304        0.059         0.055            0.134  1.072727
4       2305        0.129         0.077           55.630  1.675325
..       ...          ...           ...              ...       ...
95      2407        0.084         0.061            0.092  1.377049
96      2408      215.791       124.538         3216.453  1.732732
97      2410    20625.344      8838.983         9248.877  2.333452
98      2411      418.022       166.180          313.279  2.515477
99      2412     1382.990      1193.993         1289.955  1.158290

[100 rows x 5 columns]",False
2,22,0.029844358563423157,"KstestResult(statistic=np.float64(0.0976230612602488), pvalue=np.float64(8.489942321115743e-06), statistic_location=np.float32(0.30320597), statistic_sign=np.int8(-1))",0.47994317128861164,"    query_id  bao_latency  best_latency  default_latency       regret
0       2414        0.227         0.087            0.087     2.609195
1       2416      538.851       405.447          414.539     1.329029
2       2417    25961.051      5350.798        35438.688     4.851809
3       2418     3518.524      2745.343         6892.147     1.281634
4       2419     1611.027        49.431           50.259    32.591430
..       ...          ...           ...              ...          ...
95      2521    22695.879     13573.417        14900.987     1.672083
96      2522        0.065         0.042            0.065     1.547619
97      2523        0.586         0.193            0.834     3.036269
98      2525      192.677         0.076          434.311  2535.223684
99      2526      147.040         0.102            0.553  1441.568627

[100 rows x 5 columns]",False
2,23,0.04277688264846802,"KstestResult(statistic=np.float64(0.08091948729756697), pvalue=np.float64(0.016113449041044097), statistic_location=np.float32(1.5924845), statistic_sign=np.int8(1))",0.37202353720855647,"    query_id  bao_latency  best_latency  default_latency       regret
0       2527       58.823        50.108          242.126     1.173924
1       2528      896.766       705.912          705.912     1.270365
2       2529     1816.989      1053.647         1162.004     1.724476
3       2530       60.759        60.759           60.759     1.000000
4       2531     1998.128      1507.124         1507.124     1.325789
5       2532      167.839        78.852          167.839     2.128532
6       2533        0.388         0.299            1.000     1.297659
7       2534       11.050         0.331           11.050    33.383686
8       2535        0.887         0.299            0.437     2.966555
9       2536     1668.193      1656.217         1809.926     1.007231
10      2537     1735.514      1309.471         1694.821     1.325355
11      2538      120.813       116.251          145.679     1.039243
12      2539     4434.440        59.628           64.366    74.368418
13      2540      802.170       773.446          802.170     1.037138
14      2541     1606.843      1217.855         3309.322     1.319404
15      2542       10.446         9.817           22.869     1.064073
16      2543        0.083         0.083            0.123     1.000000
17      2544      259.290       255.760          311.426     1.013802
18      2545     2357.267      2223.666         2410.180     1.060081
19      2546     1770.562       869.000          869.000     2.037471
20      2547       98.914        35.106           98.914     2.817581
21      2548    19074.123      3393.097         3934.745     5.621449
22      2549      197.405         0.067            7.470  2946.343284
23      2550        0.010         0.007            0.010     1.428571
24      2551      217.748       192.180          271.975     1.133042
25      2552      110.565        92.466          100.547     1.195737
26      2553    13560.222        51.707         4583.443   262.251185
27      2554       18.410        14.023         1668.021     1.312843
28      2555       65.797        59.671          143.008     1.102663
29      2556      220.690         3.296          220.690    66.956917
30      2557        0.067         0.037            0.091     1.810811
31      2559     1052.270       897.080          897.080     1.172995
32      2560      113.438       111.589          162.946     1.016570
33      2561        0.195         0.165          159.401     1.181818
34      2562      588.172       508.171         2813.506     1.157429
35      2563        0.541         0.354          188.877     1.528249
36      2564      183.560       169.186          235.633     1.084960
37      2565        0.088         0.081            0.088     1.086420
38      2567      203.492       203.492          203.492     1.000000",False
3,0,0.08443060517311096,"KstestResult(statistic=np.float64(0.15163846277457077), pvalue=np.float64(3.150799645709114e-13), statistic_location=np.float32(-1.3159566), statistic_sign=np.int8(-1))",0.9433850338813288,"    query_id  bao_latency  best_latency  default_latency     regret
0          1     8115.843       374.589          374.589  21.665994
1          2       48.971        48.971           48.971   1.000000
2          3      176.568       176.568          176.568   1.000000
3          4      211.360        89.703           89.703   2.356220
4          5        0.232         0.060            0.232   3.866667
..       ...          ...           ...              ...        ...
95       102     2640.065       689.220          861.195   3.830511
96       103     1106.195      1037.111         1321.644   1.066612
97       104      295.120       210.249          230.305   1.403669
98       105        0.082         0.067            0.082   1.223881
99       106        0.755         0.343            0.413   2.201166

[100 rows x 5 columns]",False
3,1,0.03519516438245773,"KstestResult(statistic=np.float64(0.08731188391637403), pvalue=np.float64(0.0001081900573066046), statistic_location=np.float32(-0.778636), statistic_sign=np.int8(-1))",0.5623826464972157,"    query_id  bao_latency  best_latency  default_latency     regret
0        107        0.043         0.029            0.043   1.482759
1        108      198.549        79.822          213.983   2.487397
2        110        3.096         0.049            3.096  63.183673
3        111        0.078         0.072            0.951   1.083333
4        112     1574.134       768.127         2605.613   2.049315
..       ...          ...           ...              ...        ...
95       217     5407.677      2301.235         4848.924   2.349902
96       218      216.683       186.477          216.683   1.161982
97       219      176.279       160.525          252.728   1.098140
98       220      168.931       137.549          146.223   1.228151
99       221      685.191       596.009          632.583   1.149632

[100 rows x 5 columns]",False
3,2,0.018023472279310226,"KstestResult(statistic=np.float64(0.058740705584559405), pvalue=np.float64(0.022660401739835842), statistic_location=np.float32(-5.5186133), statistic_sign=np.int8(-1))",0.34121264480339536,"    query_id  bao_latency  best_latency  default_latency     regret
0        222       92.606        88.392          733.865   1.047674
1        223        0.398         0.365           40.266   1.090411
2        224      149.262       111.100          144.331   1.343492
3        225        0.527         0.227            0.320   2.321586
4        226       26.556        19.370          133.711   1.370986
..       ...          ...           ...              ...        ...
95       328        0.504         0.207            0.321   2.434783
96       329     6718.033      6718.033        11034.335   1.000000
97       330       36.127         1.165           35.939  31.010300
98       331        0.096         0.089            0.108   1.078652
99       332      214.819       139.778          327.332   1.536858

[100 rows x 5 columns]",False
3,3,0.0,"KstestResult(statistic=np.float64(0.0), pvalue=np.float64(1.0), statistic_location=np.float32(-9.284298), statistic_sign=np.int8(1))",0.0,"    query_id  bao_latency  best_latency  default_latency    regret
0        333       47.223        44.927           47.223  1.051105
1        335       82.767        43.940           43.940  1.883637
2        336      602.835       562.478          612.836  1.071749
3        337     2171.027      2165.367         2248.249  1.002614
4        338     3852.639      3852.639        12889.119  1.000000
..       ...          ...           ...              ...       ...
95       437       36.394        19.796          299.069  1.838452
96       438     1849.978      1841.490         2047.213  1.004609
97       439      160.846       156.301         1297.617  1.029079
98       440      361.449       309.676          309.676  1.167184
99       441        0.089         0.061            1.008  1.459016

[100 rows x 5 columns]",True
3,4,0.030674779787659645,"KstestResult(statistic=np.float64(0.08114604576553842), pvalue=np.float64(0.0004045862406895224), statistic_location=np.float32(0.1558075), statistic_sign=np.int8(-1))",0.47169789887621016,"    query_id  bao_latency  best_latency  default_latency     regret
0        444      355.911       262.806          713.669   1.354273
1        446       67.049        61.816          291.441   1.084654
2        447      338.538       226.224          226.224   1.496473
3        449     1287.196      1181.678         1313.756   1.089295
4        450     4169.383      1327.353         3624.250   3.141126
..       ...          ...           ...              ...        ...
95       547      753.985        41.844           46.404  18.018951
96       548     1429.309      1429.309         4513.298   1.000000
97       549        0.052         0.048            0.080   1.083333
98       550     1358.017       684.706          978.039   1.983358
99       551       47.507        41.761           44.014   1.137592

[100 rows x 5 columns]",False
3,5,0.036261942237615585,"KstestResult(statistic=np.float64(0.09741709183673469), pvalue=np.float64(9.78495016125596e-06), statistic_location=np.float32(-0.007044792), statistic_sign=np.int8(-1))",0.5583629086999635,"    query_id  bao_latency  best_latency  default_latency     regret
0        552      870.390       794.171          929.726   1.095973
1        553     1154.947      1066.394         1123.571   1.083040
2        554       72.056        72.056           72.056   1.000000
3        555        0.691         0.298            2.559   2.318792
4        556        0.107         0.082            0.096   1.304878
..       ...          ...           ...              ...        ...
95       650    32869.809     23839.166        46578.137   1.378815
96       651     1107.122       635.928          867.117   1.740955
97       654        2.445         0.078            2.445  31.346154
98       655      785.332       535.437         1010.535   1.466712
99       656     2910.784      1905.820         2910.784   1.527313

[100 rows x 5 columns]",False
3,6,0.044820599257946014,"KstestResult(statistic=np.float64(0.07872866127583109), pvalue=np.float64(0.0006790463935831065), statistic_location=np.float32(0.05510664), statistic_sign=np.int8(-1))",0.4065152862709261,"    query_id  bao_latency  best_latency  default_latency    regret
0        657     1426.724      1379.164         5028.581  1.034485
1        658      145.601        94.451          479.086  1.541551
2        659      321.251       188.245          553.828  1.706558
3        660     1466.501      1466.501         1745.093  1.000000
4        661        0.427         0.076         1672.826  5.618421
..       ...          ...           ...              ...       ...
95       758     1130.330      1130.330         1358.668  1.000000
96       759        0.048         0.032            0.048  1.500000
97       760     7483.387      5306.703         7483.387  1.410176
98       761      698.908       520.699         1136.807  1.342250
99       762        0.213         0.172         2065.654  1.238372

[100 rows x 5 columns]",False
3,7,0.019798189401626587,"KstestResult(statistic=np.float64(0.0544851973423402), pvalue=np.float64(0.04241266429746363), statistic_location=np.float32(0.43040705), statistic_sign=np.int8(-1))",0.44276012087284916,"    query_id  bao_latency  best_latency  default_latency      regret
0        763      459.811       361.508          591.025    1.271925
1        764      154.340       140.955         1794.305    1.094959
2        765        0.041         0.041            0.055    1.000000
3        766     1109.142       599.418          707.691    1.850365
4        767        2.583         1.773            1.816    1.456853
..       ...          ...           ...              ...         ...
95       861      160.509        88.413          190.104    1.815446
96       862     1423.039        12.064         1423.039  117.957477
97       863     2870.188      2563.737         7219.226    1.119533
98       864        0.229         0.197            0.251    1.162437
99       865      287.981       188.801          203.138    1.525315

[100 rows x 5 columns]",False
3,8,0.03751198202371597,"KstestResult(statistic=np.float64(0.08389654164302052), pvalue=np.float64(0.00023015430603178853), statistic_location=np.float32(0.86238194), statistic_sign=np.int8(-1))",0.49920077300724397,"    query_id  bao_latency  best_latency  default_latency     regret
0        867     1866.342      1518.388         1759.727   1.229160
1        869     1012.931       842.546         1012.931   1.202226
2        870        0.109         0.084            0.109   1.297619
3        871      200.858        50.409           50.409   3.984566
4        872     1061.266        62.367         1061.266  17.016467
..       ...          ...           ...              ...        ...
95       970     4704.785      4704.785         6085.952   1.000000
96       971     1361.309      1288.502         1497.180   1.056505
97       973      202.862        42.786           44.671   4.741317
98       974      151.696       141.534          151.696   1.071799
99       975     1474.313      1288.742         1474.313   1.143994

[100 rows x 5 columns]",False
3,9,0.026545889675617218,"KstestResult(statistic=np.float64(0.07943979530031274), pvalue=np.float64(0.000601108167147923), statistic_location=np.float32(2.5481753), statistic_sign=np.int8(1))",0.3888060591816438,"    query_id  bao_latency  best_latency  default_latency     regret
0        976     8511.685      1294.468         1381.761   6.575431
1        977    18133.768     11627.163        12435.601   1.559604
2        978        0.330         0.330          304.012   1.000000
3        980     4000.353        52.240          207.195  76.576436
4        981        4.170         1.344           53.895   3.102679
..       ...          ...           ...              ...        ...
95      1088      797.531       576.922          646.356   1.382390
96      1089     1445.241       688.357          688.357   2.099552
97      1090     3514.857       235.028         3514.857  14.955056
98      1091      555.345       423.583         1827.002   1.311065
99      1092        0.304         0.233            0.347   1.304721

[100 rows x 5 columns]",False
3,10,0.023018106818199158,"KstestResult(statistic=np.float64(0.08332638343799058), pvalue=np.float64(0.00025834042768430206), statistic_location=np.float32(2.8490357), statistic_sign=np.int8(1))",0.29330178106808963,"    query_id  bao_latency  best_latency  default_latency    regret
0       1093      133.628       124.753          133.628  1.071141
1       1094        0.051         0.051          212.662  1.000000
2       1095        1.341         0.745            0.745  1.800000
3       1096      148.397       123.245          128.164  1.204081
4       1097      864.188       770.197          864.188  1.122035
..       ...          ...           ...              ...       ...
95      1195       48.224        48.224           49.254  1.000000
96      1196     1911.202      1911.202         2291.804  1.000000
97      1197        0.246         0.169          239.270  1.455621
98      1198      183.099       124.820          657.393  1.466904
99      1199      223.238       129.277          129.277  1.726819

[100 rows x 5 columns]",False
3,11,0.047701336443424225,"KstestResult(statistic=np.float64(0.07300088880802608), pvalue=np.float64(0.0020726839884299113), statistic_location=np.float32(-0.16139698), statistic_sign=np.int8(-1))",0.43106217910923295,"    query_id  bao_latency  best_latency  default_latency     regret
0       1200        1.107         0.653           38.108   1.695253
1       1201        0.068         0.065            0.073   1.046154
2       1202     2990.804      2838.032         9796.637   1.053830
3       1203       10.399         9.084          362.903   1.144760
4       1204        0.152         0.093            0.129   1.634409
..       ...          ...           ...              ...        ...
95      1304      536.952        93.762          163.545   5.726755
96      1305      209.984        56.774           67.442   3.698594
97      1306       69.527        64.906          140.133   1.071195
98      1307     3509.238       198.714          719.361  17.659742
99      1308       62.573        54.702          459.285   1.143889

[100 rows x 5 columns]",False
3,12,0.060582756996154785,"KstestResult(statistic=np.float64(0.1096365078127996), pvalue=np.float64(4.039964447134766e-07), statistic_location=np.float32(-6.1228986), statistic_sign=np.int8(-1))",0.8835754789774904,"    query_id  bao_latency  best_latency  default_latency     regret
0       1309      620.283       582.898          606.335   1.064136
1       1310      710.749       415.824          415.824   1.709254
2       1311      149.523        89.042           89.042   1.679241
3       1312       66.102        66.102           66.102   1.000000
4       1313     1207.761       549.391          568.369   2.198363
..       ...          ...           ...              ...        ...
95      1412        0.114         0.114            0.186   1.000000
96      1413     2209.632      1999.996         2209.632   1.104818
97      1414      262.903       213.228          213.228   1.232967
98      1415        2.520         0.156            2.520  16.153846
99      1416     1341.182       698.512         8265.208   1.920056

[100 rows x 5 columns]",False
3,13,0.025328023359179497,"KstestResult(statistic=np.float64(0.09037000989344476), pvalue=np.float64(5.555779643775115e-05), statistic_location=np.float32(-0.54076004), statistic_sign=np.int8(-1))",0.49859395856217703,"    query_id  bao_latency  best_latency  default_latency    regret
0       1417        0.292         0.257            5.023  1.136187
1       1418     3916.428      2072.275         8122.004  1.889917
2       1419        0.113         0.083            0.624  1.361446
3       1420      139.762       111.089          534.020  1.258108
4       1421      200.035       200.035          624.628  1.000000
..       ...          ...           ...              ...       ...
95      1525     1306.741       526.686         1236.030  2.481063
96      1526     1405.049      1241.710         1405.049  1.131544
97      1527        0.109         0.071            0.073  1.535211
98      1528       83.157        59.953          155.919  1.387037
99      1529      677.974       271.854          558.181  2.493890

[100 rows x 5 columns]",False
3,14,0.024190329015254974,"KstestResult(statistic=np.float64(0.04740531098679992), pvalue=np.float64(0.10851122281980524), statistic_location=np.float32(1.9031558), statistic_sign=np.int8(-1))",0.2129493682360236,"    query_id  bao_latency  best_latency  default_latency     regret
0       1530        0.136         0.071            0.111   1.915493
1       1531      121.205        36.187           36.187   3.349407
2       1532       11.650         5.626            8.982   2.070743
3       1533      189.489       122.772          232.024   1.543422
4       1534     1016.562       862.344          864.973   1.178836
..       ...          ...           ...              ...        ...
95      1635       22.560        17.296           22.560   1.304348
96      1636      516.676       482.726          541.278   1.070330
97      1637     9744.111       771.261         1361.309  12.633999
98      1639        0.083         0.035            0.071   2.371429
99      1640        0.989         0.097            0.989  10.195876

[100 rows x 5 columns]",False
3,15,0.01944155804812908,"KstestResult(statistic=np.float64(0.06396101946453235), pvalue=np.float64(0.010088480055420214), statistic_location=np.float32(2.5298867), statistic_sign=np.int8(1))",0.3825086541594344,"    query_id  bao_latency  best_latency  default_latency     regret
0       1642        7.686         7.584            7.686   1.013449
1       1643      486.382       486.382          979.381   1.000000
2       1644      176.246       109.377          475.365   1.611363
3       1645      578.753       578.753          578.753   1.000000
4       1646        0.216         0.216            5.091   1.000000
..       ...          ...           ...              ...        ...
95      1745     3398.949      3398.949         3651.022   1.000000
96      1746      268.324         4.797          268.324  55.935793
97      1747        5.030         0.130            3.261  38.692308
98      1748       96.167        88.298          155.548   1.089119
99      1749        0.091         0.050            0.110   1.820000

[100 rows x 5 columns]",False
3,16,0.031851425766944885,"KstestResult(statistic=np.float64(0.1250654107796965), pvalue=np.float64(3.6571944508853625e-09), statistic_location=np.float32(-0.005074978), statistic_sign=np.int8(-1))",0.7389660002147393,"    query_id  bao_latency  best_latency  default_latency     regret
0       1750      449.157       195.010          449.157   2.303251
1       1751      143.067       129.196          129.196   1.107364
2       1752        0.095         0.074            2.363   1.283784
3       1753     3039.182      3039.182         3424.240   1.000000
4       1754      599.956        46.495           46.495  12.903667
..       ...          ...           ...              ...        ...
95      1851      396.877       396.877          550.506   1.000000
96      1852        0.076         0.076            4.811   1.000000
97      1853        0.386         0.186            0.946   2.075269
98      1854      155.788       141.892          169.085   1.097934
99      1855     3724.888      3221.756         5141.806   1.156167

[100 rows x 5 columns]",False
3,17,0.026608780026435852,"KstestResult(statistic=np.float64(0.09303699674903275), pvalue=np.float64(2.9838398034709015e-05), statistic_location=np.float32(0.30728817), statistic_sign=np.int8(-1))",0.49209797999951954,"    query_id  bao_latency  best_latency  default_latency    regret
0       1856     2404.211      2369.999         3201.138  1.014435
1       1857    18446.561     15485.820        36286.284  1.191190
2       1858     1178.857       664.550         3339.387  1.773918
3       1861        0.121         0.090            2.266  1.344444
4       1862     1376.264       991.737         1376.264  1.387731
..       ...          ...           ...              ...       ...
95      1963        1.130         0.986            0.986  1.146045
96      1964     2222.445      1924.456         1975.180  1.154843
97      1965      231.289       187.099          679.775  1.236185
98      1967     1732.644      1584.036         1605.321  1.093816
99      1968      169.217       140.528         1979.644  1.204151

[100 rows x 5 columns]",False
3,18,0.029645264148712158,"KstestResult(statistic=np.float64(0.09435468918033597), pvalue=np.float64(2.1758221756760735e-05), statistic_location=np.float32(1.0328789), statistic_sign=np.int8(-1))",0.3915616397862146,"    query_id  bao_latency  best_latency  default_latency       regret
0       1969    54268.120     37372.373        44222.331     1.452092
1       1970        1.174         0.066            1.174    17.787879
2       1971     1970.024      1583.045         1970.024     1.244452
3       1972      582.932       224.522          765.279     2.596325
4       1973      127.965       117.160          117.160     1.092224
..       ...          ...           ...              ...          ...
95      2077    17858.760      8183.780        12250.051     2.182214
96      2078      205.968       139.725          139.725     1.474096
97      2079      514.834         0.093            0.099  5535.849462
98      2080      345.681       323.798          333.143     1.067582
99      2081      149.949       114.680          115.225     1.307543

[100 rows x 5 columns]",False
3,19,0.013106259517371655,"KstestResult(statistic=np.float64(0.05650635523799743), pvalue=np.float64(0.03188342642913041), statistic_location=np.float32(1.6667666), statistic_sign=np.int8(-1))",0.255701695878936,"    query_id  bao_latency  best_latency  default_latency     regret
0       2082       49.305        49.305          101.448   1.000000
1       2083     1580.447      1555.021         5913.346   1.016351
2       2084      249.023       195.418          213.074   1.274309
3       2085      540.268       540.268          575.816   1.000000
4       2086       43.729        34.831           34.831   1.255462
..       ...          ...           ...              ...        ...
95      2183       50.751        49.413          169.428   1.027078
96      2184     1364.760        54.429           56.049  25.074133
97      2185     5564.692      2332.156         3637.614   2.386072
98      2186      169.518        39.958          189.188   4.242405
99      2187    15328.462     15328.462        15328.462   1.000000

[100 rows x 5 columns]",False
3,20,0.01463623158633709,"KstestResult(statistic=np.float64(0.06910080753139103), pvalue=np.float64(0.0042151609186339666), statistic_location=np.float32(1.4531846), statistic_sign=np.int8(-1))",0.3572037911623211,"    query_id  bao_latency  best_latency  default_latency     regret
0       2188     1109.993        43.584         1109.993  25.467901
1       2189       52.632        50.757          611.878   1.036941
2       2190      882.179       189.468          362.951   4.656084
3       2191     1884.464      1884.464         3237.782   1.000000
4       2192       12.603         4.959           60.036   2.541440
..       ...          ...           ...              ...        ...
95      2296     5849.980      1064.475         5849.980   5.495648
96      2297       60.977        52.203          252.029   1.168075
97      2298       25.689         6.589           25.689   3.898771
98      2299      355.366       355.366          476.009   1.000000
99      2300        2.512         0.120            2.512  20.933333

[100 rows x 5 columns]",False
3,21,0.021966800093650818,"KstestResult(statistic=np.float64(0.06541937829664188), pvalue=np.float64(0.007960231747638878), statistic_location=np.float32(1.7918234), statistic_sign=np.int8(-1))",0.246634450900379,"    query_id  bao_latency  best_latency  default_latency     regret
0       2301      199.675       199.675          199.675   1.000000
1       2302        0.245         0.098           40.524   2.500000
2       2303    37701.312      1150.995         1325.366  32.755409
3       2304        0.059         0.055            0.134   1.072727
4       2305        0.129         0.077           55.630   1.675325
..       ...          ...           ...              ...        ...
95      2407        0.084         0.061            0.092   1.377049
96      2408      124.538       124.538         3216.453   1.000000
97      2410     9101.428      8838.983         9248.877   1.029692
98      2411      418.022       166.180          313.279   2.515477
99      2412     1193.993      1193.993         1289.955   1.000000

[100 rows x 5 columns]",False
3,22,0.028977829962968826,"KstestResult(statistic=np.float64(0.09501621861047314), pvalue=np.float64(1.7495157781756838e-05), statistic_location=np.float32(1.4795051), statistic_sign=np.int8(-1))",0.495842103500728,"    query_id  bao_latency  best_latency  default_latency     regret
0       2414        0.207         0.087            0.087   2.379310
1       2416      437.967       405.447          414.539   1.080208
2       2417    30809.612      5350.798        35438.688   5.757947
3       2418     4206.837      2745.343         6892.147   1.532354
4       2419     1676.634        49.431           50.259  33.918675
..       ...          ...           ...              ...        ...
95      2521    13794.202     13573.417        14900.987   1.016266
96      2522        0.065         0.042            0.065   1.547619
97      2523        0.449         0.193            0.834   2.326425
98      2525        0.100         0.076          434.311   1.315789
99      2526        0.102         0.102            0.553   1.000000

[100 rows x 5 columns]",False
3,23,0.037369899451732635,"KstestResult(statistic=np.float64(0.08209428478169638), pvalue=np.float64(0.0142354335896266), statistic_location=np.float32(3.2995), statistic_sign=np.int8(1))",0.4197209116835837,"    query_id  bao_latency  best_latency  default_latency      regret
0       2527       54.627        50.108          242.126    1.090185
1       2528      778.956       705.912          705.912    1.103475
2       2529     1799.542      1053.647         1162.004    1.707917
3       2530       60.759        60.759           60.759    1.000000
4       2531     1998.128      1507.124         1507.124    1.325789
5       2532       85.922        78.852          167.839    1.089662
6       2533        0.374         0.299            1.000    1.250836
7       2534        0.468         0.331           11.050    1.413897
8       2535        0.395         0.299            0.437    1.321070
9       2536     1709.110      1656.217         1809.926    1.031936
10      2537     1735.514      1309.471         1694.821    1.325355
11      2538      145.679       116.251          145.679    1.253142
12      2539      195.065        59.628           64.366    3.271366
13      2540      996.236       773.446          802.170    1.288049
14      2541     1606.843      1217.855         3309.322    1.319404
15      2542       10.446         9.817           22.869    1.064073
16      2543        0.124         0.083            0.123    1.493976
17      2544     1167.271       255.760          311.426    4.563931
18      2545     2410.180      2223.666         2410.180    1.083877
19      2546      869.000       869.000          869.000    1.000000
20      2547      140.717        35.106           98.914    4.008346
21      2548    30757.754      3393.097         3934.745    9.064802
22      2549        0.224         0.067            7.470    3.343284
23      2550        0.010         0.007            0.010    1.428571
24      2551      217.748       192.180          271.975    1.133042
25      2552       98.141        92.466          100.547    1.061374
26      2553      210.138        51.707         4583.443    4.064015
27      2554       14.577        14.023         1668.021    1.039507
28      2555      143.008        59.671          143.008    2.396608
29      2556        7.292         3.296          220.690    2.212379
30      2557        0.055         0.037            0.091    1.486486
31      2559      909.546       897.080          897.080    1.013896
32      2560      111.589       111.589          162.946    1.000000
33      2561       54.287         0.165          159.401  329.012121
34      2562      655.302       508.171         2813.506    1.289530
35      2563        0.354         0.354          188.877    1.000000
36      2564      183.560       169.186          235.633    1.084960
37      2565        0.088         0.081            0.088    1.086420
38      2567      232.194       203.492          203.492    1.141047",False
4,0,0.041763097047805786,"KstestResult(statistic=np.float64(0.08910147913753771), pvalue=np.float64(7.19452782942878e-05), statistic_location=np.float32(0.9499279), statistic_sign=np.int8(1))",0.6271728505827596,"    query_id  bao_latency  best_latency  default_latency     regret
0          1     8115.843       374.589          374.589  21.665994
1          2      172.350        48.971           48.971   3.519430
2          3      204.036       176.568          176.568   1.155566
3          4      157.562        89.703           89.703   1.756485
4          5        0.069         0.060            0.232   1.150000
..       ...          ...           ...              ...        ...
95       102      873.051       689.220          861.195   1.266723
96       103     1494.128      1037.111         1321.644   1.440664
97       104      295.120       210.249          230.305   1.403669
98       105        0.084         0.067            0.082   1.253731
99       106        0.865         0.343            0.413   2.521866

[100 rows x 5 columns]",False
4,1,0.015333063900470734,"KstestResult(statistic=np.float64(0.05653389646798633), pvalue=np.float64(0.03148032361345102), statistic_location=np.float32(6.53874), statistic_sign=np.int8(1))",0.23833835441765105,"    query_id  bao_latency  best_latency  default_latency    regret
0        107        0.037         0.029            0.043  1.275862
1        108      213.983        79.822          213.983  2.680752
2        110        0.146         0.049            3.096  2.979592
3        111        0.166         0.072            0.951  2.305556
4        112      768.127       768.127         2605.613  1.000000
..       ...          ...           ...              ...       ...
95       217     2943.277      2301.235         4848.924  1.278999
96       218      213.099       186.477          216.683  1.142763
97       219      171.737       160.525          252.728  1.069846
98       220      168.931       137.549          146.223  1.228151
99       221      632.583       596.009          632.583  1.061365

[100 rows x 5 columns]",False
4,2,0.03203776478767395,"KstestResult(statistic=np.float64(0.08079765268419908), pvalue=np.float64(0.00041271035454857534), statistic_location=np.float32(2.2164822), statistic_sign=np.int8(1))",0.30778174168310635,"    query_id  bao_latency  best_latency  default_latency    regret
0        222       92.606        88.392          733.865  1.047674
1        223        0.398         0.365           40.266  1.090411
2        224      293.664       111.100          144.331  2.643240
3        225        0.227         0.227            0.320  1.000000
4        226       26.556        19.370          133.711  1.370986
..       ...          ...           ...              ...       ...
95       328        0.472         0.207            0.321  2.280193
96       329     6718.033      6718.033        11034.335  1.000000
97       330        2.817         1.165           35.939  2.418026
98       331        0.105         0.089            0.108  1.179775
99       332      214.819       139.778          327.332  1.536858

[100 rows x 5 columns]",False
4,3,0.02329360693693161,"KstestResult(statistic=np.float64(0.07696586902194379), pvalue=np.float64(0.00094734168544206), statistic_location=np.float32(-1.5310317), statistic_sign=np.int8(-1))",0.4303242717325275,"    query_id  bao_latency  best_latency  default_latency     regret
0        333       47.223        44.927           47.223   1.051105
1        335       43.940        43.940           43.940   1.000000
2        336      686.005       562.478          612.836   1.219612
3        337     2171.027      2165.367         2248.249   1.002614
4        338    13176.637      3852.639        12889.119   3.420159
..       ...          ...           ...              ...        ...
95       437      299.069        19.796          299.069  15.107547
96       438     1972.702      1841.490         2047.213   1.071253
97       439     1297.617       156.301         1297.617   8.302039
98       440      361.434       309.676          309.676   1.167136
99       441        1.263         0.061            1.008  20.704918

[100 rows x 5 columns]",False
4,4,0.0,"KstestResult(statistic=np.float64(0.0), pvalue=np.float64(1.0), statistic_location=np.float32(-7.7978587), statistic_sign=np.int8(1))",0.0,"    query_id  bao_latency  best_latency  default_latency    regret
0        444      355.911       262.806          713.669  1.354273
1        446       67.049        61.816          291.441  1.084654
2        447      305.490       226.224          226.224  1.350387
3        449     1287.196      1181.678         1313.756  1.089295
4        450     1392.441      1327.353         3624.250  1.049036
..       ...          ...           ...              ...       ...
95       547       52.946        41.844           46.404  1.265319
96       548     1587.758      1429.309         4513.298  1.110857
97       549        0.065         0.048            0.080  1.354167
98       550      684.706       684.706          978.039  1.000000
99       551       47.507        41.761           44.014  1.137592

[100 rows x 5 columns]",True
4,5,0.01526570599526167,"KstestResult(statistic=np.float64(0.04625681464174455), pvalue=np.float64(0.12295898800978908), statistic_location=np.float32(-4.1350727), statistic_sign=np.int8(1))",0.25831138195841347,"    query_id  bao_latency  best_latency  default_latency    regret
0        552      805.557       794.171          929.726  1.014337
1        553     1123.571      1066.394         1123.571  1.053617
2        554      212.998        72.056           72.056  2.956006
3        555        0.328         0.298            2.559  1.100671
4        556        0.107         0.082            0.096  1.304878
..       ...          ...           ...              ...       ...
95       650    32869.809     23839.166        46578.137  1.378815
96       651     1107.122       635.928          867.117  1.740955
97       654        0.101         0.078            2.445  1.294872
98       655      673.514       535.437         1010.535  1.257877
99       656     2910.784      1905.820         2910.784  1.527313

[100 rows x 5 columns]",False
4,6,0.016973093152046204,"KstestResult(statistic=np.float64(0.04409128313642509), pvalue=np.float64(0.1598266500235838), statistic_location=np.float32(-0.7468425), statistic_sign=np.int8(-1))",0.1951566055318087,"    query_id  bao_latency  best_latency  default_latency    regret
0        657     1468.913      1379.164         5028.581  1.065075
1        658      150.932        94.451          479.086  1.597993
2        659     1819.987       188.245          553.828  9.668182
3        660     1466.501      1466.501         1745.093  1.000000
4        661        0.089         0.076         1672.826  1.171053
..       ...          ...           ...              ...       ...
95       758     1130.330      1130.330         1358.668  1.000000
96       759        0.041         0.032            0.048  1.281250
97       760     5807.259      5306.703         7483.387  1.094325
98       761     1096.234       520.699         1136.807  2.105312
99       762        0.213         0.172         2065.654  1.238372

[100 rows x 5 columns]",False
4,7,0.021096818149089813,"KstestResult(statistic=np.float64(0.05799548322912809), pvalue=np.float64(0.02503134471489828), statistic_location=np.float32(-3.2750382), statistic_sign=np.int8(-1))",0.21943319105184556,"    query_id  bao_latency  best_latency  default_latency      regret
0        763      408.653       361.508          591.025    1.130412
1        764     1697.048       140.955         1794.305   12.039644
2        765        0.065         0.041            0.055    1.585366
3        766     1109.142       599.418          707.691    1.850365
4        767        1.816         1.773            1.816    1.024253
..       ...          ...           ...              ...         ...
95       861      165.606        88.413          190.104    1.873096
96       862     1423.039        12.064         1423.039  117.957477
97       863     7219.226      2563.737         7219.226    2.815900
98       864        0.197         0.197            0.251    1.000000
99       865      735.909       188.801          203.138    3.897802

[100 rows x 5 columns]",False
4,8,0.0159654151648283,"KstestResult(statistic=np.float64(0.06576792008541384), pvalue=np.float64(0.007349373433387488), statistic_location=np.float32(-1.4978917), statistic_sign=np.int8(-1))",0.253773731979141,"    query_id  bao_latency  best_latency  default_latency     regret
0        867     1866.342      1518.388         1759.727   1.229160
1        869      842.546       842.546         1012.931   1.000000
2        870        0.112         0.084            0.109   1.333333
3        871       50.409        50.409           50.409   1.000000
4        872     1061.266        62.367         1061.266  17.016467
..       ...          ...           ...              ...        ...
95       970     4704.785      4704.785         6085.952   1.000000
96       971     1361.309      1288.502         1497.180   1.056505
97       973       43.823        42.786           44.671   1.024237
98       974      161.547       141.534          151.696   1.141401
99       975     1415.458      1288.742         1474.313   1.098325

[100 rows x 5 columns]",False
4,9,0.02315215766429901,"KstestResult(statistic=np.float64(0.06070228370986337), pvalue=np.float64(0.01705431025025298), statistic_location=np.float32(6.4205904), statistic_sign=np.int8(1))",0.32349596976850814,"    query_id  bao_latency  best_latency  default_latency     regret
0        976    13368.730      1294.468         1381.761  10.327586
1        977    11627.163     11627.163        12435.601   1.000000
2        978        1.213         0.330          304.012   3.675758
3        980     2746.345        52.240          207.195  52.571688
4        981        4.170         1.344           53.895   3.102679
..       ...          ...           ...              ...        ...
95      1088      797.531       576.922          646.356   1.382390
96      1089     2024.640       688.357          688.357   2.941264
97      1090      506.870       235.028         3514.857   2.156637
98      1091     1827.002       423.583         1827.002   4.313209
99      1092        0.304         0.233            0.347   1.304721

[100 rows x 5 columns]",False
4,10,0.0325007289648056,"KstestResult(statistic=np.float64(0.08444801401869159), pvalue=np.float64(0.00019580546083811204), statistic_location=np.float32(-2.1096077), statistic_sign=np.int8(-1))",0.6021695282922425,"    query_id  bao_latency  best_latency  default_latency    regret
0       1093      150.288       124.753          133.628  1.204684
1       1094        0.199         0.051          212.662  3.901961
2       1095        1.341         0.745            0.745  1.800000
3       1096      148.397       123.245          128.164  1.204081
4       1097      877.909       770.197          864.188  1.139850
..       ...          ...           ...              ...       ...
95      1195      142.961        48.224           49.254  2.964520
96      1196     1911.202      1911.202         2291.804  1.000000
97      1197        0.246         0.169          239.270  1.455621
98      1198      652.272       124.820          657.393  5.225701
99      1199      252.946       129.277          129.277  1.956620

[100 rows x 5 columns]",False
4,11,0.023952607065439224,"KstestResult(statistic=np.float64(0.05308879602456107), pvalue=np.float64(0.05142425802026761), statistic_location=np.float32(-1.7898324), statistic_sign=np.int8(-1))",0.35137197700179557,"    query_id  bao_latency  best_latency  default_latency     regret
0       1200       12.195         0.653           38.108  18.675345
1       1201        0.068         0.065            0.073   1.046154
2       1202     2990.804      2838.032         9796.637   1.053830
3       1203        9.838         9.084          362.903   1.083003
4       1204        0.109         0.093            0.129   1.172043
..       ...          ...           ...              ...        ...
95      1304      539.961        93.762          163.545   5.758847
96      1305      209.984        56.774           67.442   3.698594
97      1306       75.815        64.906          140.133   1.168074
98      1307      258.096       198.714          719.361   1.298831
99      1308      549.189        54.702          459.285  10.039651

[100 rows x 5 columns]",False
4,12,0.026022247970104218,"KstestResult(statistic=np.float64(0.06744585110065325), pvalue=np.float64(0.005628223192009673), statistic_location=np.float32(3.6392384), statistic_sign=np.int8(1))",0.5091697878756833,"    query_id  bao_latency  best_latency  default_latency     regret
0       1309      620.283       582.898          606.335   1.064136
1       1310      436.877       415.824          415.824   1.050630
2       1311       89.042        89.042           89.042   1.000000
3       1312       66.646        66.102           66.102   1.008230
4       1313      568.369       549.391          568.369   1.034544
..       ...          ...           ...              ...        ...
95      1412        0.194         0.114            0.186   1.701754
96      1413     3669.656      1999.996         2209.632   1.834832
97      1414      291.764       213.228          213.228   1.368319
98      1415        2.520         0.156            2.520  16.153846
99      1416      698.512       698.512         8265.208   1.000000

[100 rows x 5 columns]",False
4,13,0.023943867534399033,"KstestResult(statistic=np.float64(0.05901049287851938), pvalue=np.float64(0.02208430245055906), statistic_location=np.float32(3.8763762), statistic_sign=np.int8(-1))",0.2545541566901982,"    query_id  bao_latency  best_latency  default_latency    regret
0       1417        0.292         0.257            5.023  1.136187
1       1418     3916.428      2072.275         8122.004  1.889917
2       1419        0.402         0.083            0.624  4.843373
3       1420      113.643       111.089          534.020  1.022991
4       1421      292.044       200.035          624.628  1.459965
..       ...          ...           ...              ...       ...
95      1525     1306.741       526.686         1236.030  2.481063
96      1526     7920.582      1241.710         1405.049  6.378770
97      1527        0.109         0.071            0.073  1.535211
98      1528       83.157        59.953          155.919  1.387037
99      1529      373.566       271.854          558.181  1.374142

[100 rows x 5 columns]",False
4,14,0.022264055907726288,"KstestResult(statistic=np.float64(0.09199903470668246), pvalue=np.float64(3.53909046109472e-05), statistic_location=np.float32(1.2446647), statistic_sign=np.int8(1))",0.49044344064485784,"    query_id  bao_latency  best_latency  default_latency    regret
0       1530        0.071         0.071            0.111  1.000000
1       1531       36.187        36.187           36.187  1.000000
2       1532       11.650         5.626            8.982  2.070743
3       1533      641.607       122.772          232.024  5.226004
4       1534      864.973       862.344          864.973  1.003049
..       ...          ...           ...              ...       ...
95      1635       22.560        17.296           22.560  1.304348
96      1636      516.676       482.726          541.278  1.070330
97      1637      975.558       771.261         1361.309  1.264887
98      1639        0.132         0.035            0.071  3.771429
99      1640        0.309         0.097            0.989  3.185567

[100 rows x 5 columns]",False
4,15,0.022755125537514687,"KstestResult(statistic=np.float64(0.05598357007886654), pvalue=np.float64(0.034042703880213666), statistic_location=np.float32(7.0671816), statistic_sign=np.int8(1))",0.21711601861859958,"    query_id  bao_latency  best_latency  default_latency     regret
0       1642        9.274         7.584            7.686   1.222838
1       1643      979.381       486.382          979.381   2.013605
2       1644      284.518       109.377          475.365   2.601260
3       1645      578.753       578.753          578.753   1.000000
4       1646        0.343         0.216            5.091   1.587963
..       ...          ...           ...              ...        ...
95      1745     3568.273      3398.949         3651.022   1.049817
96      1746      183.755         4.797          268.324  38.306233
97      1747        5.030         0.130            3.261  38.692308
98      1748      155.548        88.298          155.548   1.761625
99      1749        0.067         0.050            0.110   1.340000

[100 rows x 5 columns]",False
4,16,0.026200413703918457,"KstestResult(statistic=np.float64(0.08228028607783774), pvalue=np.float64(0.00031424215266782603), statistic_location=np.float32(6.638303), statistic_sign=np.int8(1))",0.42591990567344407,"    query_id  bao_latency  best_latency  default_latency    regret
0       1750      254.067       195.010          449.157  1.302841
1       1751      143.067       129.196          129.196  1.107364
2       1752        0.277         0.074            2.363  3.743243
3       1753     3424.240      3039.182         3424.240  1.126698
4       1754      224.202        46.495           46.495  4.822067
..       ...          ...           ...              ...       ...
95      1851      587.443       396.877          550.506  1.480164
96      1852        0.076         0.076            4.811  1.000000
97      1853        0.386         0.186            0.946  2.075269
98      1854      169.085       141.892          169.085  1.191646
99      1855     3724.888      3221.756         5141.806  1.156167

[100 rows x 5 columns]",False
4,17,0.014419537968933582,"KstestResult(statistic=np.float64(0.05960090269090196), pvalue=np.float64(0.02022207513519351), statistic_location=np.float32(-2.5901794), statistic_sign=np.int8(-1))",0.26408239521209936,"    query_id  bao_latency  best_latency  default_latency     regret
0       1856     3116.150      2369.999         3201.138   1.314832
1       1857    33436.051     15485.820        36286.284   2.159140
2       1858     3339.387       664.550         3339.387   5.025035
3       1861        0.121         0.090            2.266   1.344444
4       1862     1376.264       991.737         1376.264   1.387731
..       ...          ...           ...              ...        ...
95      1963        1.130         0.986            0.986   1.146045
96      1964     2124.494      1924.456         1975.180   1.103945
97      1965      304.531       187.099          679.775   1.627646
98      1967     3854.076      1584.036         1605.321   2.433073
99      1968     2294.240       140.528         1979.644  16.325857

[100 rows x 5 columns]",False
4,18,0.023751042783260345,"KstestResult(statistic=np.float64(0.047250226899207694), pvalue=np.float64(0.11045188732633864), statistic_location=np.float32(-0.87091684), statistic_sign=np.int8(-1))",0.25678616311628377,"    query_id  bao_latency  best_latency  default_latency    regret
0       1969    37571.635     37372.373        44222.331  1.005332
1       1970        0.085         0.066            1.174  1.287879
2       1971     1970.024      1583.045         1970.024  1.244452
3       1972      239.557       224.522          765.279  1.066964
4       1973      158.173       117.160          117.160  1.350060
..       ...          ...           ...              ...       ...
95      2077    17858.760      8183.780        12250.051  2.182214
96      2078      200.889       139.725          139.725  1.437746
97      2079        0.099         0.093            0.099  1.064516
98      2080     1111.056       323.798          333.143  3.431324
99      2081      115.225       114.680          115.225  1.004752

[100 rows x 5 columns]",False
4,19,0.02694397047162056,"KstestResult(statistic=np.float64(0.04984423676012461), pvalue=np.float64(0.08232903650237769), statistic_location=np.float32(-0.5202943), statistic_sign=np.int8(-1))",0.30207800224562664,"    query_id  bao_latency  best_latency  default_latency    regret
0       2082      122.474        49.305          101.448  2.484008
1       2083     1580.447      1555.021         5913.346  1.016351
2       2084      195.418       195.418          213.074  1.000000
3       2085      575.816       540.268          575.816  1.065797
4       2086       43.729        34.831           34.831  1.255462
..       ...          ...           ...              ...       ...
95      2183      162.733        49.413          169.428  3.293324
96      2184       56.049        54.429           56.049  1.029764
97      2185     3637.614      2332.156         3637.614  1.559764
98      2186      142.007        39.958          189.188  3.553907
99      2187    15328.462     15328.462        15328.462  1.000000

[100 rows x 5 columns]",False
4,20,0.017800306901335716,"KstestResult(statistic=np.float64(0.037364895499685545), pvalue=np.float64(0.3213432889867335), statistic_location=np.float32(-3.471682), statistic_sign=np.int8(-1))",0.19877705775930216,"    query_id  bao_latency  best_latency  default_latency     regret
0       2188       50.816        43.584         1109.993   1.165932
1       2189       50.934        50.757          611.878   1.003487
2       2190      882.179       189.468          362.951   4.656084
3       2191     1953.567      1884.464         3237.782   1.036670
4       2192       12.603         4.959           60.036   2.541440
..       ...          ...           ...              ...        ...
95      2296     5849.980      1064.475         5849.980   5.495648
96      2297     1394.684        52.203          252.029  26.716549
97      2298       25.689         6.589           25.689   3.898771
98      2299      476.009       355.366          476.009   1.339489
99      2300        0.225         0.120            2.512   1.875000

[100 rows x 5 columns]",False
4,21,0.022808479145169258,"KstestResult(statistic=np.float64(0.061848244189958025), pvalue=np.float64(0.01401081368742834), statistic_location=np.float32(-0.102921486), statistic_sign=np.int8(-1))",0.4074382327592135,"    query_id  bao_latency  best_latency  default_latency     regret
0       2301      684.281       199.675          199.675   3.426974
1       2302        0.098         0.098           40.524   1.000000
2       2303     1325.366      1150.995         1325.366   1.151496
3       2304        0.059         0.055            0.134   1.072727
4       2305        0.129         0.077           55.630   1.675325
..       ...          ...           ...              ...        ...
95      2407        0.061         0.061            0.092   1.000000
96      2408     3216.453       124.538         3216.453  25.827081
97      2410     8858.880      8838.983         9248.877   1.002251
98      2411      313.279       166.180          313.279   1.885179
99      2412    31713.725      1193.993         1289.955  26.561064

[100 rows x 5 columns]",False
4,22,0.014376441016793251,"KstestResult(statistic=np.float64(0.04005106314785003), pvalue=np.float64(0.24612015298821255), statistic_location=np.float32(-1.8727783), statistic_sign=np.int8(1))",0.18265070472703163,"    query_id  bao_latency  best_latency  default_latency      regret
0       2414        0.202         0.087            0.087    2.321839
1       2416      437.967       405.447          414.539    1.080208
2       2417    35438.688      5350.798        35438.688    6.623066
3       2418     6892.147      2745.343         6892.147    2.510487
4       2419       49.502        49.431           50.259    1.001436
..       ...          ...           ...              ...         ...
95      2521    13794.202     13573.417        14900.987    1.016266
96      2522        0.043         0.042            0.065    1.023810
97      2523        0.193         0.193            0.834    1.000000
98      2525       52.214         0.076          434.311  687.026316
99      2526        0.102         0.102            0.553    1.000000

[100 rows x 5 columns]",False
4,23,0.030527539551258087,"KstestResult(statistic=np.float64(0.10853304956663891), pvalue=np.float64(0.0003538282723523404), statistic_location=np.float32(-0.6414058), statistic_sign=np.int8(-1))",0.5144347383942816,"    query_id  bao_latency  best_latency  default_latency     regret
0       2527       60.651        50.108          242.126   1.210406
1       2528      831.411       705.912          705.912   1.177783
2       2529     1902.476      1053.647         1162.004   1.805610
3       2530       60.759        60.759           60.759   1.000000
4       2531     1507.124      1507.124         1507.124   1.000000
5       2532      167.839        78.852          167.839   2.128532
6       2533        0.388         0.299            1.000   1.297659
7       2534        0.468         0.331           11.050   1.413897
8       2535        0.417         0.299            0.437   1.394649
9       2536     1709.110      1656.217         1809.926   1.031936
10      2537     1735.514      1309.471         1694.821   1.325355
11      2538      216.588       116.251          145.679   1.863107
12      2539       64.366        59.628           64.366   1.079459
13      2540      996.236       773.446          802.170   1.288049
14      2541     3231.749      1217.855         3309.322   2.653640
15      2542       10.446         9.817           22.869   1.064073
16      2543        0.084         0.083            0.123   1.012048
17      2544      259.290       255.760          311.426   1.013802
18      2545     2223.666      2223.666         2410.180   1.000000
19      2546      869.000       869.000          869.000   1.000000
20      2547       43.049        35.106           98.914   1.226258
21      2548     3450.986      3393.097         3934.745   1.017061
22      2549        0.224         0.067            7.470   3.343284
23      2550        0.010         0.007            0.010   1.428571
24      2551      271.975       192.180          271.975   1.415210
25      2552      110.565        92.466          100.547   1.195737
26      2553     4583.443        51.707         4583.443  88.642602
27      2554       18.410        14.023         1668.021   1.312843
28      2555       93.362        59.671          143.008   1.564613
29      2556        7.292         3.296          220.690   2.212379
30      2557        0.067         0.037            0.091   1.810811
31      2559      953.227       897.080          897.080   1.062589
32      2560      113.438       111.589          162.946   1.016570
33      2561        0.232         0.165          159.401   1.406061
34      2562     6616.023       508.171         2813.506  13.019285
35      2563        0.354         0.354          188.877   1.000000
36      2564      183.560       169.186          235.633   1.084960
37      2565        0.105         0.081            0.088   1.296296
38      2567      232.194       203.492          203.492   1.141047",False
5,0,0.040071770548820496,"KstestResult(statistic=np.float64(0.07167814960629922), pvalue=np.float64(0.0026610000096657), statistic_location=np.float32(2.0321074), statistic_sign=np.int8(1))",0.3386254581292783,"    query_id  bao_latency  best_latency  default_latency    regret
0          1      448.374       374.589          374.589  1.196976
1          2       48.971        48.971           48.971  1.000000
2          3      302.328       176.568          176.568  1.712247
3          4       89.703        89.703           89.703  1.000000
4          5        0.232         0.060            0.232  3.866667
..       ...          ...           ...              ...       ...
95       102     2930.068       689.220          861.195  4.251281
96       103     1713.176      1037.111         1321.644  1.651873
97       104      257.397       210.249          230.305  1.224248
98       105        0.072         0.067            0.082  1.074627
99       106        0.755         0.343            0.413  2.201166

[100 rows x 5 columns]",False
5,1,0.027906721457839012,"KstestResult(statistic=np.float64(0.07872788799843627), pvalue=np.float64(0.0006357573375181062), statistic_location=np.float32(-2.41292), statistic_sign=np.int8(-1))",0.4161069900214679,"    query_id  bao_latency  best_latency  default_latency    regret
0        107        0.043         0.029            0.043  1.482759
1        108      213.983        79.822          213.983  2.680752
2        110        0.066         0.049            3.096  1.346939
3        111        0.109         0.072            0.951  1.513889
4        112      999.951       768.127         2605.613  1.301804
..       ...          ...           ...              ...       ...
95       217    10822.386      2301.235         4848.924  4.702860
96       218      213.099       186.477          216.683  1.142763
97       219      176.279       160.525          252.728  1.098140
98       220      168.931       137.549          146.223  1.228151
99       221      632.583       596.009          632.583  1.061365

[100 rows x 5 columns]",False
5,2,0.02008264884352684,"KstestResult(statistic=np.float64(0.07291061046511628), pvalue=np.float64(0.0020073037084571794), statistic_location=np.float32(0.9625201), statistic_sign=np.int8(1))",0.28782554726845533,"    query_id  bao_latency  best_latency  default_latency     regret
0        222       92.606        88.392          733.865   1.047674
1        223        0.398         0.365           40.266   1.090411
2        224      149.262       111.100          144.331   1.343492
3        225        0.527         0.227            0.320   2.321586
4        226       26.872        19.370          133.711   1.387300
..       ...          ...           ...              ...        ...
95       328        0.344         0.207            0.321   1.661836
96       329     6718.033      6718.033        11034.335   1.000000
97       330       36.127         1.165           35.939  31.010300
98       331        0.108         0.089            0.108   1.213483
99       332      797.729       139.778          327.332   5.707114

[100 rows x 5 columns]",False
5,3,0.02021435648202896,"KstestResult(statistic=np.float64(0.08035346350078493), pvalue=np.float64(0.0004829775346020057), statistic_location=np.float32(1.6173148), statistic_sign=np.int8(1))",0.4421158280551106,"    query_id  bao_latency  best_latency  default_latency    regret
0        333       47.223        44.927           47.223  1.051105
1        335       82.767        43.940           43.940  1.883637
2        336      602.835       562.478          612.836  1.071749
3        337     2188.235      2165.367         2248.249  1.010561
4        338     3852.639      3852.639        12889.119  1.000000
..       ...          ...           ...              ...       ...
95       437       38.627        19.796          299.069  1.951253
96       438     2104.450      1841.490         2047.213  1.142797
97       439     1297.617       156.301         1297.617  8.302039
98       440      341.566       309.676          309.676  1.102979
99       441        0.089         0.061            1.008  1.459016

[100 rows x 5 columns]",False
5,4,0.021052801981568336,"KstestResult(statistic=np.float64(0.06856259735202493), pvalue=np.float64(0.0045037668621232384), statistic_location=np.float32(-2.9755552), statistic_sign=np.int8(-1))",0.5479823004515301,"    query_id  bao_latency  best_latency  default_latency    regret
0        444      713.669       262.806          713.669  2.715573
1        446       67.049        61.816          291.441  1.084654
2        447      305.490       226.224          226.224  1.350387
3        449     2236.144      1181.678         1313.756  1.892346
4        450     1403.687      1327.353         3624.250  1.057508
..       ...          ...           ...              ...       ...
95       547       52.946        41.844           46.404  1.265319
96       548     1587.758      1429.309         4513.298  1.110857
97       549        0.053         0.048            0.080  1.104167
98       550     1358.017       684.706          978.039  1.983358
99       551       44.014        41.761           44.014  1.053950

[100 rows x 5 columns]",False
5,5,0.0,"KstestResult(statistic=np.float64(0.0), pvalue=np.float64(1.0), statistic_location=np.float32(-9.363096), statistic_sign=np.int8(1))",0.0,"    query_id  bao_latency  best_latency  default_latency     regret
0        552      870.390       794.171          929.726   1.095973
1        553     1154.947      1066.394         1123.571   1.083040
2        554       83.392        72.056           72.056   1.157322
3        555        0.328         0.298            2.559   1.100671
4        556        0.096         0.082            0.096   1.170732
..       ...          ...           ...              ...        ...
95       650    25039.422     23839.166        46578.137   1.050348
96       651      744.788       635.928          867.117   1.171183
97       654        2.445         0.078            2.445  31.346154
98       655      785.332       535.437         1010.535   1.466712
99       656     2025.521      1905.820         2910.784   1.062808

[100 rows x 5 columns]",True
5,6,0.02607128955423832,"KstestResult(statistic=np.float64(0.07184060534591195), pvalue=np.float64(0.0025682399099052856), statistic_location=np.float32(-1.3714767), statistic_sign=np.int8(-1))",0.3377617216815457,"    query_id  bao_latency  best_latency  default_latency    regret
0        657     1426.724      1379.164         5028.581  1.034485
1        658      145.601        94.451          479.086  1.541551
2        659      321.251       188.245          553.828  1.706558
3        660     1466.501      1466.501         1745.093  1.000000
4        661        0.097         0.076         1672.826  1.276316
..       ...          ...           ...              ...       ...
95       758     1130.330      1130.330         1358.668  1.000000
96       759        0.044         0.032            0.048  1.375000
97       760     6248.767      5306.703         7483.387  1.177523
98       761      869.350       520.699         1136.807  1.669583
99       762        0.213         0.172         2065.654  1.238372

[100 rows x 5 columns]",False
5,7,0.029326334595680237,"KstestResult(statistic=np.float64(0.06484860625485625), pvalue=np.float64(0.008489761271278208), statistic_location=np.float32(2.9292402), statistic_sign=np.int8(1))",0.2843474382152542,"    query_id  bao_latency  best_latency  default_latency     regret
0        763     1287.600       361.508          591.025   3.561747
1        764     2170.390       140.955         1794.305  15.397751
2        765        0.041         0.041            0.055   1.000000
3        766      599.418       599.418          707.691   1.000000
4        767        2.583         1.773            1.816   1.456853
..       ...          ...           ...              ...        ...
95       861      160.509        88.413          190.104   1.815446
96       862       12.064        12.064         1423.039   1.000000
97       863     7219.226      2563.737         7219.226   2.815900
98       864        0.251         0.197            0.251   1.274112
99       865      287.981       188.801          203.138   1.525315

[100 rows x 5 columns]",False
5,8,0.024207323789596558,"KstestResult(statistic=np.float64(0.06604068857589984), pvalue=np.float64(0.007056066856339164), statistic_location=np.float32(-2.3366451), statistic_sign=np.int8(-1))",0.25275407031044383,"    query_id  bao_latency  best_latency  default_latency    regret
0        867     1866.342      1518.388         1759.727  1.229160
1        869     1012.931       842.546         1012.931  1.202226
2        870        0.109         0.084            0.109  1.297619
3        871      200.858        50.409           50.409  3.984566
4        872      103.326        62.367         1061.266  1.656742
..       ...          ...           ...              ...       ...
95       970     4704.785      4704.785         6085.952  1.000000
96       971     1288.502      1288.502         1497.180  1.000000
97       973      125.859        42.786           44.671  2.941593
98       974      189.683       141.534          151.696  1.340194
99       975     1375.040      1288.742         1474.313  1.066963

[100 rows x 5 columns]",False
5,9,0.030758023262023926,"KstestResult(statistic=np.float64(0.09631520669291338), pvalue=np.float64(1.3135021875274055e-05), statistic_location=np.float32(-2.7958822), statistic_sign=np.int8(-1))",0.39499322271385173,"    query_id  bao_latency  best_latency  default_latency     regret
0        976     3999.977      1294.468         1381.761   3.090055
1        977    18133.768     11627.163        12435.601   1.559604
2        978        1.213         0.330          304.012   3.675758
3        980     2746.345        52.240          207.195  52.571688
4        981       53.895         1.344           53.895  40.100446
..       ...          ...           ...              ...        ...
95      1088      696.368       576.922          646.356   1.207040
96      1089      802.142       688.357          688.357   1.165299
97      1090     5016.371       235.028         3514.857  21.343716
98      1091      423.583       423.583         1827.002   1.000000
99      1092        0.304         0.233            0.347   1.304721

[100 rows x 5 columns]",False
5,10,0.0443887785077095,"KstestResult(statistic=np.float64(0.12734375), pvalue=np.float64(1.8424318878689236e-09), statistic_location=np.float32(3.0107698), statistic_sign=np.int8(1))",0.7048138873651624,"    query_id  bao_latency  best_latency  default_latency    regret
0       1093      147.946       124.753          133.628  1.185911
1       1094        0.199         0.051          212.662  3.901961
2       1095        0.745         0.745            0.745  1.000000
3       1096      148.397       123.245          128.164  1.204081
4       1097      864.188       770.197          864.188  1.122035
..       ...          ...           ...              ...       ...
95      1195      305.924        48.224           49.254  6.343812
96      1196     1911.202      1911.202         2291.804  1.000000
97      1197        0.169         0.169          239.270  1.000000
98      1198      124.820       124.820          657.393  1.000000
99      1199      823.665       129.277          129.277  6.371319

[100 rows x 5 columns]",False
5,11,0.03256315737962723,"KstestResult(statistic=np.float64(0.09569731303837119), pvalue=np.float64(1.489040218028714e-05), statistic_location=np.float32(-2.878915), statistic_sign=np.int8(-1))",0.502766262557133,"    query_id  bao_latency  best_latency  default_latency     regret
0       1200        1.107         0.653           38.108   1.695253
1       1201        0.073         0.065            0.073   1.123077
2       1202     2990.804      2838.032         9796.637   1.053830
3       1203       10.399         9.084          362.903   1.144760
4       1204        0.093         0.093            0.129   1.000000
..       ...          ...           ...              ...        ...
95      1304      403.253        93.762          163.545   4.300815
96      1305      750.635        56.774           67.442  13.221457
97      1306       69.527        64.906          140.133   1.071195
98      1307      225.462       198.714          719.361   1.134606
99      1308       54.702        54.702          459.285   1.000000

[100 rows x 5 columns]",False
5,12,0.025580119341611862,"KstestResult(statistic=np.float64(0.05511290878644602), pvalue=np.float64(0.03950003325731048), statistic_location=np.float32(-0.1453805), statistic_sign=np.int8(1))",0.26046165108689534,"    query_id  bao_latency  best_latency  default_latency     regret
0       1309      606.335       582.898          606.335   1.040208
1       1310      415.824       415.824          415.824   1.000000
2       1311       89.042        89.042           89.042   1.000000
3       1312       66.102        66.102           66.102   1.000000
4       1313     1207.761       549.391          568.369   2.198363
..       ...          ...           ...              ...        ...
95      1412        0.118         0.114            0.186   1.035088
96      1413     3669.656      1999.996         2209.632   1.834832
97      1414      213.228       213.228          213.228   1.000000
98      1415        2.520         0.156            2.520  16.153846
99      1416      698.512       698.512         8265.208   1.000000

[100 rows x 5 columns]",False
5,13,0.02308225817978382,"KstestResult(statistic=np.float64(0.05263571990558615), pvalue=np.float64(0.05547734946253851), statistic_location=np.float32(3.424511), statistic_sign=np.int8(-1))",0.2820917142279605,"    query_id  bao_latency  best_latency  default_latency    regret
0       1417        0.403         0.257            5.023  1.568093
1       1418    17611.821      2072.275         8122.004  8.498786
2       1419        0.113         0.083            0.624  1.361446
3       1420      153.934       111.089          534.020  1.385682
4       1421      570.181       200.035          624.628  2.850406
..       ...          ...           ...              ...       ...
95      1525      526.686       526.686         1236.030  1.000000
96      1526     7617.075      1241.710         1405.049  6.134343
97      1527        0.073         0.071            0.073  1.028169
98      1528       65.171        59.953          155.919  1.087035
99      1529      373.566       271.854          558.181  1.374142

[100 rows x 5 columns]",False
5,14,0.025309927761554718,"KstestResult(statistic=np.float64(0.10213101525821597), pvalue=np.float64(2.91609987924787e-06), statistic_location=np.float32(0.37126923), statistic_sign=np.int8(-1))",0.683134580996319,"    query_id  bao_latency  best_latency  default_latency    regret
0       1530        0.071         0.071            0.111  1.000000
1       1531       36.187        36.187           36.187  1.000000
2       1532       11.650         5.626            8.982  2.070743
3       1533      194.326       122.772          232.024  1.582820
4       1534     1008.763       862.344          864.973  1.169792
..       ...          ...           ...              ...       ...
95      1635       22.560        17.296           22.560  1.304348
96      1636      518.025       482.726          541.278  1.073124
97      1637     1079.698       771.261         1361.309  1.399913
98      1639        0.048         0.035            0.071  1.371429
99      1640        0.309         0.097            0.989  3.185567

[100 rows x 5 columns]",False
5,15,0.01923251897096634,"KstestResult(statistic=np.float64(0.06264576014832163), pvalue=np.float64(0.01264606331460995), statistic_location=np.float32(-2.7788777), statistic_sign=np.int8(-1))",0.37032979079809364,"    query_id  bao_latency  best_latency  default_latency     regret
0       1642       10.508         7.584            7.686   1.385549
1       1643      810.662       486.382          979.381   1.666719
2       1644      284.518       109.377          475.365   2.601260
3       1645      878.456       578.753          578.753   1.517843
4       1646        0.343         0.216            5.091   1.587963
..       ...          ...           ...              ...        ...
95      1745    15543.575      3398.949         3651.022   4.573053
96      1746      137.912         4.797          268.324  28.749635
97      1747        0.289         0.130            3.261   2.223077
98      1748       96.167        88.298          155.548   1.089119
99      1749        0.064         0.050            0.110   1.280000

[100 rows x 5 columns]",False
5,16,0.026132527738809586,"KstestResult(statistic=np.float64(0.07664930555555556), pvalue=np.float64(0.001004657980779492), statistic_location=np.float32(0.484612), statistic_sign=np.int8(-1))",0.4094134180053066,"    query_id  bao_latency  best_latency  default_latency     regret
0       1750      235.745       195.010          449.157   1.208887
1       1751      129.196       129.196          129.196   1.000000
2       1752        0.277         0.074            2.363   3.743243
3       1753     7294.828      3039.182         3424.240   2.400260
4       1754       49.726        46.495           46.495   1.069491
..       ...          ...           ...              ...        ...
95      1851      550.506       396.877          550.506   1.387095
96      1852        2.504         0.076            4.811  32.947368
97      1853        0.946         0.186            0.946   5.086022
98      1854      169.085       141.892          169.085   1.191646
99      1855     3724.888      3221.756         5141.806   1.156167

[100 rows x 5 columns]",False
5,17,0.020195405930280685,"KstestResult(statistic=np.float64(0.04195374015748032), pvalue=np.float64(0.20351569903098027), statistic_location=np.float32(-1.3020506), statistic_sign=np.int8(1))",0.2567527281487082,"    query_id  bao_latency  best_latency  default_latency      regret
0       1856     4254.558      2369.999         3201.138    1.795173
1       1857    18446.561     15485.820        36286.284    1.191190
2       1858     1178.292       664.550         3339.387    1.773067
3       1861        0.121         0.090            2.266    1.344444
4       1862     1424.161       991.737         1376.264    1.436027
..       ...          ...           ...              ...         ...
95      1963      184.910         0.986            0.986  187.535497
96      1964     1975.180      1924.456         1975.180    1.026358
97      1965      231.289       187.099          679.775    1.236185
98      1967     3854.076      1584.036         1605.321    2.433073
99      1968     2343.296       140.528         1979.644   16.674940

[100 rows x 5 columns]",False
5,18,0.04140358790755272,"KstestResult(statistic=np.float64(0.11844857283464567), pvalue=np.float64(2.9370581807289924e-08), statistic_location=np.float32(-2.8745108), statistic_sign=np.int8(-1))",0.4519853186463629,"    query_id  bao_latency  best_latency  default_latency       regret
0       1969    44222.331     37372.373        44222.331     1.183289
1       1970        0.085         0.066            1.174     1.287879
2       1971     3104.299      1583.045         1970.024     1.960967
3       1972      384.277       224.522          765.279     1.711534
4       1973      131.273       117.160          117.160     1.120459
..       ...          ...           ...              ...          ...
95      2077    17858.760      8183.780        12250.051     2.182214
96      2078      313.264       139.725          139.725     2.242004
97      2079      183.472         0.093            0.099  1972.817204
98      2080     1111.056       323.798          333.143     3.431324
99      2081      115.225       114.680          115.225     1.004752

[100 rows x 5 columns]",False
5,19,0.018398744985461235,"KstestResult(statistic=np.float64(0.04985397196261682), pvalue=np.float64(0.07874241283563815), statistic_location=np.float32(2.6598783), statistic_sign=np.int8(1))",0.31285411192893375,"    query_id  bao_latency  best_latency  default_latency    regret
0       2082       49.305        49.305          101.448  1.000000
1       2083     1580.447      1555.021         5913.346  1.016351
2       2084      213.074       195.418          213.074  1.090350
3       2085      575.816       540.268          575.816  1.065797
4       2086       43.729        34.831           34.831  1.255462
..       ...          ...           ...              ...       ...
95      2183      162.733        49.413          169.428  3.293324
96      2184      214.078        54.429           56.049  3.933161
97      2185     2500.103      2332.156         3637.614  1.072014
98      2186      156.578        39.958          189.188  3.918564
99      2187    16343.445     15328.462        15328.462  1.066216

[100 rows x 5 columns]",False
5,20,0.026819488033652306,"KstestResult(statistic=np.float64(0.08173293231611893), pvalue=np.float64(0.00035834878432114127), statistic_location=np.float32(2.7711277), statistic_sign=np.int8(1))",0.4154316732810055,"    query_id  bao_latency  best_latency  default_latency     regret
0       2188       50.816        43.584         1109.993   1.165932
1       2189       50.757        50.757          611.878   1.000000
2       2190      362.951       189.468          362.951   1.915632
3       2191     1884.464      1884.464         3237.782   1.000000
4       2192       12.603         4.959           60.036   2.541440
..       ...          ...           ...              ...        ...
95      2296     5849.980      1064.475         5849.980   5.495648
96      2297      657.248        52.203          252.029  12.590234
97      2298       25.689         6.589           25.689   3.898771
98      2299      476.009       355.366          476.009   1.339489
99      2300        1.118         0.120            2.512   9.316667

[100 rows x 5 columns]",False
5,21,0.02614295482635498,"KstestResult(statistic=np.float64(0.05984692879499218), pvalue=np.float64(0.019318783908144267), statistic_location=np.float32(-2.8006983), statistic_sign=np.int8(-1))",0.4263262031601337,"    query_id  bao_latency  best_latency  default_latency     regret
0       2301      223.388       199.675          199.675   1.118758
1       2302        0.199         0.098           40.524   2.030612
2       2303    44323.260      1150.995         1325.366  38.508647
3       2304        0.071         0.055            0.134   1.290909
4       2305        0.166         0.077           55.630   2.155844
..       ...          ...           ...              ...        ...
95      2407        0.061         0.061            0.092   1.000000
96      2408      215.791       124.538         3216.453   1.732732
97      2410    22183.514      8838.983         9248.877   2.509736
98      2411      418.022       166.180          313.279   2.515477
99      2412     1289.955      1193.993         1289.955   1.080371

[100 rows x 5 columns]",False
5,22,0.017087018117308617,"KstestResult(statistic=np.float64(0.05451700116913484), pvalue=np.float64(0.04207894938921617), statistic_location=np.float32(1.6431761), statistic_sign=np.int8(-1))",0.2208331835021382,"    query_id  bao_latency  best_latency  default_latency       regret
0       2414        0.207         0.087            0.087     2.379310
1       2416      437.967       405.447          414.539     1.080208
2       2417     5350.798      5350.798        35438.688     1.000000
3       2418     3054.776      2745.343         6892.147     1.112712
4       2419       83.684        49.431           50.259     1.692946
..       ...          ...           ...              ...          ...
95      2521    13794.202     13573.417        14900.987     1.016266
96      2522        0.065         0.042            0.065     1.547619
97      2523        0.231         0.193            0.834     1.196891
98      2525        0.100         0.076          434.311     1.315789
99      2526      147.040         0.102            0.553  1441.568627

[100 rows x 5 columns]",False
5,23,0.05130905285477638,"KstestResult(statistic=np.float64(0.15351175742574258), pvalue=np.float64(6.422564119944564e-08), statistic_location=np.float32(-1.9996183), statistic_sign=np.int8(-1))",0.6942526283969015,"    query_id  bao_latency  best_latency  default_latency     regret
0       2527       60.651        50.108          242.126   1.210406
1       2528     1021.013       705.912          705.912   1.446374
2       2529     1816.989      1053.647         1162.004   1.724476
3       2530       60.759        60.759           60.759   1.000000
4       2531     1518.799      1507.124         1507.124   1.007747
5       2532      167.839        78.852          167.839   2.128532
6       2533        0.335         0.299            1.000   1.120401
7       2534        0.468         0.331           11.050   1.413897
8       2535        0.323         0.299            0.437   1.080268
9       2536     1917.127      1656.217         1809.926   1.157534
10      2537     1884.807      1309.471         1694.821   1.439365
11      2538      145.679       116.251          145.679   1.253142
12      2539     1067.950        59.628           64.366  17.910210
13      2540     1044.132       773.446          802.170   1.349974
14      2541     1564.653      1217.855         3309.322   1.284761
15      2542       11.046         9.817           22.869   1.125191
16      2543        0.083         0.083            0.123   1.000000
17      2544      255.760       255.760          311.426   1.000000
18      2545     2372.781      2223.666         2410.180   1.067058
19      2546      869.000       869.000          869.000   1.000000
20      2547      140.717        35.106           98.914   4.008346
21      2548     3934.745      3393.097         3934.745   1.159632
22      2549        0.282         0.067            7.470   4.208955
23      2550        0.010         0.007            0.010   1.428571
24      2551      271.975       192.180          271.975   1.415210
25      2552      249.219        92.466          100.547   2.695250
26      2553      210.138        51.707         4583.443   4.064015
27      2554       18.410        14.023         1668.021   1.312843
28      2555       84.918        59.671          143.008   1.423103
29      2556      220.690         3.296          220.690  66.956917
30      2557        0.055         0.037            0.091   1.486486
31      2559     1129.045       897.080          897.080   1.258578
32      2560      156.695       111.589          162.946   1.404215
33      2561        0.195         0.165          159.401   1.181818
34      2562      595.659       508.171         2813.506   1.172163
35      2563        0.354         0.354          188.877   1.000000
36      2564      183.560       169.186          235.633   1.084960
37      2565        0.088         0.081            0.088   1.086420
38      2567      232.194       203.492          203.492   1.141047",False
6,0,0.023444853723049164,"KstestResult(statistic=np.float64(0.08074208884266826), pvalue=np.float64(0.0004683917432202615), statistic_location=np.float32(-1.907323), statistic_sign=np.int8(-1))",0.35698925576728113,"    query_id  bao_latency  best_latency  default_latency     regret
0          1     8115.843       374.589          374.589  21.665994
1          2       48.971        48.971           48.971   1.000000
2          3      302.328       176.568          176.568   1.712247
3          4       89.703        89.703           89.703   1.000000
4          5        0.069         0.060            0.232   1.150000
..       ...          ...           ...              ...        ...
95       102     2453.247       689.220          861.195   3.559454
96       103     1713.176      1037.111         1321.644   1.651873
97       104      283.856       210.249          230.305   1.350094
98       105        0.089         0.067            0.082   1.328358
99       106        0.755         0.343            0.413   2.201166

[100 rows x 5 columns]",False
6,1,0.022944137454032898,"KstestResult(statistic=np.float64(0.057510412517641045), pvalue=np.float64(0.027820995081199677), statistic_location=np.float32(4.1150637), statistic_sign=np.int8(1))",0.18210691764125894,"    query_id  bao_latency  best_latency  default_latency     regret
0        107        0.035         0.029            0.043   1.206897
1        108       81.491        79.822          213.983   1.020909
2        110        0.146         0.049            3.096   2.979592
3        111        0.951         0.072            0.951  13.208333
4        112      912.943       768.127         2605.613   1.188531
..       ...          ...           ...              ...        ...
95       217    10822.386      2301.235         4848.924   4.702860
96       218      186.477       186.477          216.683   1.000000
97       219      171.737       160.525          252.728   1.069846
98       220      168.931       137.549          146.223   1.228151
99       221      632.583       596.009          632.583   1.061365

[100 rows x 5 columns]",False
6,2,0.03871801123023033,"KstestResult(statistic=np.float64(0.06570864414216762), pvalue=np.float64(0.00743409999017995), statistic_location=np.float32(2.2919524), statistic_sign=np.int8(-1))",0.24185655120522095,"    query_id  bao_latency  best_latency  default_latency     regret
0        222     1277.941        88.392          733.865  14.457655
1        223        0.398         0.365           40.266   1.090411
2        224      149.262       111.100          144.331   1.343492
3        225        0.320         0.227            0.320   1.409692
4        226       26.872        19.370          133.711   1.387300
..       ...          ...           ...              ...        ...
95       328        0.472         0.207            0.321   2.280193
96       329     6718.033      6718.033        11034.335   1.000000
97       330        2.817         1.165           35.939   2.418026
98       331        0.089         0.089            0.108   1.000000
99       332      214.819       139.778          327.332   1.536858

[100 rows x 5 columns]",False
6,3,0.028424357995390892,"KstestResult(statistic=np.float64(0.04141119437615395), pvalue=np.float64(0.21554943235073806), statistic_location=np.float32(0.8729358), statistic_sign=np.int8(1))",0.1732264773962348,"    query_id  bao_latency  best_latency  default_latency      regret
0        333       47.223        44.927           47.223    1.051105
1        335      138.074        43.940           43.940    3.142330
2        336      686.005       562.478          612.836    1.219612
3        337     2188.235      2165.367         2248.249    1.010561
4        338     3852.639      3852.639        12889.119    1.000000
..       ...          ...           ...              ...         ...
95       437      299.069        19.796          299.069   15.107547
96       438     2104.450      1841.490         2047.213    1.142797
97       439    22120.518       156.301         1297.617  141.525121
98       440      368.193       309.676          309.676    1.188962
99       441        1.092         0.061            1.008   17.901639

[100 rows x 5 columns]",False
6,4,0.01845388114452362,"KstestResult(statistic=np.float64(0.03919061893845883), pvalue=np.float64(0.2700124354912119), statistic_location=np.float32(3.2988954), statistic_sign=np.int8(1))",0.2373429901732806,"    query_id  bao_latency  best_latency  default_latency     regret
0        444      713.669       262.806          713.669   2.715573
1        446     1453.551        61.816          291.441  23.514155
2        447      338.538       226.224          226.224   1.496473
3        449     2062.421      1181.678         1313.756   1.745332
4        450     3624.250      1327.353         3624.250   2.730434
..       ...          ...           ...              ...        ...
95       547       46.404        41.844           46.404   1.108976
96       548     1466.432      1429.309         4513.298   1.025973
97       549        0.064         0.048            0.080   1.333333
98       550      684.706       684.706          978.039   1.000000
99       551       44.014        41.761           44.014   1.053950

[100 rows x 5 columns]",False
6,5,0.022190116345882416,"KstestResult(statistic=np.float64(0.0669123427672956), pvalue=np.float64(0.006181275894034889), statistic_location=np.float32(1.7903125), statistic_sign=np.int8(-1))",0.2778314623782564,"    query_id  bao_latency  best_latency  default_latency    regret
0        552      805.557       794.171          929.726  1.014337
1        553     1110.485      1066.394         1123.571  1.041346
2        554       94.038        72.056           72.056  1.305068
3        555        0.801         0.298            2.559  2.687919
4        556        0.096         0.082            0.096  1.170732
..       ...          ...           ...              ...       ...
95       650    32869.809     23839.166        46578.137  1.378815
96       651     1107.122       635.928          867.117  1.740955
97       654        0.101         0.078            2.445  1.294872
98       655      785.332       535.437         1010.535  1.466712
99       656     2910.784      1905.820         2910.784  1.527313

[100 rows x 5 columns]",False
6,6,0.0,"KstestResult(statistic=np.float64(0.0), pvalue=np.float64(1.0), statistic_location=np.float32(-5.518114), statistic_sign=np.int8(1))",0.0,"    query_id  bao_latency  best_latency  default_latency    regret
0        657     1419.437      1379.164         5028.581  1.029201
1        658      145.601        94.451          479.086  1.541551
2        659      321.251       188.245          553.828  1.706558
3        660     3000.829      1466.501         1745.093  2.046251
4        661        0.169         0.076         1672.826  2.223684
..       ...          ...           ...              ...       ...
95       758     1130.330      1130.330         1358.668  1.000000
96       759        0.036         0.032            0.048  1.125000
97       760     5306.703      5306.703         7483.387  1.000000
98       761      698.908       520.699         1136.807  1.342250
99       762        0.172         0.172         2065.654  1.000000

[100 rows x 5 columns]",True
6,7,0.026185616850852966,"KstestResult(statistic=np.float64(0.0528378853850552), pvalue=np.float64(0.05341329449655749), statistic_location=np.float32(4.532584), statistic_sign=np.int8(1))",0.18404997150797067,"    query_id  bao_latency  best_latency  default_latency    regret
0        763      443.268       361.508          591.025  1.226164
1        764      140.955       140.955         1794.305  1.000000
2        765        0.055         0.041            0.055  1.341463
3        766     1109.142       599.418          707.691  1.850365
4        767        2.583         1.773            1.816  1.456853
..       ...          ...           ...              ...       ...
95       861      165.606        88.413          190.104  1.873096
96       862       13.745        12.064         1423.039  1.139340
97       863     2897.262      2563.737         7219.226  1.130093
98       864        0.297         0.197            0.251  1.507614
99       865      735.909       188.801          203.138  3.897802

[100 rows x 5 columns]",False
6,8,0.01065822783857584,"KstestResult(statistic=np.float64(0.0374774854578203), pvalue=np.float64(0.320577814045862), statistic_location=np.float32(1.2612813), statistic_sign=np.int8(1))",0.11363743409674139,"    query_id  bao_latency  best_latency  default_latency    regret
0        867     1759.727      1518.388         1759.727  1.158944
1        869      842.546       842.546         1012.931  1.000000
2        870        0.109         0.084            0.109  1.297619
3        871      200.858        50.409           50.409  3.984566
4        872      103.326        62.367         1061.266  1.656742
..       ...          ...           ...              ...       ...
95       970     8475.120      4704.785         6085.952  1.801383
96       971     1351.744      1288.502         1497.180  1.049082
97       973      202.862        42.786           44.671  4.741317
98       974      189.683       141.534          151.696  1.340194
99       975     1375.040      1288.742         1474.313  1.066963

[100 rows x 5 columns]",False
6,9,0.016388528048992157,"KstestResult(statistic=np.float64(0.06175531124647155), pvalue=np.float64(0.014750308177119871), statistic_location=np.float32(1.6593223), statistic_sign=np.int8(1))",0.26935308814397074,"    query_id  bao_latency  best_latency  default_latency     regret
0        976     1328.599      1294.468         1381.761   1.026367
1        977    11627.163     11627.163        12435.601   1.000000
2        978        2.709         0.330          304.012   8.209091
3        980     4000.353        52.240          207.195  76.576436
4        981        4.170         1.344           53.895   3.102679
..       ...          ...           ...              ...        ...
95      1088      762.399       576.922          646.356   1.321494
96      1089      907.601       688.357          688.357   1.318503
97      1090      261.998       235.028         3514.857   1.114752
98      1091     1920.175       423.583         1827.002   4.533173
99      1092        0.304         0.233            0.347   1.304721

[100 rows x 5 columns]",False
6,10,0.02493671327829361,"KstestResult(statistic=np.float64(0.10192118710691823), pvalue=np.float64(3.1202659513044425e-06), statistic_location=np.float32(1.7659388), statistic_sign=np.int8(1))",0.42240294630422537,"    query_id  bao_latency  best_latency  default_latency    regret
0       1093      150.288       124.753          133.628  1.204684
1       1094        0.199         0.051          212.662  3.901961
2       1095        1.341         0.745            0.745  1.800000
3       1096      148.397       123.245          128.164  1.204081
4       1097      864.188       770.197          864.188  1.122035
..       ...          ...           ...              ...       ...
95      1195      142.961        48.224           49.254  2.964520
96      1196     3031.169      1911.202         2291.804  1.586001
97      1197        0.308         0.169          239.270  1.822485
98      1198      124.820       124.820          657.393  1.000000
99      1199      158.332       129.277          129.277  1.224750

[100 rows x 5 columns]",False
6,11,0.013161227107048035,"KstestResult(statistic=np.float64(0.07975219534778348), pvalue=np.float64(0.000555164528657375), statistic_location=np.float32(1.2844663), statistic_sign=np.int8(1))",0.24932829957754518,"    query_id  bao_latency  best_latency  default_latency     regret
0       1200       12.195         0.653           38.108  18.675345
1       1201        0.073         0.065            0.073   1.123077
2       1202    20801.230      2838.032         9796.637   7.329456
3       1203       45.177         9.084          362.903   4.973250
4       1204        0.152         0.093            0.129   1.634409
..       ...          ...           ...              ...        ...
95      1304      403.253        93.762          163.545   4.300815
96      1305      379.030        56.774           67.442   6.676119
97      1306       69.527        64.906          140.133   1.071195
98      1307      225.462       198.714          719.361   1.134606
99      1308       54.702        54.702          459.285   1.000000

[100 rows x 5 columns]",False
6,12,0.020787034183740616,"KstestResult(statistic=np.float64(0.0618095514221568), pvalue=np.float64(0.014666907877621637), statistic_location=np.float32(-0.2070868), statistic_sign=np.int8(-1))",0.2756683441194676,"    query_id  bao_latency  best_latency  default_latency     regret
0       1309      620.283       582.898          606.335   1.064136
1       1310      432.370       415.824          415.824   1.039791
2       1311      114.547        89.042           89.042   1.286438
3       1312       66.102        66.102           66.102   1.000000
4       1313     1037.292       549.391          568.369   1.888076
..       ...          ...           ...              ...        ...
95      1412        0.194         0.114            0.186   1.701754
96      1413     2333.190      1999.996         2209.632   1.166597
97      1414      326.763       213.228          213.228   1.532458
98      1415        2.520         0.156            2.520  16.153846
99      1416     1133.921       698.512         8265.208   1.623338

[100 rows x 5 columns]",False
6,13,0.02201918140053749,"KstestResult(statistic=np.float64(0.08039960116582298), pvalue=np.float64(0.0005126948518214772), statistic_location=np.float32(1.6407957), statistic_sign=np.int8(-1))",0.27429527165834716,"    query_id  bao_latency  best_latency  default_latency    regret
0       1417        0.403         0.257            5.023  1.568093
1       1418    11713.520      2072.275         8122.004  5.652493
2       1419        0.402         0.083            0.624  4.843373
3       1420      113.643       111.089          534.020  1.022991
4       1421      563.274       200.035          624.628  2.815877
..       ...          ...           ...              ...       ...
95      1525      802.175       526.686         1236.030  1.523061
96      1526     1392.698      1241.710         1405.049  1.121597
97      1527        0.103         0.071            0.073  1.450704
98      1528       83.157        59.953          155.919  1.387037
99      1529      558.181       271.854          558.181  2.053238

[100 rows x 5 columns]",False
6,14,0.031558264046907425,"KstestResult(statistic=np.float64(0.09842545841084241), pvalue=np.float64(7.742346421624168e-06), statistic_location=np.float32(-0.1705532), statistic_sign=np.int8(1))",0.3980912283055455,"    query_id  bao_latency  best_latency  default_latency     regret
0       1530        0.071         0.071            0.111   1.000000
1       1531       36.187        36.187           36.187   1.000000
2       1532        8.982         5.626            8.982   1.596516
3       1533      199.808       122.772          232.024   1.627472
4       1534     1008.763       862.344          864.973   1.169792
..       ...          ...           ...              ...        ...
95      1635       21.700        17.296           22.560   1.254625
96      1636      516.676       482.726          541.278   1.070330
97      1637     9744.111       771.261         1361.309  12.633999
98      1639        0.046         0.035            0.071   1.314286
99      1640        0.309         0.097            0.989   3.185567

[100 rows x 5 columns]",False
6,15,0.031240830197930336,"KstestResult(statistic=np.float64(0.05414954413562517), pvalue=np.float64(0.04494299467413746), statistic_location=np.float32(1.7942531), statistic_sign=np.int8(-1))",0.1652225937906164,"    query_id  bao_latency  best_latency  default_latency     regret
0       1642        9.274         7.584            7.686   1.222838
1       1643      486.382       486.382          979.381   1.000000
2       1644      176.246       109.377          475.365   1.611363
3       1645      771.531       578.753          578.753   1.333092
4       1646        0.343         0.216            5.091   1.587963
..       ...          ...           ...              ...        ...
95      1745     3568.273      3398.949         3651.022   1.049817
96      1746      268.324         4.797          268.324  55.935793
97      1747        5.030         0.130            3.261  38.692308
98      1748      200.917        88.298          155.548   2.275442
99      1749        0.064         0.050            0.110   1.280000

[100 rows x 5 columns]",False
6,16,0.04009681195020676,"KstestResult(statistic=np.float64(0.06647695396698851), pvalue=np.float64(0.006686576561686783), statistic_location=np.float32(-1.2638934), statistic_sign=np.int8(-1))",0.43310692245293847,"    query_id  bao_latency  best_latency  default_latency    regret
0       1750      254.067       195.010          449.157  1.302841
1       1751      591.011       129.196          129.196  4.574530
2       1752        0.102         0.074            2.363  1.378378
3       1753     5750.737      3039.182         3424.240  1.892199
4       1754       46.495        46.495           46.495  1.000000
..       ...          ...           ...              ...       ...
95      1851      550.506       396.877          550.506  1.387095
96      1852        0.076         0.076            4.811  1.000000
97      1853        0.386         0.186            0.946  2.075269
98      1854      169.085       141.892          169.085  1.191646
99      1855     5141.806      3221.756         5141.806  1.595964

[100 rows x 5 columns]",False
6,17,0.024175159633159637,"KstestResult(statistic=np.float64(0.03406502253256079), pvalue=np.float64(0.4391993763231659), statistic_location=np.float32(0.94804), statistic_sign=np.int8(1))",0.11268767674282866,"    query_id  bao_latency  best_latency  default_latency    regret
0       1856     2404.211      2369.999         3201.138  1.014435
1       1857    23953.212     15485.820        36286.284  1.546784
2       1858     3339.387       664.550         3339.387  5.025035
3       1861        0.121         0.090            2.266  1.344444
4       1862     1376.264       991.737         1376.264  1.387731
..       ...          ...           ...              ...       ...
95      1963        1.130         0.986            0.986  1.146045
96      1964     1975.180      1924.456         1975.180  1.026358
97      1965      679.775       187.099          679.775  3.633237
98      1967     1605.321      1584.036         1605.321  1.013437
99      1968      198.076       140.528         1979.644  1.409513

[100 rows x 5 columns]",False
6,18,0.01972498744726181,"KstestResult(statistic=np.float64(0.05695290447184668), pvalue=np.float64(0.030570626021652687), statistic_location=np.float32(1.4050007), statistic_sign=np.int8(1))",0.23277194281968142,"    query_id  bao_latency  best_latency  default_latency    regret
0       1969    40095.959     37372.373        44222.331  1.072877
1       1970        0.085         0.066            1.174  1.287879
2       1971     3104.299      1583.045         1970.024  1.960967
3       1972      371.453       224.522          765.279  1.654417
4       1973      148.796       117.160          117.160  1.270024
..       ...          ...           ...              ...       ...
95      2077    17858.760      8183.780        12250.051  2.182214
96      2078      205.968       139.725          139.725  1.474096
97      2079        0.093         0.093            0.099  1.000000
98      2080      350.222       323.798          333.143  1.081606
99      2081      115.225       114.680          115.225  1.004752

[100 rows x 5 columns]",False
6,19,0.029869256541132927,"KstestResult(statistic=np.float64(0.05339299359313466), pvalue=np.float64(0.049721016759002805), statistic_location=np.float32(1.5976148), statistic_sign=np.int8(-1))",0.18403977365631247,"    query_id  bao_latency  best_latency  default_latency    regret
0       2082      163.076        49.305          101.448  3.307494
1       2083     3883.182      1555.021         5913.346  2.497189
2       2084      263.561       195.418          213.074  1.348704
3       2085      575.816       540.268          575.816  1.065797
4       2086       34.831        34.831           34.831  1.000000
..       ...          ...           ...              ...       ...
95      2183      162.733        49.413          169.428  3.293324
96      2184       56.049        54.429           56.049  1.029764
97      2185     5529.856      2332.156         3637.614  2.371135
98      2186      156.578        39.958          189.188  3.918564
99      2187    15328.462     15328.462        15328.462  1.000000

[100 rows x 5 columns]",False
6,20,0.01945813186466694,"KstestResult(statistic=np.float64(0.042633684707827676), pvalue=np.float64(0.18891401129396543), statistic_location=np.float32(3.8719769), statistic_sign=np.int8(1))",0.19178709571607302,"    query_id  bao_latency  best_latency  default_latency     regret
0       2188       50.816        43.584         1109.993   1.165932
1       2189       52.632        50.757          611.878   1.036941
2       2190      882.179       189.468          362.951   4.656084
3       2191     1953.567      1884.464         3237.782   1.036670
4       2192       82.306         4.959           60.036  16.597298
..       ...          ...           ...              ...        ...
95      2296     1916.077      1064.475         5849.980   1.800021
96      2297      657.248        52.203          252.029  12.590234
97      2298       25.689         6.589           25.689   3.898771
98      2299      355.366       355.366          476.009   1.000000
99      2300        0.209         0.120            2.512   1.741667

[100 rows x 5 columns]",False
6,21,0.021505625918507576,"KstestResult(statistic=np.float64(0.040293648684560195), pvalue=np.float64(0.2422685599309643), statistic_location=np.float32(-4.2044425), statistic_sign=np.int8(1))",0.2129963268698182,"    query_id  bao_latency  best_latency  default_latency    regret
0       2301      223.388       199.675          199.675  1.118758
1       2302        0.098         0.098           40.524  1.000000
2       2303     1319.835      1150.995         1325.366  1.146690
3       2304        0.059         0.055            0.134  1.072727
4       2305        0.141         0.077           55.630  1.831169
..       ...          ...           ...              ...       ...
95      2407        0.065         0.061            0.092  1.065574
96      2408      133.266       124.538         3216.453  1.070083
97      2410     9248.877      8838.983         9248.877  1.046373
98      2411      271.454       166.180          313.279  1.633494
99      2412     1193.993      1193.993         1289.955  1.000000

[100 rows x 5 columns]",False
6,22,0.0305153951048851,"KstestResult(statistic=np.float64(0.1169821124820463), pvalue=np.float64(4.420857717832073e-08), statistic_location=np.float32(0.050025225), statistic_sign=np.int8(-1))",0.3445781257613279,"    query_id  bao_latency  best_latency  default_latency       regret
0       2414        0.202         0.087            0.087     2.321839
1       2416      437.967       405.447          414.539     1.080208
2       2417    35438.688      5350.798        35438.688     6.623066
3       2418     2769.109      2745.343         6892.147     1.008657
4       2419     2078.001        49.431           50.259    42.038417
..       ...          ...           ...              ...          ...
95      2521    13606.117     13573.417        14900.987     1.002409
96      2522        0.043         0.042            0.065     1.023810
97      2523        0.449         0.193            0.834     2.326425
98      2525        0.100         0.076          434.311     1.315789
99      2526      208.026         0.102            0.553  2039.470588

[100 rows x 5 columns]",False
6,23,0.04494085535407066,"KstestResult(statistic=np.float64(0.08255184008966934), pvalue=np.float64(0.013507598873273598), statistic_location=np.float32(1.6469111), statistic_sign=np.int8(1))",0.3210875498570394,"    query_id  bao_latency  best_latency  default_latency      regret
0       2527       54.627        50.108          242.126    1.090185
1       2528     1021.013       705.912          705.912    1.446374
2       2529     1816.989      1053.647         1162.004    1.724476
3       2530       60.759        60.759           60.759    1.000000
4       2531     1895.006      1507.124         1507.124    1.257366
5       2532       86.692        78.852          167.839    1.099427
6       2533        0.388         0.299            1.000    1.297659
7       2534        0.468         0.331           11.050    1.413897
8       2535        0.437         0.299            0.437    1.461538
9       2536     1792.145      1656.217         1809.926    1.082071
10      2537     1694.821      1309.471         1694.821    1.294279
11      2538      216.588       116.251          145.679    1.863107
12      2539      195.065        59.628           64.366    3.271366
13      2540      996.236       773.446          802.170    1.288049
14      2541     1326.428      1217.855         3309.322    1.089151
15      2542       22.869         9.817           22.869    2.329530
16      2543        0.084         0.083            0.123    1.012048
17      2544      311.426       255.760          311.426    1.217649
18      2545     2372.781      2223.666         2410.180    1.067058
19      2546     1964.765       869.000          869.000    2.260949
20      2547       98.914        35.106           98.914    2.817581
21      2548    19074.123      3393.097         3934.745    5.621449
22      2549        0.224         0.067            7.470    3.343284
23      2550        0.010         0.007            0.010    1.428571
24      2551      217.748       192.180          271.975    1.133042
25      2552      151.094        92.466          100.547    1.634049
26      2553      210.138        51.707         4583.443    4.064015
27      2554     1668.021        14.023         1668.021  118.948941
28      2555       93.362        59.671          143.008    1.564613
29      2556        7.292         3.296          220.690    2.212379
30      2557        0.064         0.037            0.091    1.729730
31      2559      968.120       897.080          897.080    1.079190
32      2560      156.695       111.589          162.946    1.404215
33      2561        0.232         0.165          159.401    1.406061
34      2562     2813.506       508.171         2813.506    5.536534
35      2563        0.535         0.354          188.877    1.511299
36      2564      183.560       169.186          235.633    1.084960
37      2565        0.110         0.081            0.088    1.358025
38      2567      232.194       203.492          203.492    1.141047",False
7,0,0.04074644297361374,"KstestResult(statistic=np.float64(0.07054494062368079), pvalue=np.float64(0.003216759390758863), statistic_location=np.float32(-2.54162), statistic_sign=np.int8(-1))",0.4338808043648442,"    query_id  bao_latency  best_latency  default_latency    regret
0          1      374.589       374.589          374.589  1.000000
1          2      167.231        48.971           48.971  3.414899
2          3      302.328       176.568          176.568  1.712247
3          4      157.562        89.703           89.703  1.756485
4          5        0.069         0.060            0.232  1.150000
..       ...          ...           ...              ...       ...
95       102      861.195       689.220          861.195  1.249521
96       103     1044.329      1037.111         1321.644  1.006960
97       104      257.397       210.249          230.305  1.224248
98       105        0.082         0.067            0.082  1.223881
99       106        0.865         0.343            0.413  2.521866

[100 rows x 5 columns]",False
7,1,0.018080193549394608,"KstestResult(statistic=np.float64(0.04570149683519504), pvalue=np.float64(0.1311888631149555), statistic_location=np.float32(2.7651863), statistic_sign=np.int8(1))",0.2784670293217627,"    query_id  bao_latency  best_latency  default_latency     regret
0        107        0.035         0.029            0.043   1.206897
1        108      213.983        79.822          213.983   2.680752
2        110        3.096         0.049            3.096  63.183673
3        111        0.078         0.072            0.951   1.083333
4        112     1574.134       768.127         2605.613   2.049315
..       ...          ...           ...              ...        ...
95       217     5407.677      2301.235         4848.924   2.349902
96       218      234.366       186.477          216.683   1.256809
97       219      252.728       160.525          252.728   1.574384
98       220      146.223       137.549          146.223   1.063061
99       221      632.583       596.009          632.583   1.061365

[100 rows x 5 columns]",False
7,2,0.03249705210328102,"KstestResult(statistic=np.float64(0.08511772465260838), pvalue=np.float64(0.00016058632951178195), statistic_location=np.float32(3.7910442), statistic_sign=np.int8(-1))",0.35314569827484554,"    query_id  bao_latency  best_latency  default_latency    regret
0        222      733.865        88.392          733.865  8.302392
1        223        0.398         0.365           40.266  1.090411
2        224      144.331       111.100          144.331  1.299109
3        225        0.320         0.227            0.320  1.409692
4        226       26.556        19.370          133.711  1.370986
..       ...          ...           ...              ...       ...
95       328        0.504         0.207            0.321  2.434783
96       329    14928.095      6718.033        11034.335  2.222093
97       330        2.817         1.165           35.939  2.418026
98       331        0.108         0.089            0.108  1.213483
99       332      327.332       139.778          327.332  2.341799

[100 rows x 5 columns]",False
7,3,0.020361322909593582,"KstestResult(statistic=np.float64(0.07173778602350031), pvalue=np.float64(0.0025598750787398394), statistic_location=np.float32(-0.5624571), statistic_sign=np.int8(1))",0.2753872748187828,"    query_id  bao_latency  best_latency  default_latency     regret
0        333       47.223        44.927           47.223   1.051105
1        335       43.940        43.940           43.940   1.000000
2        336      575.138       562.478          612.836   1.022508
3        337     2248.249      2165.367         2248.249   1.038276
4        338    12889.119      3852.639        12889.119   3.345530
..       ...          ...           ...              ...        ...
95       437      299.069        19.796          299.069  15.107547
96       438     2047.213      1841.490         2047.213   1.111716
97       439      160.846       156.301         1297.617   1.029079
98       440      341.566       309.676          309.676   1.102979
99       441        0.089         0.061            1.008   1.459016

[100 rows x 5 columns]",False
7,4,0.023197706788778305,"KstestResult(statistic=np.float64(0.05376917993740424), pvalue=np.float64(0.04607858478936916), statistic_location=np.float32(-6.9954047), statistic_sign=np.int8(1))",0.24218914546025672,"    query_id  bao_latency  best_latency  default_latency    regret
0        444      355.911       262.806          713.669  1.354273
1        446       67.049        61.816          291.441  1.084654
2        447      509.861       226.224          226.224  2.253788
3        449     1287.196      1181.678         1313.756  1.089295
4        450     3624.250      1327.353         3624.250  2.730434
..       ...          ...           ...              ...       ...
95       547       52.946        41.844           46.404  1.265319
96       548     2561.221      1429.309         4513.298  1.791930
97       549        0.053         0.048            0.080  1.104167
98       550     1358.017       684.706          978.039  1.983358
99       551       44.014        41.761           44.014  1.053950

[100 rows x 5 columns]",False
7,5,0.033942412585020065,"KstestResult(statistic=np.float64(0.07227442696192696), pvalue=np.float64(0.002277777578593391), statistic_location=np.float32(3.3008814), statistic_sign=np.int8(-1))",0.4270078165799658,"    query_id  bao_latency  best_latency  default_latency    regret
0        552      870.390       794.171          929.726  1.095973
1        553     1123.571      1066.394         1123.571  1.053617
2        554       94.038        72.056           72.056  1.305068
3        555        0.328         0.298            2.559  1.100671
4        556        0.096         0.082            0.096  1.170732
..       ...          ...           ...              ...       ...
95       650    23839.166     23839.166        46578.137  1.000000
96       651      862.034       635.928          867.117  1.355553
97       654        0.101         0.078            2.445  1.294872
98       655      785.332       535.437         1010.535  1.466712
99       656     2910.784      1905.820         2910.784  1.527313

[100 rows x 5 columns]",False
7,6,0.0255909226834774,"KstestResult(statistic=np.float64(0.08107563296242541), pvalue=np.float64(0.00040955447273452174), statistic_location=np.float32(-0.054284096), statistic_sign=np.int8(1))",0.35270310211486783,"    query_id  bao_latency  best_latency  default_latency    regret
0        657     1426.724      1379.164         5028.581  1.034485
1        658      479.086        94.451          479.086  5.072323
2        659      327.811       188.245          553.828  1.741406
3        660     1745.093      1466.501         1745.093  1.189971
4        661        0.089         0.076         1672.826  1.171053
..       ...          ...           ...              ...       ...
95       758     1130.330      1130.330         1358.668  1.000000
96       759        0.036         0.032            0.048  1.125000
97       760     6302.941      5306.703         7483.387  1.187732
98       761      843.959       520.699         1136.807  1.620819
99       762        0.213         0.172         2065.654  1.238372

[100 rows x 5 columns]",False
7,7,0.0,"KstestResult(statistic=np.float64(0.0), pvalue=np.float64(1.0), statistic_location=np.float32(-7.690924), statistic_sign=np.int8(1))",0.0,"    query_id  bao_latency  best_latency  default_latency    regret
0        763      459.811       361.508          591.025  1.271925
1        764      154.340       140.955         1794.305  1.094959
2        765        0.041         0.041            0.055  1.000000
3        766      632.225       599.418          707.691  1.054731
4        767        2.583         1.773            1.816  1.456853
..       ...          ...           ...              ...       ...
95       861      160.509        88.413          190.104  1.815446
96       862       13.745        12.064         1423.039  1.139340
97       863     2897.262      2563.737         7219.226  1.130093
98       864        0.222         0.197            0.251  1.126904
99       865      287.981       188.801          203.138  1.525315

[100 rows x 5 columns]",True
7,8,0.021207105368375778,"KstestResult(statistic=np.float64(0.06287687273602767), pvalue=np.float64(0.01180908259400064), statistic_location=np.float32(-0.7102251), statistic_sign=np.int8(1))",0.27561146225252914,"    query_id  bao_latency  best_latency  default_latency     regret
0        867     1592.070      1518.388         1759.727   1.048526
1        869     1012.931       842.546         1012.931   1.202226
2        870        0.109         0.084            0.109   1.297619
3        871       50.409        50.409           50.409   1.000000
4        872      187.415        62.367         1061.266   3.005035
..       ...          ...           ...              ...        ...
95       970     6085.952      4704.785         6085.952   1.293566
96       971    58002.240      1288.502         1497.180  45.015250
97       973      202.862        42.786           44.671   4.741317
98       974      141.534       141.534          151.696   1.000000
99       975     1474.313      1288.742         1474.313   1.143994

[100 rows x 5 columns]",False
7,9,0.01733403466641903,"KstestResult(statistic=np.float64(0.07031551126039315), pvalue=np.float64(0.003353886588626192), statistic_location=np.float32(0.2406168), statistic_sign=np.int8(1))",0.2976112932379039,"    query_id  bao_latency  best_latency  default_latency     regret
0        976     8511.685      1294.468         1381.761   6.575431
1        977    12435.601     11627.163        12435.601   1.069530
2        978        1.213         0.330          304.012   3.675758
3        980     2746.345        52.240          207.195  52.571688
4        981        4.170         1.344           53.895   3.102679
..       ...          ...           ...              ...        ...
95      1088      646.356       576.922          646.356   1.120352
96      1089      688.357       688.357          688.357   1.000000
97      1090     5190.252       235.028         3514.857  22.083547
98      1091      423.583       423.583         1827.002   1.000000
99      1092        0.239         0.233            0.347   1.025751

[100 rows x 5 columns]",False
7,10,0.025304734706878662,"KstestResult(statistic=np.float64(0.10928819444444444), pvalue=np.float64(3.8595832025869825e-07), statistic_location=np.float32(1.6424451), statistic_sign=np.int8(1))",0.5338063006893541,"    query_id  bao_latency  best_latency  default_latency    regret
0       1093      242.354       124.753          133.628  1.942671
1       1094        0.199         0.051          212.662  3.901961
2       1095        0.745         0.745            0.745  1.000000
3       1096      148.397       123.245          128.164  1.204081
4       1097      864.188       770.197          864.188  1.122035
..       ...          ...           ...              ...       ...
95      1195       49.254        48.224           49.254  1.021359
96      1196     2291.804      1911.202         2291.804  1.199143
97      1197        0.246         0.169          239.270  1.455621
98      1198      697.985       124.820          657.393  5.591932
99      1199      158.332       129.277          129.277  1.224750

[100 rows x 5 columns]",False
7,11,0.025408966466784477,"KstestResult(statistic=np.float64(0.07646186581190496), pvalue=np.float64(0.0010281068464005538), statistic_location=np.float32(-0.7450495), statistic_sign=np.int8(1))",0.27843124012839215,"    query_id  bao_latency  best_latency  default_latency    regret
0       1200        1.107         0.653           38.108  1.695253
1       1201        0.068         0.065            0.073  1.046154
2       1202     2990.804      2838.032         9796.637  1.053830
3       1203       10.399         9.084          362.903  1.144760
4       1204        0.093         0.093            0.129  1.000000
..       ...          ...           ...              ...       ...
95      1304      149.103        93.762          163.545  1.590228
96      1305       56.774        56.774           67.442  1.000000
97      1306      118.631        64.906          140.133  1.827735
98      1307      225.462       198.714          719.361  1.134606
99      1308      459.285        54.702          459.285  8.396128

[100 rows x 5 columns]",False
7,12,0.028573378920555115,"KstestResult(statistic=np.float64(0.0902918988025371), pvalue=np.float64(5.429877397985386e-05), statistic_location=np.float32(0.41050386), statistic_sign=np.int8(-1))",0.4812267158965434,"    query_id  bao_latency  best_latency  default_latency     regret
0       1309      606.335       582.898          606.335   1.040208
1       1310      432.370       415.824          415.824   1.039791
2       1311       89.042        89.042           89.042   1.000000
3       1312       66.646        66.102           66.102   1.008230
4       1313      568.369       549.391          568.369   1.034544
..       ...          ...           ...              ...        ...
95      1412        0.186         0.114            0.186   1.631579
96      1413     3554.053      1999.996         2209.632   1.777030
97      1414      371.391       213.228          213.228   1.741755
98      1415        2.520         0.156            2.520  16.153846
99      1416      698.512       698.512         8265.208   1.000000

[100 rows x 5 columns]",False
7,13,0.017342273145914078,"KstestResult(statistic=np.float64(0.058745782585279044), pvalue=np.float64(0.02287641988828222), statistic_location=np.float32(3.1899047), statistic_sign=np.int8(-1))",0.2625088304877017,"    query_id  bao_latency  best_latency  default_latency    regret
0       1417        0.403         0.257            5.023  1.568093
1       1418     8122.004      2072.275         8122.004  3.919366
2       1419        0.402         0.083            0.624  4.843373
3       1420      153.934       111.089          534.020  1.385682
4       1421      576.098       200.035          624.628  2.879986
..       ...          ...           ...              ...       ...
95      1525     1236.030       526.686         1236.030  2.346806
96      1526     1405.049      1241.710         1405.049  1.131544
97      1527        0.109         0.071            0.073  1.535211
98      1528       59.953        59.953          155.919  1.000000
99      1529      558.181       271.854          558.181  2.053238

[100 rows x 5 columns]",False
7,14,0.025037307292222977,"KstestResult(statistic=np.float64(0.07359072852030599), pvalue=np.float64(0.0017883284521324906), statistic_location=np.float32(-1.0056896), statistic_sign=np.int8(1))",0.28970154244028523,"    query_id  bao_latency  best_latency  default_latency    regret
0       1530        0.076         0.071            0.111  1.070423
1       1531      126.013        36.187           36.187  3.482273
2       1532       11.102         5.626            8.982  1.973338
3       1533      268.313       122.772          232.024  2.185458
4       1534      864.973       862.344          864.973  1.003049
..       ...          ...           ...              ...       ...
95      1635       22.560        17.296           22.560  1.304348
96      1636     2405.726       482.726          541.278  4.983626
97      1637      771.261       771.261         1361.309  1.000000
98      1639        0.094         0.035            0.071  2.685714
99      1640        0.139         0.097            0.989  1.432990

[100 rows x 5 columns]",False
7,15,0.01830999180674553,"KstestResult(statistic=np.float64(0.05626795790730217), pvalue=np.float64(0.032478485147113226), statistic_location=np.float32(5.3520637), statistic_sign=np.int8(-1))",0.28833753560447706,"    query_id  bao_latency  best_latency  default_latency     regret
0       1642       10.666         7.584            7.686   1.406382
1       1643      979.381       486.382          979.381   2.013605
2       1644      284.518       109.377          475.365   2.601260
3       1645      803.644       578.753          578.753   1.388579
4       1646        5.091         0.216            5.091  23.569444
..       ...          ...           ...              ...        ...
95      1745    15333.701      3398.949         3651.022   4.511307
96      1746      137.912         4.797          268.324  28.749635
97      1747        5.030         0.130            3.261  38.692308
98      1748      155.548        88.298          155.548   1.761625
99      1749        0.059         0.050            0.110   1.180000

[100 rows x 5 columns]",False
7,16,0.021972279995679855,"KstestResult(statistic=np.float64(0.05705483874497959), pvalue=np.float64(0.029097536638216348), statistic_location=np.float32(-5.4910946), statistic_sign=np.int8(-1))",0.30766538246277775,"    query_id  bao_latency  best_latency  default_latency     regret
0       1750     1005.975       195.010          449.157   5.158582
1       1751      129.196       129.196          129.196   1.000000
2       1752        2.363         0.074            2.363  31.932432
3       1753     3424.240      3039.182         3424.240   1.126698
4       1754      474.098        46.495           46.495  10.196752
..       ...          ...           ...              ...        ...
95      1851      506.422       396.877          550.506   1.276018
96      1852        4.811         0.076            4.811  63.302632
97      1853        0.386         0.186            0.946   2.075269
98      1854      155.788       141.892          169.085   1.097934
99      1855     3397.203      3221.756         5141.806   1.054457

[100 rows x 5 columns]",False
7,17,0.01868480071425438,"KstestResult(statistic=np.float64(0.053005524659067965), pvalue=np.float64(0.05235497013686045), statistic_location=np.float32(-7.155056), statistic_sign=np.int8(1))",0.20341283373566083,"    query_id  bao_latency  best_latency  default_latency     regret
0       1856     3201.138      2369.999         3201.138   1.350692
1       1857    30304.770     15485.820        36286.284   1.956937
2       1858     1178.857       664.550         3339.387   1.773918
3       1861        0.121         0.090            2.266   1.344444
4       1862     1516.279       991.737         1376.264   1.528912
..       ...          ...           ...              ...        ...
95      1963        1.130         0.986            0.986   1.146045
96      1964     1975.180      1924.456         1975.180   1.026358
97      1965      304.531       187.099          679.775   1.627646
98      1967     1605.321      1584.036         1605.321   1.013437
99      1968     2294.240       140.528         1979.644  16.325857

[100 rows x 5 columns]",False
7,18,0.023647405207157135,"KstestResult(statistic=np.float64(0.06325153411767585), pvalue=np.float64(0.011295675765583244), statistic_location=np.float32(1.39007), statistic_sign=np.int8(1))",0.24167775020843607,"    query_id  bao_latency  best_latency  default_latency     regret
0       1969    40095.959     37372.373        44222.331   1.072877
1       1970        1.301         0.066            1.174  19.712121
2       1971     1970.024      1583.045         1970.024   1.244452
3       1972      371.453       224.522          765.279   1.654417
4       1973      141.711       117.160          117.160   1.209551
..       ...          ...           ...              ...        ...
95      2077    17858.760      8183.780        12250.051   2.182214
96      2078      200.889       139.725          139.725   1.437746
97      2079        0.093         0.093            0.099   1.000000
98      2080      504.883       323.798          333.143   1.559253
99      2081      175.652       114.680          115.225   1.531671

[100 rows x 5 columns]",False
7,19,0.02118581533432007,"KstestResult(statistic=np.float64(0.06877909214357812), pvalue=np.float64(0.004261475817338872), statistic_location=np.float32(3.0964618), statistic_sign=np.int8(-1))",0.27882617258328024,"    query_id  bao_latency  best_latency  default_latency    regret
0       2082       49.305        49.305          101.448  1.000000
1       2083     1580.447      1555.021         5913.346  1.016351
2       2084      257.483       195.418          213.074  1.317601
3       2085      575.816       540.268          575.816  1.065797
4       2086       34.831        34.831           34.831  1.000000
..       ...          ...           ...              ...       ...
95      2183      162.733        49.413          169.428  3.293324
96      2184       56.049        54.429           56.049  1.029764
97      2185     3637.614      2332.156         3637.614  1.559764
98      2186      142.007        39.958          189.188  3.553907
99      2187    16388.306     15328.462        15328.462  1.069142

[100 rows x 5 columns]",False
7,20,0.01585250347852707,"KstestResult(statistic=np.float64(0.07119406415181063), pvalue=np.float64(0.002798834448932452), statistic_location=np.float32(-1.2334938), statistic_sign=np.int8(1))",0.2803317979336103,"    query_id  bao_latency  best_latency  default_latency     regret
0       2188     1109.993        43.584         1109.993  25.467901
1       2189       54.878        50.757          611.878   1.081191
2       2190      904.985       189.468          362.951   4.776453
3       2191     1884.464      1884.464         3237.782   1.000000
4       2192      161.088         4.959           60.036  32.483969
..       ...          ...           ...              ...        ...
95      2296     2349.251      1064.475         5849.980   2.206957
96      2297       61.842        52.203          252.029   1.184645
97      2298        6.813         6.589           25.689   1.033996
98      2299      355.366       355.366          476.009   1.000000
99      2300        2.633         0.120            2.512  21.941667

[100 rows x 5 columns]",False
7,21,0.01579316332936287,"KstestResult(statistic=np.float64(0.06578788973155171), pvalue=np.float64(0.0072807933169773), statistic_location=np.float32(-1.0341654), statistic_sign=np.int8(1))",0.33586173097372163,"    query_id  bao_latency  best_latency  default_latency    regret
0       2301      235.660       199.675          199.675  1.180218
1       2302        0.098         0.098           40.524  1.000000
2       2303     1325.366      1150.995         1325.366  1.151496
3       2304        0.071         0.055            0.134  1.290909
4       2305        0.077         0.077           55.630  1.000000
..       ...          ...           ...              ...       ...
95      2407        0.061         0.061            0.092  1.000000
96      2408      133.266       124.538         3216.453  1.070083
97      2410     9101.428      8838.983         9248.877  1.029692
98      2411      256.287       166.180          313.279  1.542225
99      2412     1289.955      1193.993         1289.955  1.080371

[100 rows x 5 columns]",False
7,22,0.027220409363508224,"KstestResult(statistic=np.float64(0.07732641481667203), pvalue=np.float64(0.0008503613900479486), statistic_location=np.float32(0.15251589), statistic_sign=np.int8(-1))",0.24066358814344355,"    query_id  bao_latency  best_latency  default_latency       regret
0       2414        0.202         0.087            0.087     2.321839
1       2416      538.851       405.447          414.539     1.329029
2       2417    29087.850      5350.798        35438.688     5.436170
3       2418     5517.619      2745.343         6892.147     2.009810
4       2419       49.431        49.431           50.259     1.000000
..       ...          ...           ...              ...          ...
95      2521    20696.823     13573.417        14900.987     1.524806
96      2522        0.043         0.042            0.065     1.023810
97      2523        0.834         0.193            0.834     4.321244
98      2525      192.677         0.076          434.311  2535.223684
99      2526        0.553         0.102            0.553     5.421569

[100 rows x 5 columns]",False
7,23,0.03449636697769165,"KstestResult(statistic=np.float64(0.19463484810019463), pvalue=np.float64(1.6731601450167358e-12), statistic_location=np.float32(1.2266865), statistic_sign=np.int8(1))",0.6474054148383765,"    query_id  bao_latency  best_latency  default_latency      regret
0       2527      242.126        50.108          242.126    4.832083
1       2528      705.912       705.912          705.912    1.000000
2       2529     1799.542      1053.647         1162.004    1.707917
3       2530       60.759        60.759           60.759    1.000000
4       2531     1998.128      1507.124         1507.124    1.325789
5       2532      108.731        78.852          167.839    1.378925
6       2533        0.672         0.299            1.000    2.247492
7       2534        0.468         0.331           11.050    1.413897
8       2535        0.437         0.299            0.437    1.461538
9       2536     1809.926      1656.217         1809.926    1.092807
10      2537     1694.821      1309.471         1694.821    1.294279
11      2538      120.813       116.251          145.679    1.039243
12      2539       59.628        59.628           64.366    1.000000
13      2540      802.170       773.446          802.170    1.037138
14      2541     1564.653      1217.855         3309.322    1.284761
15      2542       10.446         9.817           22.869    1.064073
16      2543        0.084         0.083            0.123    1.012048
17      2544      255.760       255.760          311.426    1.000000
18      2545     2372.781      2223.666         2410.180    1.067058
19      2546     1964.765       869.000          869.000    2.260949
20      2547       43.049        35.106           98.914    1.226258
21      2548     3450.986      3393.097         3934.745    1.017061
22      2549        0.282         0.067            7.470    4.208955
23      2550        0.010         0.007            0.010    1.428571
24      2551      217.748       192.180          271.975    1.133042
25      2552       98.141        92.466          100.547    1.061374
26      2553     4583.443        51.707         4583.443   88.642602
27      2554     1668.021        14.023         1668.021  118.948941
28      2555       78.637        59.671          143.008    1.317843
29      2556      220.690         3.296          220.690   66.956917
30      2557        0.055         0.037            0.091    1.486486
31      2559      909.546       897.080          897.080    1.013896
32      2560      113.438       111.589          162.946    1.016570
33      2561        0.232         0.165          159.401    1.406061
34      2562     2813.506       508.171         2813.506    5.536534
35      2563        0.354         0.354          188.877    1.000000
36      2564      183.560       169.186          235.633    1.084960
37      2565        0.421         0.081            0.088    5.197531
38      2567      232.194       203.492          203.492    1.141047",False
8,0,0.028086252510547638,"KstestResult(statistic=np.float64(0.07606126698951364), pvalue=np.float64(0.001165058173902778), statistic_location=np.float32(0.9097326), statistic_sign=np.int8(-1))",0.3917429138459132,"    query_id  bao_latency  best_latency  default_latency     regret
0          1     8115.843       374.589          374.589  21.665994
1          2       48.971        48.971           48.971   1.000000
2          3      204.036       176.568          176.568   1.155566
3          4      157.562        89.703           89.703   1.756485
4          5        0.069         0.060            0.232   1.150000
..       ...          ...           ...              ...        ...
95       102     2930.068       689.220          861.195   4.251281
96       103     1713.176      1037.111         1321.644   1.651873
97       104      230.305       210.249          230.305   1.095392
98       105        0.089         0.067            0.082   1.328358
99       106        0.755         0.343            0.413   2.201166

[100 rows x 5 columns]",False
8,1,0.01834377646446228,"KstestResult(statistic=np.float64(0.054079930892801865), pvalue=np.float64(0.04571502991811646), statistic_location=np.float32(-2.5092478), statistic_sign=np.int8(-1))",0.1535822395350599,"    query_id  bao_latency  best_latency  default_latency    regret
0        107        0.037         0.029            0.043  1.275862
1        108      231.308        79.822          213.983  2.897798
2        110        0.059         0.049            3.096  1.204082
3        111        0.091         0.072            0.951  1.263889
4        112      999.951       768.127         2605.613  1.301804
..       ...          ...           ...              ...       ...
95       217     4848.924      2301.235         4848.924  2.107096
96       218      195.874       186.477          216.683  1.050392
97       219      214.855       160.525          252.728  1.338452
98       220      168.931       137.549          146.223  1.228151
99       221      632.583       596.009          632.583  1.061365

[100 rows x 5 columns]",False
8,2,0.047435514628887177,"KstestResult(statistic=np.float64(0.0751064526695054), pvalue=np.float64(0.0013259679284534837), statistic_location=np.float32(0.65197515), statistic_sign=np.int8(1))",0.2769556703126973,"    query_id  bao_latency  best_latency  default_latency    regret
0        222       92.606        88.392          733.865  1.047674
1        223        0.452         0.365           40.266  1.238356
2        224      149.262       111.100          144.331  1.343492
3        225        0.320         0.227            0.320  1.409692
4        226      133.711        19.370          133.711  6.902994
..       ...          ...           ...              ...       ...
95       328        0.344         0.207            0.321  1.661836
96       329     6718.033      6718.033        11034.335  1.000000
97       330        2.817         1.165           35.939  2.418026
98       331        0.091         0.089            0.108  1.022472
99       332      305.498       139.778          327.332  2.185594

[100 rows x 5 columns]",False
8,3,0.037579767405986786,"KstestResult(statistic=np.float64(0.11492029097662901), pvalue=np.float64(8.367254044116299e-08), statistic_location=np.float32(-0.11047435), statistic_sign=np.int8(1))",0.33185107746085096,"    query_id  bao_latency  best_latency  default_latency     regret
0        333       47.223        44.927           47.223   1.051105
1        335       98.048        43.940           43.940   2.231406
2        336      602.835       562.478          612.836   1.071749
3        337     2188.235      2165.367         2248.249   1.010561
4        338     4139.204      3852.639        12889.119   1.074381
..       ...          ...           ...              ...        ...
95       437      158.104        19.796          299.069   7.986664
96       438     1972.702      1841.490         2047.213   1.071253
97       439     1894.030       156.301         1297.617  12.117837
98       440      361.449       309.676          309.676   1.167184
99       441        0.061         0.061            1.008   1.000000

[100 rows x 5 columns]",False
8,4,0.01769569143652916,"KstestResult(statistic=np.float64(0.06947186755005631), pvalue=np.float64(0.003851884135361516), statistic_location=np.float32(0.24683142), statistic_sign=np.int8(-1))",0.4155969707643699,"    query_id  bao_latency  best_latency  default_latency    regret
0        444      692.595       262.806          713.669  2.635385
1        446      291.441        61.816          291.441  4.714653
2        447      338.538       226.224          226.224  1.496473
3        449     1313.756      1181.678         1313.756  1.111772
4        450     4169.383      1327.353         3624.250  3.141126
..       ...          ...           ...              ...       ...
95       547       46.404        41.844           46.404  1.108976
96       548     4513.298      1429.309         4513.298  3.157678
97       549        0.076         0.048            0.080  1.583333
98       550     1358.017       684.706          978.039  1.983358
99       551       44.014        41.761           44.014  1.053950

[100 rows x 5 columns]",False
8,5,0.021214477717876434,"KstestResult(statistic=np.float64(0.09008949530516432), pvalue=np.float64(5.49279888559604e-05), statistic_location=np.float32(-0.37531376), statistic_sign=np.int8(1))",0.2499501488180263,"    query_id  bao_latency  best_latency  default_latency       regret
0        552      794.171       794.171          929.726     1.000000
1        553     1154.947      1066.394         1123.571     1.083040
2        554      640.019        72.056           72.056     8.882244
3        555        0.691         0.298            2.559     2.318792
4        556      165.387         0.082            0.096  2016.914634
..       ...          ...           ...              ...          ...
95       650    30987.967     23839.166        46578.137     1.299876
96       651     1107.122       635.928          867.117     1.740955
97       654        0.101         0.078            2.445     1.294872
98       655      785.332       535.437         1010.535     1.466712
99       656     2910.784      1905.820         2910.784     1.527313

[100 rows x 5 columns]",False
8,6,0.012684455141425133,"KstestResult(statistic=np.float64(0.0456897569905808), pvalue=np.float64(0.1335805154244047), statistic_location=np.float32(-1.1785183), statistic_sign=np.int8(1))",0.18214854847696013,"    query_id  bao_latency  best_latency  default_latency    regret
0        657     1426.724      1379.164         5028.581  1.034485
1        658      150.932        94.451          479.086  1.597993
2        659      321.251       188.245          553.828  1.706558
3        660     1466.501      1466.501         1745.093  1.000000
4        661        0.097         0.076         1672.826  1.276316
..       ...          ...           ...              ...       ...
95       758     1162.942      1130.330         1358.668  1.028852
96       759        0.048         0.032            0.048  1.500000
97       760     5306.703      5306.703         7483.387  1.000000
98       761      843.959       520.699         1136.807  1.620819
99       762        0.213         0.172         2065.654  1.238372

[100 rows x 5 columns]",False
8,7,0.028287719935178757,"KstestResult(statistic=np.float64(0.04125764689144971), pvalue=np.float64(0.21640736422109672), statistic_location=np.float32(1.3423228), statistic_sign=np.int8(-1))",0.14561198973518197,"    query_id  bao_latency  best_latency  default_latency      regret
0        763      408.653       361.508          591.025    1.130412
1        764      154.340       140.955         1794.305    1.094959
2        765        0.041         0.041            0.055    1.000000
3        766      707.691       599.418          707.691    1.180630
4        767        1.816         1.773            1.816    1.024253
..       ...          ...           ...              ...         ...
95       861      160.509        88.413          190.104    1.815446
96       862     1423.039        12.064         1423.039  117.957477
97       863     3031.932      2563.737         7219.226    1.182622
98       864        0.229         0.197            0.251    1.162437
99       865      287.981       188.801          203.138    1.525315

[100 rows x 5 columns]",False
8,8,0.0,"KstestResult(statistic=np.float64(0.0), pvalue=np.float64(1.0), statistic_location=np.float32(-6.5877028), statistic_sign=np.int8(1))",0.0,"    query_id  bao_latency  best_latency  default_latency    regret
0        867     1518.388      1518.388         1759.727  1.000000
1        869      842.546       842.546         1012.931  1.000000
2        870        0.098         0.084            0.109  1.166667
3        871       79.348        50.409           50.409  1.574084
4        872       62.367        62.367         1061.266  1.000000
..       ...          ...           ...              ...       ...
95       970     4704.785      4704.785         6085.952  1.000000
96       971     1425.476      1288.502         1497.180  1.106305
97       973       44.671        42.786           44.671  1.044056
98       974      148.286       141.534          151.696  1.047706
99       975     1415.458      1288.742         1474.313  1.098325

[100 rows x 5 columns]",True
8,9,0.023768384009599686,"KstestResult(statistic=np.float64(0.0855495175779084), pvalue=np.float64(0.00016309792272116045), statistic_location=np.float32(-0.09240651), statistic_sign=np.int8(1))",0.2941212059841808,"    query_id  bao_latency  best_latency  default_latency     regret
0        976     1381.761      1294.468         1381.761   1.067435
1        977    11653.717     11627.163        12435.601   1.002284
2        978        1.213         0.330          304.012   3.675758
3        980     4000.353        52.240          207.195  76.576436
4        981        4.170         1.344           53.895   3.102679
..       ...          ...           ...              ...        ...
95      1088      797.531       576.922          646.356   1.382390
96      1089     2024.640       688.357          688.357   2.941264
97      1090     5190.252       235.028         3514.857  22.083547
98      1091      555.345       423.583         1827.002   1.311065
99      1092        0.304         0.233            0.347   1.304721

[100 rows x 5 columns]",False
8,10,0.021102508530020714,"KstestResult(statistic=np.float64(0.10260294405320813), pvalue=np.float64(2.43837473100765e-06), statistic_location=np.float32(-0.060560226), statistic_sign=np.int8(1))",0.2882884829118556,"    query_id  bao_latency  best_latency  default_latency    regret
0       1093      147.946       124.753          133.628  1.185911
1       1094        0.051         0.051          212.662  1.000000
2       1095        1.341         0.745            0.745  1.800000
3       1096      148.397       123.245          128.164  1.204081
4       1097      877.909       770.197          864.188  1.139850
..       ...          ...           ...              ...       ...
95      1195      112.588        48.224           49.254  2.334688
96      1196     1911.202      1911.202         2291.804  1.000000
97      1197        0.308         0.169          239.270  1.822485
98      1198      242.208       124.820          657.393  1.940458
99      1199      252.946       129.277          129.277  1.956620

[100 rows x 5 columns]",False
8,11,0.019748970866203308,"KstestResult(statistic=np.float64(0.04252864266430393), pvalue=np.float64(0.1919921014813238), statistic_location=np.float32(-0.64953053), statistic_sign=np.int8(1))",0.15916392736660892,"    query_id  bao_latency  best_latency  default_latency     regret
0       1200        1.840         0.653           38.108   2.817764
1       1201        0.068         0.065            0.073   1.046154
2       1202    20417.549      2838.032         9796.637   7.194263
3       1203        9.838         9.084          362.903   1.083003
4       1204        0.187         0.093            0.129   2.010753
..       ...          ...           ...              ...        ...
95      1304      163.545        93.762          163.545   1.744257
96      1305      569.743        56.774           67.442  10.035280
97      1306      140.133        64.906          140.133   2.159015
98      1307      225.462       198.714          719.361   1.134606
99      1308      496.152        54.702          459.285   9.070089

[100 rows x 5 columns]",False
8,12,0.018957585096359253,"KstestResult(statistic=np.float64(0.07289759042830664), pvalue=np.float64(0.00213876725175232), statistic_location=np.float32(-3.227187), statistic_sign=np.int8(-1))",0.3243447727509469,"    query_id  bao_latency  best_latency  default_latency     regret
0       1309      620.283       582.898          606.335   1.064136
1       1310      432.370       415.824          415.824   1.039791
2       1311      114.547        89.042           89.042   1.286438
3       1312      114.098        66.102           66.102   1.726090
4       1313      568.369       549.391          568.369   1.034544
..       ...          ...           ...              ...        ...
95      1412        0.194         0.114            0.186   1.701754
96      1413     3669.656      1999.996         2209.632   1.834832
97      1414      371.391       213.228          213.228   1.741755
98      1415        2.520         0.156            2.520  16.153846
99      1416     1341.182       698.512         8265.208   1.920056

[100 rows x 5 columns]",False
8,13,0.0227066520601511,"KstestResult(statistic=np.float64(0.059728332403723855), pvalue=np.float64(0.019990447561340746), statistic_location=np.float32(-2.468101), statistic_sign=np.int8(1))",0.25292397314986714,"    query_id  bao_latency  best_latency  default_latency    regret
0       1417        1.226         0.257            5.023  4.770428
1       1418     2087.255      2072.275         8122.004  1.007229
2       1419        0.113         0.083            0.624  1.361446
3       1420      139.762       111.089          534.020  1.258108
4       1421      292.044       200.035          624.628  1.459965
..       ...          ...           ...              ...       ...
95      1525      802.175       526.686         1236.030  1.523061
96      1526     1405.049      1241.710         1405.049  1.131544
97      1527        0.103         0.071            0.073  1.450704
98      1528      147.234        59.953          155.919  2.455824
99      1529      563.863       271.854          558.181  2.074139

[100 rows x 5 columns]",False
8,14,0.022119376808404922,"KstestResult(statistic=np.float64(0.11267605633802817), pvalue=np.float64(1.74677201825548e-07), statistic_location=np.float32(0.3386433), statistic_sign=np.int8(1))",0.4614340835054156,"    query_id  bao_latency  best_latency  default_latency     regret
0       1530        0.076         0.071            0.111   1.070423
1       1531       36.187        36.187           36.187   1.000000
2       1532       11.650         5.626            8.982   2.070743
3       1533      199.808       122.772          232.024   1.627472
4       1534     1008.763       862.344          864.973   1.169792
..       ...          ...           ...              ...        ...
95      1635       21.700        17.296           22.560   1.254625
96      1636      518.025       482.726          541.278   1.073124
97      1637     9355.934       771.261         1361.309  12.130698
98      1639        0.046         0.035            0.071   1.314286
99      1640        0.989         0.097            0.989  10.195876

[100 rows x 5 columns]",False
8,15,0.02594589628279209,"KstestResult(statistic=np.float64(0.052258908643115526), pvalue=np.float64(0.05776110187836991), statistic_location=np.float32(0.16291147), statistic_sign=np.int8(-1))",0.2296016538876341,"    query_id  bao_latency  best_latency  default_latency     regret
0       1642        7.686         7.584            7.686   1.013449
1       1643      486.382       486.382          979.381   1.000000
2       1644      475.365       109.377          475.365   4.346115
3       1645      578.753       578.753          578.753   1.000000
4       1646        0.343         0.216            5.091   1.587963
..       ...          ...           ...              ...        ...
95      1745     3398.949      3398.949         3651.022   1.000000
96      1746        4.797         4.797          268.324   1.000000
97      1747        5.030         0.130            3.261  38.692308
98      1748       96.167        88.298          155.548   1.089119
99      1749        0.110         0.050            0.110   2.200000

[100 rows x 5 columns]",False
8,16,0.03149467706680298,"KstestResult(statistic=np.float64(0.057902973395931145), pvalue=np.float64(0.027532334310720028), statistic_location=np.float32(-3.5716457), statistic_sign=np.int8(-1))",0.25247911612192797,"    query_id  bao_latency  best_latency  default_latency    regret
0       1750      254.067       195.010          449.157  1.302841
1       1751      143.067       129.196          129.196  1.107364
2       1752        0.137         0.074            2.363  1.851351
3       1753     3392.919      3039.182         3424.240  1.116392
4       1754       53.817        46.495           46.495  1.157479
..       ...          ...           ...              ...       ...
95      1851      506.422       396.877          550.506  1.276018
96      1852        0.076         0.076            4.811  1.000000
97      1853        0.386         0.186            0.946  2.075269
98      1854      155.788       141.892          169.085  1.097934
99      1855     3724.888      3221.756         5141.806  1.156167

[100 rows x 5 columns]",False
8,17,0.012768646702170372,"KstestResult(statistic=np.float64(0.05806439687996747), pvalue=np.float64(0.025758932888347023), statistic_location=np.float32(-0.18732667), statistic_sign=np.int8(1))",0.24275253541304792,"    query_id  bao_latency  best_latency  default_latency      regret
0       1856     3116.150      2369.999         3201.138    1.314832
1       1857    18446.561     15485.820        36286.284    1.191190
2       1858     1049.940       664.550         3339.387    1.579926
3       1861       45.977         0.090            2.266  510.855556
4       1862     1516.279       991.737         1376.264    1.528912
..       ...          ...           ...              ...         ...
95      1963        1.020         0.986            0.986    1.034483
96      1964     2124.494      1924.456         1975.180    1.103945
97      1965      231.289       187.099          679.775    1.236185
98      1967     4449.874      1584.036         1605.321    2.809200
99      1968      208.345       140.528         1979.644    1.482587

[100 rows x 5 columns]",False
8,18,0.018034592270851135,"KstestResult(statistic=np.float64(0.0541224600446071), pvalue=np.float64(0.045437017270187924), statistic_location=np.float32(-0.18136406), statistic_sign=np.int8(1))",0.18971526860153717,"    query_id  bao_latency  best_latency  default_latency    regret
0       1969    44222.331     37372.373        44222.331  1.183289
1       1970        0.085         0.066            1.174  1.287879
2       1971     1583.045      1583.045         1970.024  1.000000
3       1972      384.277       224.522          765.279  1.711534
4       1973      117.160       117.160          117.160  1.000000
..       ...          ...           ...              ...       ...
95      2077    17858.760      8183.780        12250.051  2.182214
96      2078      150.947       139.725          139.725  1.080315
97      2079        0.093         0.093            0.099  1.000000
98      2080      504.883       323.798          333.143  1.559253
99      2081      115.225       114.680          115.225  1.004752

[100 rows x 5 columns]",False
8,19,0.03233202174305916,"KstestResult(statistic=np.float64(0.04505067789917073), pvalue=np.float64(0.14220462194619585), statistic_location=np.float32(-0.38737822), statistic_sign=np.int8(1))",0.16018871336928225,"    query_id  bao_latency  best_latency  default_latency    regret
0       2082       49.305        49.305          101.448  1.000000
1       2083     3969.389      1555.021         5913.346  2.552627
2       2084      263.561       195.418          213.074  1.348704
3       2085      617.632       540.268          575.816  1.143196
4       2086       34.831        34.831           34.831  1.000000
..       ...          ...           ...              ...       ...
95      2183      162.733        49.413          169.428  3.293324
96      2184       59.798        54.429           56.049  1.098642
97      2185     2500.103      2332.156         3637.614  1.072014
98      2186      156.578        39.958          189.188  3.918564
99      2187    16388.306     15328.462        15328.462  1.069142

[100 rows x 5 columns]",False
8,20,0.025889581069350243,"KstestResult(statistic=np.float64(0.053208137715179966), pvalue=np.float64(0.05364767927096265), statistic_location=np.float32(-0.26400828), statistic_sign=np.int8(1))",0.1614881520726498,"    query_id  bao_latency  best_latency  default_latency     regret
0       2188     1109.993        43.584         1109.993  25.467901
1       2189       50.934        50.757          611.878   1.003487
2       2190      882.179       189.468          362.951   4.656084
3       2191     1884.464      1884.464         3237.782   1.000000
4       2192        5.596         4.959           60.036   1.128453
..       ...          ...           ...              ...        ...
95      2296     5849.980      1064.475         5849.980   5.495648
96      2297       61.842        52.203          252.029   1.184645
97      2298       25.689         6.589           25.689   3.898771
98      2299      476.009       355.366          476.009   1.339489
99      2300        0.209         0.120            2.512   1.741667

[100 rows x 5 columns]",False
8,21,0.015498796477913857,"KstestResult(statistic=np.float64(0.07433489827856025), pvalue=np.float64(0.0017080270436418653), statistic_location=np.float32(-0.26001537), statistic_sign=np.int8(1))",0.2846401701324236,"    query_id  bao_latency  best_latency  default_latency    regret
0       2301      199.675       199.675          199.675  1.000000
1       2302        0.098         0.098           40.524  1.000000
2       2303     1325.366      1150.995         1325.366  1.151496
3       2304        0.059         0.055            0.134  1.072727
4       2305        0.166         0.077           55.630  2.155844
..       ...          ...           ...              ...       ...
95      2407        0.061         0.061            0.092  1.000000
96      2408      133.266       124.538         3216.453  1.070083
97      2410     9101.428      8838.983         9248.877  1.029692
98      2411      313.279       166.180          313.279  1.885179
99      2412     2256.253      1193.993         1289.955  1.889670

[100 rows x 5 columns]",False
8,22,0.017864558845758438,"KstestResult(statistic=np.float64(0.0731425880998296), pvalue=np.float64(0.001965269679775432), statistic_location=np.float32(1.7199471), statistic_sign=np.int8(-1))",0.1920295641547384,"    query_id  bao_latency  best_latency  default_latency       regret
0       2414        0.207         0.087            0.087     2.379310
1       2416      437.967       405.447          414.539     1.080208
2       2417     5423.115      5350.798        35438.688     1.013515
3       2418     5517.619      2745.343         6892.147     2.009810
4       2419       83.684        49.431           50.259     1.692946
..       ...          ...           ...              ...          ...
95      2521    14900.987     13573.417        14900.987     1.097807
96      2522        0.043         0.042            0.065     1.023810
97      2523        0.265         0.193            0.834     1.373057
98      2525        0.100         0.076          434.311     1.315789
99      2526      147.040         0.102            0.553  1441.568627

[100 rows x 5 columns]",False
8,23,0.03721257299184799,"KstestResult(statistic=np.float64(0.11220037496707418), pvalue=np.float64(0.00019807092161288237), statistic_location=np.float32(-0.9954276), statistic_sign=np.int8(-1))",0.5641381996494437,"    query_id  bao_latency  best_latency  default_latency    regret
0       2527      242.126        50.108          242.126  4.832083
1       2528      705.912       705.912          705.912  1.000000
2       2529     7775.318      1053.647         1162.004  7.379434
3       2530       60.759        60.759           60.759  1.000000
4       2531     1998.128      1507.124         1507.124  1.325789
5       2532      108.731        78.852          167.839  1.378925
6       2533        0.388         0.299            1.000  1.297659
7       2534        0.468         0.331           11.050  1.413897
8       2535        0.395         0.299            0.437  1.321070
9       2536     1709.110      1656.217         1809.926  1.031936
10      2537     4988.999      1309.471         1694.821  3.809935
11      2538      120.813       116.251          145.679  1.039243
12      2539      195.065        59.628           64.366  3.271366
13      2540      996.236       773.446          802.170  1.288049
14      2541     1564.653      1217.855         3309.322  1.284761
15      2542       10.446         9.817           22.869  1.064073
16      2543        0.084         0.083            0.123  1.012048
17      2544      255.760       255.760          311.426  1.000000
18      2545     2223.666      2223.666         2410.180  1.000000
19      2546     2591.377       869.000          869.000  2.982022
20      2547      140.717        35.106           98.914  4.008346
21      2548    30757.754      3393.097         3934.745  9.064802
22      2549        0.090         0.067            7.470  1.343284
23      2550        0.007         0.007            0.010  1.000000
24      2551      271.975       192.180          271.975  1.415210
25      2552       92.466        92.466          100.547  1.000000
26      2553      210.138        51.707         4583.443  4.064015
27      2554       14.023        14.023         1668.021  1.000000
28      2555       65.797        59.671          143.008  1.102663
29      2556        7.346         3.296          220.690  2.228762
30      2557        0.091         0.037            0.091  2.459459
31      2559      968.120       897.080          897.080  1.079190
32      2560      201.073       111.589          162.946  1.801907
33      2561        0.232         0.165          159.401  1.406061
34      2562      547.377       508.171         2813.506  1.077151
35      2563        0.354         0.354          188.877  1.000000
36      2564      321.477       169.186          235.633  1.900139
37      2565        0.105         0.081            0.088  1.296296
38      2567      203.492       203.492          203.492  1.000000",False
9,0,0.033950384706258774,"KstestResult(statistic=np.float64(0.08582677165354331), pvalue=np.float64(0.00017169439029873445), statistic_location=np.float32(-4.602924), statistic_sign=np.int8(-1))",0.6113584985883216,"    query_id  bao_latency  best_latency  default_latency    regret
0          1      374.589       374.589          374.589  1.000000
1          2       48.971        48.971           48.971  1.000000
2          3      277.548       176.568          176.568  1.571904
3          4      157.562        89.703           89.703  1.756485
4          5        0.066         0.060            0.232  1.100000
..       ...          ...           ...              ...       ...
95       102     2930.068       689.220          861.195  4.251281
96       103     1713.176      1037.111         1321.644  1.651873
97       104      295.120       210.249          230.305  1.403669
98       105        0.084         0.067            0.082  1.253731
99       106        0.413         0.343            0.413  1.204082

[100 rows x 5 columns]",False
9,1,0.012784518301486969,"KstestResult(statistic=np.float64(0.049766365209040035), pvalue=np.float64(0.08112835305143866), statistic_location=np.float32(-4.3448133), statistic_sign=np.int8(-1))",0.23847757231899808,"    query_id  bao_latency  best_latency  default_latency     regret
0        107        0.043         0.029            0.043   1.482759
1        108      213.983        79.822          213.983   2.680752
2        110        0.146         0.049            3.096   2.979592
3        111        0.951         0.072            0.951  13.208333
4        112      999.951       768.127         2605.613   1.301804
..       ...          ...           ...              ...        ...
95       217     5407.677      2301.235         4848.924   2.349902
96       218      232.531       186.477          216.683   1.246969
97       219      171.737       160.525          252.728   1.069846
98       220      153.658       137.549          146.223   1.117115
99       221      659.093       596.009          632.583   1.105844

[100 rows x 5 columns]",False
9,2,0.024803943932056427,"KstestResult(statistic=np.float64(0.04851980711713361), pvalue=np.float64(0.09385961870718625), statistic_location=np.float32(-1.0327518), statistic_sign=np.int8(1))",0.28665489889519896,"    query_id  bao_latency  best_latency  default_latency      regret
0        222       88.392        88.392          733.865    1.000000
1        223        0.398         0.365           40.266    1.090411
2        224      327.772       111.100          144.331    2.950243
3        225       39.914         0.227            0.320  175.832599
4        226       26.556        19.370          133.711    1.370986
..       ...          ...           ...              ...         ...
95       328        0.344         0.207            0.321    1.661836
96       329    14928.095      6718.033        11034.335    2.222093
97       330       35.939         1.165           35.939   30.848927
98       331        0.105         0.089            0.108    1.179775
99       332      214.819       139.778          327.332    1.536858

[100 rows x 5 columns]",False
9,3,0.018309712409973145,"KstestResult(statistic=np.float64(0.08182301388150658), pvalue=np.float64(0.0003676072388635407), statistic_location=np.float32(0.20020604), statistic_sign=np.int8(1))",0.4275032038345261,"    query_id  bao_latency  best_latency  default_latency     regret
0        333       47.223        44.927           47.223   1.051105
1        335       45.687        43.940           43.940   1.039759
2        336      567.921       562.478          612.836   1.009677
3        337     2171.027      2165.367         2248.249   1.002614
4        338    12889.119      3852.639        12889.119   3.345530
..       ...          ...           ...              ...        ...
95       437      299.069        19.796          299.069  15.107547
96       438     1972.702      1841.490         2047.213   1.071253
97       439      160.846       156.301         1297.617   1.029079
98       440      361.434       309.676          309.676   1.167136
99       441        0.089         0.061            1.008   1.459016

[100 rows x 5 columns]",False
9,4,0.01613248698413372,"KstestResult(statistic=np.float64(0.05678367306890377), pvalue=np.float64(0.030829720795590924), statistic_location=np.float32(-0.9410765), statistic_sign=np.int8(1))",0.3027962101777254,"    query_id  bao_latency  best_latency  default_latency    regret
0        444      617.533       262.806          713.669  2.349768
1        446       67.049        61.816          291.441  1.084654
2        447      305.490       226.224          226.224  1.350387
3        449     2581.866      1181.678         1313.756  2.184915
4        450     3624.250      1327.353         3624.250  2.730434
..       ...          ...           ...              ...       ...
95       547       52.946        41.844           46.404  1.265319
96       548     1429.309      1429.309         4513.298  1.000000
97       549        0.080         0.048            0.080  1.666667
98       550     1358.017       684.706          978.039  1.983358
99       551       47.507        41.761           44.014  1.137592

[100 rows x 5 columns]",False
9,5,0.019793279469013214,"KstestResult(statistic=np.float64(0.04793922244094488), pvalue=np.float64(0.10197746256041486), statistic_location=np.float32(4.7689786), statistic_sign=np.int8(-1))",0.29736306442270477,"    query_id  bao_latency  best_latency  default_latency     regret
0        552      805.557       794.171          929.726   1.014337
1        553     1124.216      1066.394         1123.571   1.054222
2        554       72.056        72.056           72.056   1.000000
3        555        0.691         0.298            2.559   2.318792
4        556        0.107         0.082            0.096   1.304878
..       ...          ...           ...              ...        ...
95       650    32869.809     23839.166        46578.137   1.378815
96       651      862.034       635.928          867.117   1.355553
97       654        2.445         0.078            2.445  31.346154
98       655      673.514       535.437         1010.535   1.257877
99       656     2910.784      1905.820         2910.784   1.527313

[100 rows x 5 columns]",False
9,6,0.017686238512396812,"KstestResult(statistic=np.float64(0.05167260932006141), pvalue=np.float64(0.06382670677611064), statistic_location=np.float32(3.4504154), statistic_sign=np.int8(-1))",0.39268664219065,"    query_id  bao_latency  best_latency  default_latency    regret
0        657     1426.724      1379.164         5028.581  1.034485
1        658      184.906        94.451          479.086  1.957692
2        659      561.990       188.245          553.828  2.985418
3        660     1745.093      1466.501         1745.093  1.189971
4        661        0.104         0.076         1672.826  1.368421
..       ...          ...           ...              ...       ...
95       758     1130.330      1130.330         1358.668  1.000000
96       759        0.048         0.032            0.048  1.500000
97       760     7483.387      5306.703         7483.387  1.410176
98       761      843.959       520.699         1136.807  1.620819
99       762        0.213         0.172         2065.654  1.238372

[100 rows x 5 columns]",False
9,7,0.016291543841362,"KstestResult(statistic=np.float64(0.05663295584555427), pvalue=np.float64(0.03137185390747093), statistic_location=np.float32(1.858006), statistic_sign=np.int8(-1))",0.2350034939541802,"    query_id  bao_latency  best_latency  default_latency      regret
0        763      467.718       361.508          591.025    1.293797
1        764      154.340       140.955         1794.305    1.094959
2        765        0.055         0.041            0.055    1.341463
3        766      918.301       599.418          707.691    1.531988
4        767        1.816         1.773            1.816    1.024253
..       ...          ...           ...              ...         ...
95       861      108.256        88.413          190.104    1.224435
96       862     1423.039        12.064         1423.039  117.957477
97       863     2897.262      2563.737         7219.226    1.130093
98       864        0.297         0.197            0.251    1.507614
99       865      287.981       188.801          203.138    1.525315

[100 rows x 5 columns]",False
9,8,0.017709510400891304,"KstestResult(statistic=np.float64(0.04647640875876431), pvalue=np.float64(0.12198655605370863), statistic_location=np.float32(0.060780764), statistic_sign=np.int8(1))",0.25667586378379437,"    query_id  bao_latency  best_latency  default_latency    regret
0        867     1866.342      1518.388         1759.727  1.229160
1        869     1012.931       842.546         1012.931  1.202226
2        870        0.112         0.084            0.109  1.333333
3        871       50.409        50.409           50.409  1.000000
4        872      187.415        62.367         1061.266  3.005035
..       ...          ...           ...              ...       ...
95       970     4704.785      4704.785         6085.952  1.000000
96       971     1288.502      1288.502         1497.180  1.000000
97       973       43.823        42.786           44.671  1.024237
98       974      189.683       141.534          151.696  1.340194
99       975     1474.313      1288.742         1474.313  1.143994

[100 rows x 5 columns]",False
9,9,0.0,"KstestResult(statistic=np.float64(0.0), pvalue=np.float64(1.0), statistic_location=np.float32(-8.375835), statistic_sign=np.int8(1))",0.0,"    query_id  bao_latency  best_latency  default_latency    regret
0        976     1328.599      1294.468         1381.761  1.026367
1        977    12102.342     11627.163        12435.601  1.040868
2        978        1.213         0.330          304.012  3.675758
3        980       61.720        52.240          207.195  1.181470
4        981        4.170         1.344           53.895  3.102679
..       ...          ...           ...              ...       ...
95      1088      900.482       576.922          646.356  1.560838
96      1089      802.142       688.357          688.357  1.165299
97      1090      261.998       235.028         3514.857  1.114752
98      1091      555.345       423.583         1827.002  1.311065
99      1092        0.310         0.233            0.347  1.330472

[100 rows x 5 columns]",True
9,10,0.015484070405364037,"KstestResult(statistic=np.float64(0.07938607283464567), pvalue=np.float64(0.0005972047412216274), statistic_location=np.float32(-0.44122624), statistic_sign=np.int8(1))",0.3669338492243954,"    query_id  bao_latency  best_latency  default_latency    regret
0       1093      147.946       124.753          133.628  1.185911
1       1094        0.199         0.051          212.662  3.901961
2       1095        1.341         0.745            0.745  1.800000
3       1096      148.397       123.245          128.164  1.204081
4       1097      840.870       770.197          864.188  1.091760
..       ...          ...           ...              ...       ...
95      1195      142.961        48.224           49.254  2.964520
96      1196     2291.804      1911.202         2291.804  1.199143
97      1197        0.246         0.169          239.270  1.455621
98      1198      183.099       124.820          657.393  1.466904
99      1199      179.217       129.277          129.277  1.386302

[100 rows x 5 columns]",False
9,11,0.01589030958712101,"KstestResult(statistic=np.float64(0.06387571757132551), pvalue=np.float64(0.010396650194514901), statistic_location=np.float32(-0.6788492), statistic_sign=np.int8(1))",0.3541881185660403,"    query_id  bao_latency  best_latency  default_latency     regret
0       1200        1.107         0.653           38.108   1.695253
1       1201        0.073         0.065            0.073   1.123077
2       1202     9796.637      2838.032         9796.637   3.451912
3       1203      362.903         9.084          362.903  39.949692
4       1204        0.093         0.093            0.129   1.000000
..       ...          ...           ...              ...        ...
95      1304      403.253        93.762          163.545   4.300815
96      1305      209.984        56.774           67.442   3.698594
97      1306      118.631        64.906          140.133   1.827735
98      1307     1429.327       198.714          719.361   7.192885
99      1308       54.758        54.702          459.285   1.001024

[100 rows x 5 columns]",False
9,12,0.032299723476171494,"KstestResult(statistic=np.float64(0.09994663787593927), pvalue=np.float64(5.403620952277074e-06), statistic_location=np.float32(-5.623616), statistic_sign=np.int8(-1))",0.7371675891135296,"    query_id  bao_latency  best_latency  default_latency     regret
0       1309      620.283       582.898          606.335   1.064136
1       1310      415.824       415.824          415.824   1.000000
2       1311      114.547        89.042           89.042   1.286438
3       1312       66.102        66.102           66.102   1.000000
4       1313      568.369       549.391          568.369   1.034544
..       ...          ...           ...              ...        ...
95      1412        0.186         0.114            0.186   1.631579
96      1413     2209.632      1999.996         2209.632   1.104818
97      1414      262.903       213.228          213.228   1.232967
98      1415        2.520         0.156            2.520  16.153846
99      1416      698.512       698.512         8265.208   1.000000

[100 rows x 5 columns]",False
9,13,0.01665002480149269,"KstestResult(statistic=np.float64(0.06439780196633564), pvalue=np.float64(0.009419719350465995), statistic_location=np.float32(3.0886033), statistic_sign=np.int8(-1))",0.3617341661068183,"    query_id  bao_latency  best_latency  default_latency    regret
0       1417        0.292         0.257            5.023  1.136187
1       1418    20050.574      2072.275         8122.004  9.675634
2       1419        0.402         0.083            0.624  4.843373
3       1420      534.020       111.089          534.020  4.807137
4       1421      631.661       200.035          624.628  3.157752
..       ...          ...           ...              ...       ...
95      1525      526.686       526.686         1236.030  1.000000
96      1526     1405.049      1241.710         1405.049  1.131544
97      1527        0.103         0.071            0.073  1.450704
98      1528      236.264        59.953          155.919  3.940820
99      1529      558.181       271.854          558.181  2.053238

[100 rows x 5 columns]",False
9,14,0.024926407262682915,"KstestResult(statistic=np.float64(0.0901778122805072), pvalue=np.float64(5.7469349304918684e-05), statistic_location=np.float32(-0.28825545), statistic_sign=np.int8(1))",0.4458596828458238,"    query_id  bao_latency  best_latency  default_latency     regret
0       1530        0.097         0.071            0.111   1.366197
1       1531       36.187        36.187           36.187   1.000000
2       1532        6.498         5.626            8.982   1.154995
3       1533      189.489       122.772          232.024   1.543422
4       1534     1067.981       862.344          864.973   1.238463
..       ...          ...           ...              ...        ...
95      1635       59.919        17.296           22.560   3.464327
96      1636      516.676       482.726          541.278   1.070330
97      1637     9355.934       771.261         1361.309  12.130698
98      1639        0.046         0.035            0.071   1.314286
99      1640        0.989         0.097            0.989  10.195876

[100 rows x 5 columns]",False
9,15,0.015669383108615875,"KstestResult(statistic=np.float64(0.062133421846859306), pvalue=np.float64(0.013676545614639072), statistic_location=np.float32(5.39352), statistic_sign=np.int8(-1))",0.3494845694190779,"    query_id  bao_latency  best_latency  default_latency     regret
0       1642        9.274         7.584            7.686   1.222838
1       1643      979.381       486.382          979.381   2.013605
2       1644      176.246       109.377          475.365   1.611363
3       1645      578.753       578.753          578.753   1.000000
4       1646        5.091         0.216            5.091  23.569444
..       ...          ...           ...              ...        ...
95      1745    15543.575      3398.949         3651.022   4.573053
96      1746      196.754         4.797          268.324  41.016052
97      1747        5.030         0.130            3.261  38.692308
98      1748      200.917        88.298          155.548   2.275442
99      1749        0.059         0.050            0.110   1.180000

[100 rows x 5 columns]",False
9,16,0.02463582716882229,"KstestResult(statistic=np.float64(0.06667282786834744), pvalue=np.float64(0.006496546052381142), statistic_location=np.float32(0.18643951), statistic_sign=np.int8(-1))",0.42890167227338183,"    query_id  bao_latency  best_latency  default_latency     regret
0       1750     1036.060       195.010          449.157   5.312856
1       1751      143.067       129.196          129.196   1.107364
2       1752        2.363         0.074            2.363  31.932432
3       1753     3424.240      3039.182         3424.240   1.126698
4       1754       46.495        46.495           46.495   1.000000
..       ...          ...           ...              ...        ...
95      1851      550.506       396.877          550.506   1.387095
96      1852        0.076         0.076            4.811   1.000000
97      1853        0.386         0.186            0.946   2.075269
98      1854      169.085       141.892          169.085   1.191646
99      1855     3724.888      3221.756         5141.806   1.156167

[100 rows x 5 columns]",False
9,17,0.028367970138788223,"KstestResult(statistic=np.float64(0.09055118110236221), pvalue=np.float64(5.944846585612712e-05), statistic_location=np.float32(2.9795985), statistic_sign=np.int8(-1))",0.45502019641906255,"    query_id  bao_latency  best_latency  default_latency     regret
0       1856     4355.618      2369.999         3201.138   1.837814
1       1857    15532.149     15485.820        36286.284   1.002992
2       1858     1049.940       664.550         3339.387   1.579926
3       1861        0.121         0.090            2.266   1.344444
4       1862     1424.161       991.737         1376.264   1.436027
..       ...          ...           ...              ...        ...
95      1963        1.130         0.986            0.986   1.146045
96      1964     1937.796      1924.456         1975.180   1.006932
97      1965      231.289       187.099          679.775   1.236185
98      1967     1605.321      1584.036         1605.321   1.013437
99      1968     2465.067       140.528         1979.644  17.541465

[100 rows x 5 columns]",False
9,18,0.010657008737325668,"KstestResult(statistic=np.float64(0.05590551181102362), pvalue=np.float64(0.03775428948920162), statistic_location=np.float32(2.293513), statistic_sign=np.int8(1))",0.23991243895583264,"    query_id  bao_latency  best_latency  default_latency       regret
0       1969    37571.635     37372.373        44222.331     1.005332
1       1970        1.174         0.066            1.174    17.787879
2       1971     1970.024      1583.045         1970.024     1.244452
3       1972      239.557       224.522          765.279     1.066964
4       1973      141.711       117.160          117.160     1.209551
..       ...          ...           ...              ...          ...
95      2077    17858.760      8183.780        12250.051     2.182214
96      2078      205.968       139.725          139.725     1.474096
97      2079      183.472         0.093            0.099  1972.817204
98      2080      504.883       323.798          333.143     1.559253
99      2081      115.225       114.680          115.225     1.004752

[100 rows x 5 columns]",False
9,19,0.021648410707712173,"KstestResult(statistic=np.float64(0.05063531778153899), pvalue=np.float64(0.07210785967174693), statistic_location=np.float32(3.4095356), statistic_sign=np.int8(-1))",0.2568564465947623,"    query_id  bao_latency  best_latency  default_latency    regret
0       2082       49.305        49.305          101.448  1.000000
1       2083     5913.346      1555.021         5913.346  3.802743
2       2084      195.418       195.418          213.074  1.000000
3       2085      575.816       540.268          575.816  1.065797
4       2086       43.729        34.831           34.831  1.255462
..       ...          ...           ...              ...       ...
95      2183      162.733        49.413          169.428  3.293324
96      2184       56.049        54.429           56.049  1.029764
97      2185     3637.614      2332.156         3637.614  1.559764
98      2186      169.518        39.958          189.188  4.242405
99      2187    16343.445     15328.462        15328.462  1.066216

[100 rows x 5 columns]",False
9,20,0.013653237372636795,"KstestResult(statistic=np.float64(0.05415080157233867), pvalue=np.float64(0.04525843275127944), statistic_location=np.float32(-2.1367512), statistic_sign=np.int8(1))",0.25605337303693926,"    query_id  bao_latency  best_latency  default_latency    regret
0       2188       50.816        43.584         1109.993  1.165932
1       2189       50.934        50.757          611.878  1.003487
2       2190      362.951       189.468          362.951  1.915632
3       2191     1884.464      1884.464         3237.782  1.000000
4       2192       12.603         4.959           60.036  2.541440
..       ...          ...           ...              ...       ...
95      2296     5849.980      1064.475         5849.980  5.495648
96      2297       78.950        52.203          252.029  1.512365
97      2298       25.689         6.589           25.689  3.898771
98      2299      762.256       355.366          476.009  2.144989
99      2300        0.209         0.120            2.512  1.741667

[100 rows x 5 columns]",False
9,21,0.021467842161655426,"KstestResult(statistic=np.float64(0.07507547472058951), pvalue=np.float64(0.0014101144810778534), statistic_location=np.float32(-1.5939898), statistic_sign=np.int8(1))",0.37468843100132737,"    query_id  bao_latency  best_latency  default_latency    regret
0       2301      235.660       199.675          199.675  1.180218
1       2302        0.199         0.098           40.524  2.030612
2       2303     1325.366      1150.995         1325.366  1.151496
3       2304        0.059         0.055            0.134  1.072727
4       2305        0.166         0.077           55.630  2.155844
..       ...          ...           ...              ...       ...
95      2407        0.061         0.061            0.092  1.000000
96      2408      215.791       124.538         3216.453  1.732732
97      2410    22183.514      8838.983         9248.877  2.509736
98      2411      189.925       166.180          313.279  1.142887
99      2412     1193.993      1193.993         1289.955  1.000000

[100 rows x 5 columns]",False
9,22,0.040694836527109146,"KstestResult(statistic=np.float64(0.062298623428112015), pvalue=np.float64(0.013273619696836358), statistic_location=np.float32(2.2976413), statistic_sign=np.int8(-1))",0.3542027516959293,"    query_id  bao_latency  best_latency  default_latency       regret
0       2414        0.227         0.087            0.087     2.609195
1       2416      538.851       405.447          414.539     1.329029
2       2417    25961.051      5350.798        35438.688     4.851809
3       2418     6892.147      2745.343         6892.147     2.510487
4       2419     1676.634        49.431           50.259    33.918675
..       ...          ...           ...              ...          ...
95      2521    22695.879     13573.417        14900.987     1.672083
96      2522        0.043         0.042            0.065     1.023810
97      2523        0.834         0.193            0.834     4.321244
98      2525      434.311         0.076          434.311  5714.618421
99      2526        0.102         0.102            0.553     1.000000

[100 rows x 5 columns]",False
9,23,0.031302325427532196,"KstestResult(statistic=np.float64(0.13296951742418336), pvalue=np.float64(4.907905380924417e-06), statistic_location=np.float32(1.1943543), statistic_sign=np.int8(1))",0.6308959068545328,"    query_id  bao_latency  best_latency  default_latency     regret
0       2527       58.430        50.108          242.126   1.166081
1       2528      705.912       705.912          705.912   1.000000
2       2529     1799.542      1053.647         1162.004   1.707917
3       2530       60.759        60.759           60.759   1.000000
4       2531     1895.006      1507.124         1507.124   1.257366
5       2532      167.839        78.852          167.839   2.128532
6       2533        0.388         0.299            1.000   1.297659
7       2534        0.468         0.331           11.050   1.413897
8       2535        0.417         0.299            0.437   1.394649
9       2536     1656.217      1656.217         1809.926   1.000000
10      2537     1735.514      1309.471         1694.821   1.325355
11      2538      216.588       116.251          145.679   1.863107
12      2539      195.065        59.628           64.366   3.271366
13      2540      802.170       773.446          802.170   1.037138
14      2541     1564.653      1217.855         3309.322   1.284761
15      2542       10.446         9.817           22.869   1.064073
16      2543        0.084         0.083            0.123   1.012048
17      2544      255.760       255.760          311.426   1.000000
18      2545     2372.781      2223.666         2410.180   1.067058
19      2546     1964.765       869.000          869.000   2.260949
20      2547       35.106        35.106           98.914   1.000000
21      2548     3450.986      3393.097         3934.745   1.017061
22      2549        0.241         0.067            7.470   3.597015
23      2550        0.010         0.007            0.010   1.428571
24      2551      271.975       192.180          271.975   1.415210
25      2552       98.141        92.466          100.547   1.061374
26      2553      210.138        51.707         4583.443   4.064015
27      2554       18.410        14.023         1668.021   1.312843
28      2555       93.362        59.671          143.008   1.564613
29      2556      220.690         3.296          220.690  66.956917
30      2557        0.055         0.037            0.091   1.486486
31      2559      909.546       897.080          897.080   1.013896
32      2560      113.438       111.589          162.946   1.016570
33      2561        0.232         0.165          159.401   1.406061
34      2562      549.155       508.171         2813.506   1.080650
35      2563        0.541         0.354          188.877   1.528249
36      2564      183.560       169.186          235.633   1.084960
37      2565        0.088         0.081            0.088   1.086420
38      2567      232.194       203.492          203.492   1.141047",False
10,0,0.0407266691327095,"KstestResult(statistic=np.float64(0.09170152559055118), pvalue=np.float64(3.998545006351666e-05), statistic_location=np.float32(-0.9363785), statistic_sign=np.int8(-1))",0.6207791403441976,"    query_id  bao_latency  best_latency  default_latency    regret
0          1      374.589       374.589          374.589  1.000000
1          2       48.971        48.971           48.971  1.000000
2          3      277.548       176.568          176.568  1.571904
3          4       89.703        89.703           89.703  1.000000
4          5        0.069         0.060            0.232  1.150000
..       ...          ...           ...              ...       ...
95       102      861.195       689.220          861.195  1.249521
96       103     1044.329      1037.111         1321.644  1.006960
97       104      230.305       210.249          230.305  1.095392
98       105        0.074         0.067            0.082  1.104478
99       106        0.413         0.343            0.413  1.204082

[100 rows x 5 columns]",False
10,1,0.020595267415046692,"KstestResult(statistic=np.float64(0.05850456899921814), pvalue=np.float64(0.02322767357756905), statistic_location=np.float32(4.428199), statistic_sign=np.int8(1))",0.36671060485790097,"    query_id  bao_latency  best_latency  default_latency     regret
0        107        0.043         0.029            0.043   1.482759
1        108      231.308        79.822          213.983   2.897798
2        110        0.103         0.049            3.096   2.102041
3        111        0.951         0.072            0.951  13.208333
4        112      768.127       768.127         2605.613   1.000000
..       ...          ...           ...              ...        ...
95       217     5407.677      2301.235         4848.924   2.349902
96       218      213.099       186.477          216.683   1.142763
97       219      171.737       160.525          252.728   1.069846
98       220      168.931       137.549          146.223   1.228151
99       221      817.940       596.009          632.583   1.372362

[100 rows x 5 columns]",False
10,2,0.027794141322374344,"KstestResult(statistic=np.float64(0.09176962209302325), pvalue=np.float64(3.6166385323138e-05), statistic_location=np.float32(2.0275345), statistic_sign=np.int8(-1))",0.4922546015121043,"    query_id  bao_latency  best_latency  default_latency     regret
0        222       92.606        88.392          733.865   1.047674
1        223        0.398         0.365           40.266   1.090411
2        224      144.331       111.100          144.331   1.299109
3        225        0.320         0.227            0.320   1.409692
4        226      133.711        19.370          133.711   6.902994
..       ...          ...           ...              ...        ...
95       328        0.344         0.207            0.321   1.661836
96       329    14928.095      6718.033        11034.335   2.222093
97       330       35.939         1.165           35.939  30.848927
98       331        0.096         0.089            0.108   1.078652
99       332      159.016       139.778          327.332   1.137633

[100 rows x 5 columns]",False
10,3,0.02412281185388565,"KstestResult(statistic=np.float64(0.06831338304552591), pvalue=np.float64(0.004820512396543701), statistic_location=np.float32(2.198441), statistic_sign=np.int8(-1))",0.3541383623894087,"    query_id  bao_latency  best_latency  default_latency     regret
0        333       47.223        44.927           47.223   1.051105
1        335       45.687        43.940           43.940   1.039759
2        336     7822.400       562.478          612.836  13.907033
3        337     2248.249      2165.367         2248.249   1.038276
4        338    12889.119      3852.639        12889.119   3.345530
..       ...          ...           ...              ...        ...
95       437       38.627        19.796          299.069   1.951253
96       438     2047.213      1841.490         2047.213   1.111716
97       439      160.846       156.301         1297.617   1.029079
98       440      309.676       309.676          309.676   1.000000
99       441        0.089         0.061            1.008   1.459016

[100 rows x 5 columns]",False
10,4,0.02316785603761673,"KstestResult(statistic=np.float64(0.08135221962616822), pvalue=np.float64(0.00037976899536046153), statistic_location=np.float32(-1.1732831), statistic_sign=np.int8(1))",0.3084492499470084,"    query_id  bao_latency  best_latency  default_latency    regret
0        444      355.911       262.806          713.669  1.354273
1        446      291.441        61.816          291.441  4.714653
2        447      479.181       226.224          226.224  2.118170
3        449     1313.756      1181.678         1313.756  1.111772
4        450     3624.250      1327.353         3624.250  2.730434
..       ...          ...           ...              ...       ...
95       547       46.404        41.844           46.404  1.108976
96       548     1466.432      1429.309         4513.298  1.025973
97       549        0.080         0.048            0.080  1.666667
98       550     1358.017       684.706          978.039  1.983358
99       551       45.905        41.761           44.014  1.099231

[100 rows x 5 columns]",False
10,5,0.041315946727991104,"KstestResult(statistic=np.float64(0.11640625), pvalue=np.float64(5.678752711958432e-08), statistic_location=np.float32(1.9511786), statistic_sign=np.int8(-1))",0.6429357545450329,"    query_id  bao_latency  best_latency  default_latency    regret
0        552      805.557       794.171          929.726  1.014337
1        553     1066.394      1066.394         1123.571  1.000000
2        554       83.392        72.056           72.056  1.157322
3        555        0.691         0.298            2.559  2.318792
4        556        0.107         0.082            0.096  1.304878
..       ...          ...           ...              ...       ...
95       650    32869.809     23839.166        46578.137  1.378815
96       651     1107.122       635.928          867.117  1.740955
97       654        0.181         0.078            2.445  2.320513
98       655      673.514       535.437         1010.535  1.257877
99       656     2910.784      1905.820         2910.784  1.527313

[100 rows x 5 columns]",False
10,6,0.02236635610461235,"KstestResult(statistic=np.float64(0.05812205188679245), pvalue=np.float64(0.02537338618917647), statistic_location=np.float32(-5.314312), statistic_sign=np.int8(-1))",0.29244994750222975,"    query_id  bao_latency  best_latency  default_latency    regret
0        657     1426.724      1379.164         5028.581  1.034485
1        658      156.977        94.451          479.086  1.661994
2        659      284.954       188.245          553.828  1.513740
3        660     3000.317      1466.501         1745.093  2.045902
4        661        0.104         0.076         1672.826  1.368421
..       ...          ...           ...              ...       ...
95       758     1162.942      1130.330         1358.668  1.028852
96       759        0.048         0.032            0.048  1.500000
97       760     7483.387      5306.703         7483.387  1.410176
98       761      520.699       520.699         1136.807  1.000000
99       762        0.172         0.172         2065.654  1.000000

[100 rows x 5 columns]",False
10,7,0.018131837248802185,"KstestResult(statistic=np.float64(0.08777802059052059), pvalue=np.float64(9.234390987427599e-05), statistic_location=np.float32(-0.7811489), statistic_sign=np.int8(1))",0.43778846249767317,"    query_id  bao_latency  best_latency  default_latency      regret
0        763      459.811       361.508          591.025    1.271925
1        764     1794.305       140.955         1794.305   12.729630
2        765        0.041         0.041            0.055    1.000000
3        766      707.691       599.418          707.691    1.180630
4        767        1.816         1.773            1.816    1.024253
..       ...          ...           ...              ...         ...
95       861      190.104        88.413          190.104    2.150182
96       862     1423.039        12.064         1423.039  117.957477
97       863     2870.188      2563.737         7219.226    1.119533
98       864        0.222         0.197            0.251    1.126904
99       865      735.909       188.801          203.138    3.897802

[100 rows x 5 columns]",False
10,8,0.02153042145073414,"KstestResult(statistic=np.float64(0.0701474471830986), pvalue=np.float64(0.0034753433404543814), statistic_location=np.float32(-4.4277806), statistic_sign=np.int8(-1))",0.3310929824037008,"    query_id  bao_latency  best_latency  default_latency    regret
0        867     1866.342      1518.388         1759.727  1.229160
1        869     1012.931       842.546         1012.931  1.202226
2        870        0.112         0.084            0.109  1.333333
3        871      200.858        50.409           50.409  3.984566
4        872      187.415        62.367         1061.266  3.005035
..       ...          ...           ...              ...       ...
95       970     8079.997      4704.785         6085.952  1.717400
96       971     1288.502      1288.502         1497.180  1.000000
97       973      202.862        42.786           44.671  4.741317
98       974      151.696       141.534          151.696  1.071799
99       975     1325.415      1288.742         1474.313  1.028456

[100 rows x 5 columns]",False
10,9,0.013064419850707054,"KstestResult(statistic=np.float64(0.06595103346456693), pvalue=np.float64(0.007317971477394923), statistic_location=np.float32(-5.4503565), statistic_sign=np.int8(-1))",0.2729026033975711,"    query_id  bao_latency  best_latency  default_latency     regret
0        976     1381.761      1294.468         1381.761   1.067435
1        977    18141.599     11627.163        12435.601   1.560277
2        978        0.330         0.330          304.012   1.000000
3        980     3915.540        52.240          207.195  74.952910
4        981        1.606         1.344           53.895   1.194940
..       ...          ...           ...              ...        ...
95      1088      696.368       576.922          646.356   1.207040
96      1089     2024.640       688.357          688.357   2.941264
97      1090     5016.371       235.028         3514.857  21.343716
98      1091      555.345       423.583         1827.002   1.311065
99      1092        0.239         0.233            0.347   1.025751

[100 rows x 5 columns]",False
10,10,0.0,"KstestResult(statistic=np.float64(0.0), pvalue=np.float64(1.0), statistic_location=np.float32(-7.136666), statistic_sign=np.int8(1))",0.0,"    query_id  bao_latency  best_latency  default_latency    regret
0       1093      133.628       124.753          133.628  1.071141
1       1094        0.199         0.051          212.662  3.901961
2       1095        0.745         0.745            0.745  1.000000
3       1096      148.397       123.245          128.164  1.204081
4       1097      819.683       770.197          864.188  1.064251
..       ...          ...           ...              ...       ...
95      1195      112.588        48.224           49.254  2.334688
96      1196     3012.960      1911.202         2291.804  1.576474
97      1197        0.246         0.169          239.270  1.455621
98      1198      183.099       124.820          657.393  1.466904
99      1199      158.332       129.277          129.277  1.224750

[100 rows x 5 columns]",True
10,11,0.01912846975028515,"KstestResult(statistic=np.float64(0.046629062255285826), pvalue=np.float64(0.11858787964904943), statistic_location=np.float32(4.877981), statistic_sign=np.int8(1))",0.2518118507635744,"    query_id  bao_latency  best_latency  default_latency    regret
0       1200        1.840         0.653           38.108  2.817764
1       1201        0.073         0.065            0.073  1.123077
2       1202     9796.637      2838.032         9796.637  3.451912
3       1203       10.399         9.084          362.903  1.144760
4       1204        0.105         0.093            0.129  1.129032
..       ...          ...           ...              ...       ...
95      1304      163.545        93.762          163.545  1.744257
96      1305       56.774        56.774           67.442  1.000000
97      1306      118.631        64.906          140.133  1.827735
98      1307      225.462       198.714          719.361  1.134606
99      1308       54.758        54.702          459.285  1.001024

[100 rows x 5 columns]",False
10,12,0.04252175986766815,"KstestResult(statistic=np.float64(0.13096434200157606), pvalue=np.float64(5.36301333233186e-10), statistic_location=np.float32(0.65109396), statistic_sign=np.int8(-1))",0.7579200314169998,"    query_id  bao_latency  best_latency  default_latency     regret
0       1309      606.335       582.898          606.335   1.040208
1       1310      436.877       415.824          415.824   1.050630
2       1311      114.547        89.042           89.042   1.286438
3       1312       66.102        66.102           66.102   1.000000
4       1313      568.369       549.391          568.369   1.034544
..       ...          ...           ...              ...        ...
95      1412        0.114         0.114            0.186   1.000000
96      1413     2209.632      1999.996         2209.632   1.104818
97      1414      371.391       213.228          213.228   1.741755
98      1415        2.520         0.156            2.520  16.153846
99      1416      698.512       698.512         8265.208   1.000000

[100 rows x 5 columns]",False
10,13,0.023699358105659485,"KstestResult(statistic=np.float64(0.11043469708890637), pvalue=np.float64(3.074552615573187e-07), statistic_location=np.float32(1.4708736), statistic_sign=np.int8(-1))",0.525249437781609,"    query_id  bao_latency  best_latency  default_latency    regret
0       1417        0.634         0.257            5.023  2.466926
1       1418     8122.004      2072.275         8122.004  3.919366
2       1419        0.402         0.083            0.624  4.843373
3       1420      534.020       111.089          534.020  4.807137
4       1421      570.181       200.035          624.628  2.850406
..       ...          ...           ...              ...       ...
95      1525      526.686       526.686         1236.030  1.000000
96      1526     1405.049      1241.710         1405.049  1.131544
97      1527        0.073         0.071            0.073  1.028169
98      1528      147.234        59.953          155.919  2.455824
99      1529      558.181       271.854          558.181  2.053238

[100 rows x 5 columns]",False
10,14,0.02191665768623352,"KstestResult(statistic=np.float64(0.06681093505477308), pvalue=np.float64(0.00617945630810871), statistic_location=np.float32(2.4113414), statistic_sign=np.int8(-1))",0.2337132992196671,"    query_id  bao_latency  best_latency  default_latency     regret
0       1530        0.136         0.071            0.111   1.915493
1       1531       36.187        36.187           36.187   1.000000
2       1532       11.650         5.626            8.982   2.070743
3       1533      171.075       122.772          232.024   1.393437
4       1534     1067.981       862.344          864.973   1.238463
..       ...          ...           ...              ...        ...
95      1635       22.560        17.296           22.560   1.304348
96      1636      541.278       482.726          541.278   1.121294
97      1637     1079.698       771.261         1361.309   1.399913
98      1639        0.094         0.035            0.071   2.685714
99      1640        0.989         0.097            0.989  10.195876

[100 rows x 5 columns]",False
10,15,0.026666803285479546,"KstestResult(statistic=np.float64(0.06591225117096018), pvalue=np.float64(0.007329062318420326), statistic_location=np.float32(-0.2504065), statistic_sign=np.int8(-1))",0.46421379051153067,"    query_id  bao_latency  best_latency  default_latency     regret
0       1642        7.686         7.584            7.686   1.013449
1       1643      782.246       486.382          979.381   1.608296
2       1644      475.365       109.377          475.365   4.346115
3       1645      578.753       578.753          578.753   1.000000
4       1646        5.091         0.216            5.091  23.569444
..       ...          ...           ...              ...        ...
95      1745     3398.949      3398.949         3651.022   1.000000
96      1746      268.324         4.797          268.324  55.935793
97      1747        0.289         0.130            3.261   2.223077
98      1748       88.298        88.298          155.548   1.000000
99      1749        0.091         0.050            0.110   1.820000

[100 rows x 5 columns]",False
10,16,0.04792853072285652,"KstestResult(statistic=np.float64(0.11515796165884194), pvalue=np.float64(7.147965819075873e-08), statistic_location=np.float32(-0.6317084), statistic_sign=np.int8(-1))",0.7644621127225307,"    query_id  bao_latency  best_latency  default_latency    regret
0       1750      449.157       195.010          449.157  2.303251
1       1751      129.196       129.196          129.196  1.000000
2       1752        0.086         0.074            2.363  1.162162
3       1753     3424.240      3039.182         3424.240  1.126698
4       1754      224.202        46.495           46.495  4.822067
..       ...          ...           ...              ...       ...
95      1851      506.422       396.877          550.506  1.276018
96      1852        0.076         0.076            4.811  1.000000
97      1853        0.386         0.186            0.946  2.075269
98      1854      155.788       141.892          169.085  1.097934
99      1855     3724.888      3221.756         5141.806  1.156167

[100 rows x 5 columns]",False
10,17,0.025742579251527786,"KstestResult(statistic=np.float64(0.10583784448818898), pvalue=np.float64(1.1099724639766698e-06), statistic_location=np.float32(1.7446036), statistic_sign=np.int8(-1))",0.4036682374584746,"    query_id  bao_latency  best_latency  default_latency     regret
0       1856     3116.150      2369.999         3201.138   1.314832
1       1857    15532.149     15485.820        36286.284   1.002992
2       1858     3339.387       664.550         3339.387   5.025035
3       1861        0.121         0.090            2.266   1.344444
4       1862     1424.161       991.737         1376.264   1.436027
..       ...          ...           ...              ...        ...
95      1963        0.986         0.986            0.986   1.000000
96      1964     1937.796      1924.456         1975.180   1.006932
97      1965      679.775       187.099          679.775   3.633237
98      1967     1732.644      1584.036         1605.321   1.093816
99      1968     2465.067       140.528         1979.644  17.541465

[100 rows x 5 columns]",False
10,18,0.019557354971766472,"KstestResult(statistic=np.float64(0.0671259842519685), pvalue=np.float64(0.005987308933619486), statistic_location=np.float32(-4.4353647), statistic_sign=np.int8(-1))",0.31845756147614146,"    query_id  bao_latency  best_latency  default_latency    regret
0       1969    37571.635     37372.373        44222.331  1.005332
1       1970        0.066         0.066            1.174  1.000000
2       1971     1970.024      1583.045         1970.024  1.244452
3       1972      371.453       224.522          765.279  1.654417
4       1973      127.965       117.160          117.160  1.092224
..       ...          ...           ...              ...       ...
95      2077    17858.760      8183.780        12250.051  2.182214
96      2078      154.357       139.725          139.725  1.104720
97      2079        0.099         0.093            0.099  1.064516
98      2080      333.143       323.798          333.143  1.028861
99      2081      115.225       114.680          115.225  1.004752

[100 rows x 5 columns]",False
10,19,0.02810361608862877,"KstestResult(statistic=np.float64(0.11158245716510903), pvalue=np.float64(2.0394230048392572e-07), statistic_location=np.float32(1.9956412), statistic_sign=np.int8(-1))",0.45171243275118256,"    query_id  bao_latency  best_latency  default_latency    regret
0       2082       51.572        49.305          101.448  1.045979
1       2083     5913.346      1555.021         5913.346  3.802743
2       2084      249.023       195.418          213.074  1.274309
3       2085      542.746       540.268          575.816  1.004587
4       2086       43.729        34.831           34.831  1.255462
..       ...          ...           ...              ...       ...
95      2183      162.733        49.413          169.428  3.293324
96      2184       56.049        54.429           56.049  1.029764
97      2185     3637.614      2332.156         3637.614  1.559764
98      2186      169.518        39.958          189.188  4.242405
99      2187    16343.445     15328.462        15328.462  1.066216

[100 rows x 5 columns]",False
10,20,0.018475119024515152,"KstestResult(statistic=np.float64(0.0722968016431925), pvalue=np.float64(0.00231291296270914), statistic_location=np.float32(2.1151776), statistic_sign=np.int8(-1))",0.3295251262404829,"    query_id  bao_latency  best_latency  default_latency      regret
0       2188       50.816        43.584         1109.993    1.165932
1       2189      611.878        50.757          611.878   12.055047
2       2190      362.951       189.468          362.951    1.915632
3       2191     3237.782      1884.464         3237.782    1.718145
4       2192     1055.052         4.959           60.036  212.754991
..       ...          ...           ...              ...         ...
95      2296     5849.980      1064.475         5849.980    5.495648
96      2297     1394.684        52.203          252.029   26.716549
97      2298        6.813         6.589           25.689    1.033996
98      2299      355.366       355.366          476.009    1.000000
99      2300        2.512         0.120            2.512   20.933333

[100 rows x 5 columns]",False
10,21,0.018284868448972702,"KstestResult(statistic=np.float64(0.0895527679968701), pvalue=np.float64(6.396112574338782e-05), statistic_location=np.float32(-2.0679722), statistic_sign=np.int8(1))",0.23224359418255322,"    query_id  bao_latency  best_latency  default_latency     regret
0       2301      199.675       199.675          199.675   1.000000
1       2302        0.277         0.098           40.524   2.826531
2       2303    37701.312      1150.995         1325.366  32.755409
3       2304        0.059         0.055            0.134   1.072727
4       2305        0.129         0.077           55.630   1.675325
..       ...          ...           ...              ...        ...
95      2407        0.061         0.061            0.092   1.000000
96      2408      215.791       124.538         3216.453   1.732732
97      2410     8858.880      8838.983         9248.877   1.002251
98      2411      313.279       166.180          313.279   1.885179
99      2412    32641.357      1193.993         1289.955  27.337980

[100 rows x 5 columns]",False
10,22,0.04491898790001869,"KstestResult(statistic=np.float64(0.15302209177708495), pvalue=np.float64(1.471894554592854e-13), statistic_location=np.float32(1.6330407), statistic_sign=np.int8(-1))",0.6261061023837295,"    query_id  bao_latency  best_latency  default_latency       regret
0       2414        0.227         0.087            0.087     2.609195
1       2416      414.539       405.447          414.539     1.022425
2       2417    35438.688      5350.798        35438.688     6.623066
3       2418     5517.619      2745.343         6892.147     2.009810
4       2419     1676.634        49.431           50.259    33.918675
..       ...          ...           ...              ...          ...
95      2521    13794.202     13573.417        14900.987     1.016266
96      2522        0.043         0.042            0.065     1.023810
97      2523        0.231         0.193            0.834     1.196891
98      2525      434.311         0.076          434.311  5714.618421
99      2526        0.553         0.102            0.553     5.421569

[100 rows x 5 columns]",False
10,23,0.037405677139759064,"KstestResult(statistic=np.float64(0.07059096534653465), pvalue=np.float64(0.051078988239553626), statistic_location=np.float32(-4.9647245), statistic_sign=np.int8(-1))",0.36007237994287267,"    query_id  bao_latency  best_latency  default_latency      regret
0       2527       58.430        50.108          242.126    1.166081
1       2528      705.912       705.912          705.912    1.000000
2       2529     1162.004      1053.647         1162.004    1.102840
3       2530       67.990        60.759           60.759    1.119011
4       2531     1998.128      1507.124         1507.124    1.325789
5       2532      167.839        78.852          167.839    2.128532
6       2533        0.335         0.299            1.000    1.120401
7       2534       11.050         0.331           11.050   33.383686
8       2535        0.323         0.299            0.437    1.080268
9       2536     1917.127      1656.217         1809.926    1.157534
10      2537     1735.514      1309.471         1694.821    1.325355
11      2538      145.679       116.251          145.679    1.253142
12      2539       64.366        59.628           64.366    1.079459
13      2540      802.170       773.446          802.170    1.037138
14      2541     3231.749      1217.855         3309.322    2.653640
15      2542       22.869         9.817           22.869    2.329530
16      2543        0.123         0.083            0.123    1.481928
17      2544      311.426       255.760          311.426    1.217649
18      2545     2372.781      2223.666         2410.180    1.067058
19      2546     1964.765       869.000          869.000    2.260949
20      2547       43.049        35.106           98.914    1.226258
21      2548     3450.986      3393.097         3934.745    1.017061
22      2549        0.107         0.067            7.470    1.597015
23      2550        0.010         0.007            0.010    1.428571
24      2551      217.748       192.180          271.975    1.133042
25      2552      151.094        92.466          100.547    1.634049
26      2553      210.138        51.707         4583.443    4.064015
27      2554     1668.021        14.023         1668.021  118.948941
28      2555       93.362        59.671          143.008    1.564613
29      2556      220.690         3.296          220.690   66.956917
30      2557        0.091         0.037            0.091    2.459459
31      2559      897.080       897.080          897.080    1.000000
32      2560      113.438       111.589          162.946    1.016570
33      2561        0.232         0.165          159.401    1.406061
34      2562     6616.023       508.171         2813.506   13.019285
35      2563        0.541         0.354          188.877    1.528249
36      2564      183.560       169.186          235.633    1.084960
37      2565        0.088         0.081            0.088    1.086420
38      2567      203.492       203.492          203.492    1.000000",False
11,0,0.03546730428934097,"KstestResult(statistic=np.float64(0.12411964557680094), pvalue=np.float64(5.123618438637452e-09), statistic_location=np.float32(-2.32613), statistic_sign=np.int8(-1))",0.6421891800348591,"    query_id  bao_latency  best_latency  default_latency     regret
0          1     8115.843       374.589          374.589  21.665994
1          2       48.971        48.971           48.971   1.000000
2          3      277.548       176.568          176.568   1.571904
3          4      238.709        89.703           89.703   2.661104
4          5        0.069         0.060            0.232   1.150000
..       ...          ...           ...              ...        ...
95       102      861.195       689.220          861.195   1.249521
96       103     1713.176      1037.111         1321.644   1.651873
97       104      257.397       210.249          230.305   1.224248
98       105        0.082         0.067            0.082   1.223881
99       106        0.865         0.343            0.413   2.521866

[100 rows x 5 columns]",False
11,1,0.033796556293964386,"KstestResult(statistic=np.float64(0.08175190704856415), pvalue=np.float64(0.0003568955058099565), statistic_location=np.float32(-2.6432877), statistic_sign=np.int8(-1))",0.5878916380012071,"    query_id  bao_latency  best_latency  default_latency     regret
0        107        0.043         0.029            0.043   1.482759
1        108     2119.711        79.822          213.983  26.555473
2        110        3.096         0.049            3.096  63.183673
3        111        0.951         0.072            0.951  13.208333
4        112      768.127       768.127         2605.613   1.000000
..       ...          ...           ...              ...        ...
95       217     2883.621      2301.235         4848.924   1.253075
96       218      245.916       186.477          216.683   1.318747
97       219      214.855       160.525          252.728   1.338452
98       220      168.931       137.549          146.223   1.228151
99       221      632.583       596.009          632.583   1.061365

[100 rows x 5 columns]",False
11,2,0.04328189790248871,"KstestResult(statistic=np.float64(0.09857769845750396), pvalue=np.float64(6.864806399302469e-06), statistic_location=np.float32(4.4224253), statistic_sign=np.int8(-1))",0.5812858223755173,"    query_id  bao_latency  best_latency  default_latency      regret
0        222      733.865        88.392          733.865    8.302392
1        223        0.398         0.365           40.266    1.090411
2        224      149.262       111.100          144.331    1.343492
3        225        0.320         0.227            0.320    1.409692
4        226       26.872        19.370          133.711    1.387300
..       ...          ...           ...              ...         ...
95       328        0.504         0.207            0.321    2.434783
96       329     6718.033      6718.033        11034.335    1.000000
97       330      200.539         1.165           35.939  172.136481
98       331        0.091         0.089            0.108    1.022472
99       332      159.016       139.778          327.332    1.137633

[100 rows x 5 columns]",False
11,3,0.03605247288942337,"KstestResult(statistic=np.float64(0.05447544959794652), pvalue=np.float64(0.043019723658168245), statistic_location=np.float32(3.3901553), statistic_sign=np.int8(-1))",0.41670452059855856,"    query_id  bao_latency  best_latency  default_latency     regret
0        333       47.223        44.927           47.223   1.051105
1        335       45.687        43.940           43.940   1.039759
2        336      686.005       562.478          612.836   1.219612
3        337     2188.235      2165.367         2248.249   1.010561
4        338     3852.639      3852.639        12889.119   1.000000
..       ...          ...           ...              ...        ...
95       437       36.394        19.796          299.069   1.838452
96       438     1849.978      1841.490         2047.213   1.004609
97       439      160.846       156.301         1297.617   1.029079
98       440      341.566       309.676          309.676   1.102979
99       441        1.092         0.061            1.008  17.901639

[100 rows x 5 columns]",False
11,4,0.02220160886645317,"KstestResult(statistic=np.float64(0.06729898979549519), pvalue=np.float64(0.005663345519881467), statistic_location=np.float32(-1.9693758), statistic_sign=np.int8(-1))",0.5173809610506297,"    query_id  bao_latency  best_latency  default_latency    regret
0        444      692.595       262.806          713.669  2.635385
1        446       67.049        61.816          291.441  1.084654
2        447      479.181       226.224          226.224  2.118170
3        449     1313.756      1181.678         1313.756  1.111772
4        450     3624.250      1327.353         3624.250  2.730434
..       ...          ...           ...              ...       ...
95       547       52.946        41.844           46.404  1.265319
96       548     1482.336      1429.309         4513.298  1.037100
97       549        0.080         0.048            0.080  1.666667
98       550     1358.017       684.706          978.039  1.983358
99       551       44.014        41.761           44.014  1.053950

[100 rows x 5 columns]",False
11,5,0.02755451202392578,"KstestResult(statistic=np.float64(0.08105178151918559), pvalue=np.float64(0.00041259927083712474), statistic_location=np.float32(3.9780734), statistic_sign=np.int8(-1))",0.6961177271164329,"    query_id  bao_latency  best_latency  default_latency    regret
0        552      805.557       794.171          929.726  1.014337
1        553     1222.895      1066.394         1123.571  1.146757
2        554       94.038        72.056           72.056  1.305068
3        555        0.328         0.298            2.559  1.100671
4        556        0.096         0.082            0.096  1.170732
..       ...          ...           ...              ...       ...
95       650    35208.021     23839.166        46578.137  1.476898
96       651      744.788       635.928          867.117  1.171183
97       654        0.101         0.078            2.445  1.294872
98       655     1010.535       535.437         1010.535  1.887309
99       656     2910.784      1905.820         2910.784  1.527313

[100 rows x 5 columns]",False
11,6,0.015114568173885345,"KstestResult(statistic=np.float64(0.07178651812670223), pvalue=np.float64(0.0026118343345111275), statistic_location=np.float32(-2.0325122), statistic_sign=np.int8(-1))",0.4991631311325542,"    query_id  bao_latency  best_latency  default_latency    regret
0        657     1468.913      1379.164         5028.581  1.065075
1        658      479.086        94.451          479.086  5.072323
2        659      553.261       188.245          553.828  2.939048
3        660     1466.501      1466.501         1745.093  1.000000
4        661        0.104         0.076         1672.826  1.368421
..       ...          ...           ...              ...       ...
95       758     1162.942      1130.330         1358.668  1.028852
96       759        0.048         0.032            0.048  1.500000
97       760     5306.703      5306.703         7483.387  1.000000
98       761      698.908       520.699         1136.807  1.342250
99       762        0.213         0.172         2065.654  1.238372

[100 rows x 5 columns]",False
11,7,0.03847533464431763,"KstestResult(statistic=np.float64(0.09052697932885874), pvalue=np.float64(4.964860174305239e-05), statistic_location=np.float32(-2.1317623), statistic_sign=np.int8(-1))",0.6900915286992377,"    query_id  bao_latency  best_latency  default_latency    regret
0        763      361.508       361.508          591.025  1.000000
1        764      140.955       140.955         1794.305  1.000000
2        765        0.055         0.041            0.055  1.341463
3        766      632.225       599.418          707.691  1.054731
4        767        2.583         1.773            1.816  1.456853
..       ...          ...           ...              ...       ...
95       861      160.509        88.413          190.104  1.815446
96       862       12.064        12.064         1423.039  1.000000
97       863     2897.262      2563.737         7219.226  1.130093
98       864        0.197         0.197            0.251  1.000000
99       865      287.981       188.801          203.138  1.525315

[100 rows x 5 columns]",False
11,8,0.01735740154981613,"KstestResult(statistic=np.float64(0.07289985453484853), pvalue=np.float64(0.0021263552525959805), statistic_location=np.float32(-4.986514), statistic_sign=np.int8(-1))",0.42025735212452586,"    query_id  bao_latency  best_latency  default_latency    regret
0        867     1866.342      1518.388         1759.727  1.229160
1        869     1012.931       842.546         1012.931  1.202226
2        870        0.109         0.084            0.109  1.297619
3        871       50.409        50.409           50.409  1.000000
4        872      187.415        62.367         1061.266  3.005035
..       ...          ...           ...              ...       ...
95       970     8079.997      4704.785         6085.952  1.717400
96       971     1351.744      1288.502         1497.180  1.049082
97       973      202.862        42.786           44.671  4.741317
98       974      141.534       141.534          151.696  1.000000
99       975     1325.415      1288.742         1474.313  1.028456

[100 rows x 5 columns]",False
11,9,0.027644772082567215,"KstestResult(statistic=np.float64(0.07574716825236313), pvalue=np.float64(0.0012417154971465743), statistic_location=np.float32(-1.2169933), statistic_sign=np.int8(-1))",0.41106666126472263,"    query_id  bao_latency  best_latency  default_latency     regret
0        976     1328.599      1294.468         1381.761   1.026367
1        977    12102.342     11627.163        12435.601   1.040868
2        978        0.330         0.330          304.012   1.000000
3        980     3915.540        52.240          207.195  74.952910
4        981        4.170         1.344           53.895   3.102679
..       ...          ...           ...              ...        ...
95      1088      696.368       576.922          646.356   1.207040
96      1089      907.601       688.357          688.357   1.318503
97      1090      261.998       235.028         3514.857   1.114752
98      1091      555.345       423.583         1827.002   1.311065
99      1092        0.304         0.233            0.347   1.304721

[100 rows x 5 columns]",False
11,10,0.022897176444530487,"KstestResult(statistic=np.float64(0.06944009397024276), pvalue=np.float64(0.003920123548691627), statistic_location=np.float32(2.35785), statistic_sign=np.int8(1))",0.31907889816921703,"    query_id  bao_latency  best_latency  default_latency    regret
0       1093      150.288       124.753          133.628  1.204684
1       1094        0.199         0.051          212.662  3.901961
2       1095        1.341         0.745            0.745  1.800000
3       1096      148.397       123.245          128.164  1.204081
4       1097      809.241       770.197          864.188  1.050694
..       ...          ...           ...              ...       ...
95      1195       49.254        48.224           49.254  1.021359
96      1196     3012.960      1911.202         2291.804  1.576474
97      1197        0.246         0.169          239.270  1.455621
98      1198     1021.154       124.820          657.393  8.181013
99      1199      223.238       129.277          129.277  1.726819

[100 rows x 5 columns]",False
11,11,0.0,"KstestResult(statistic=np.float64(0.0), pvalue=np.float64(1.0), statistic_location=np.float32(-8.26383), statistic_sign=np.int8(1))",0.0,"    query_id  bao_latency  best_latency  default_latency    regret
0       1200        1.107         0.653           38.108  1.695253
1       1201        0.068         0.065            0.073  1.046154
2       1202     2990.804      2838.032         9796.637  1.053830
3       1203       12.765         9.084          362.903  1.405218
4       1204        0.105         0.093            0.129  1.129032
..       ...          ...           ...              ...       ...
95      1304       98.946        93.762          163.545  1.055289
96      1305       56.774        56.774           67.442  1.000000
97      1306       69.527        64.906          140.133  1.071195
98      1307      258.096       198.714          719.361  1.298831
99      1308       54.702        54.702          459.285  1.000000

[100 rows x 5 columns]",True
11,12,0.04974876344203949,"KstestResult(statistic=np.float64(0.13140653607838998), pvalue=np.float64(4.736664569827843e-10), statistic_location=np.float32(-1.9680624), statistic_sign=np.int8(-1))",1.0881966658493107,"    query_id  bao_latency  best_latency  default_latency     regret
0       1309      606.335       582.898          606.335   1.040208
1       1310      436.877       415.824          415.824   1.050630
2       1311      149.523        89.042           89.042   1.679241
3       1312       66.646        66.102           66.102   1.008230
4       1313      568.369       549.391          568.369   1.034544
..       ...          ...           ...              ...        ...
95      1412        0.194         0.114            0.186   1.701754
96      1413     2333.190      1999.996         2209.632   1.166597
97      1414      427.586       213.228          213.228   2.005299
98      1415        2.520         0.156            2.520  16.153846
99      1416      698.512       698.512         8265.208   1.000000

[100 rows x 5 columns]",False
11,13,0.038233883678913116,"KstestResult(statistic=np.float64(0.11291277562786996), pvalue=np.float64(1.538357145862028e-07), statistic_location=np.float32(3.7147846), statistic_sign=np.int8(-1))",0.7930658535266356,"    query_id  bao_latency  best_latency  default_latency    regret
0       1417        1.226         0.257            5.023  4.770428
1       1418    20050.574      2072.275         8122.004  9.675634
2       1419        0.402         0.083            0.624  4.843373
3       1420      113.643       111.089          534.020  1.022991
4       1421      576.098       200.035          624.628  2.879986
..       ...          ...           ...              ...       ...
95      1525     1306.741       526.686         1236.030  2.481063
96      1526     1405.049      1241.710         1405.049  1.131544
97      1527        0.100         0.071            0.073  1.408451
98      1528      236.264        59.953          155.919  3.940820
99      1529      558.181       271.854          558.181  2.053238

[100 rows x 5 columns]",False
11,14,0.018146580085158348,"KstestResult(statistic=np.float64(0.03359852843678271), pvalue=np.float64(0.44970566888525565), statistic_location=np.float32(5.172479), statistic_sign=np.int8(-1))",0.21748502088071403,"    query_id  bao_latency  best_latency  default_latency     regret
0       1530        0.097         0.071            0.111   1.366197
1       1531       36.187        36.187           36.187   1.000000
2       1532       11.650         5.626            8.982   2.070743
3       1533     1738.660       122.772          232.024  14.161698
4       1534     1067.981       862.344          864.973   1.238463
..       ...          ...           ...              ...        ...
95      1635       22.560        17.296           22.560   1.304348
96      1636      518.025       482.726          541.278   1.073124
97      1637      975.558       771.261         1361.309   1.264887
98      1639        0.046         0.035            0.071   1.314286
99      1640        0.309         0.097            0.989   3.185567

[100 rows x 5 columns]",False
11,15,0.043402671813964844,"KstestResult(statistic=np.float64(0.08385065260169565), pvalue=np.float64(0.0002276258077626528), statistic_location=np.float32(-2.1652148), statistic_sign=np.int8(-1))",0.7037688249439655,"    query_id  bao_latency  best_latency  default_latency     regret
0       1642        7.686         7.584            7.686   1.013449
1       1643      486.382       486.382          979.381   1.000000
2       1644      158.028       109.377          475.365   1.444801
3       1645      578.753       578.753          578.753   1.000000
4       1646        0.343         0.216            5.091   1.587963
..       ...          ...           ...              ...        ...
95      1745     3398.949      3398.949         3651.022   1.000000
96      1746      137.912         4.797          268.324  28.749635
97      1747        0.289         0.130            3.261   2.223077
98      1748      155.548        88.298          155.548   1.761625
99      1749        0.091         0.050            0.110   1.820000

[100 rows x 5 columns]",False
11,16,0.06803271919488907,"KstestResult(statistic=np.float64(0.15053927497815572), pvalue=np.float64(4.57475412789477e-13), statistic_location=np.float32(-2.093886), statistic_sign=np.int8(-1))",1.1776478657285776,"    query_id  bao_latency  best_latency  default_latency     regret
0       1750      254.067       195.010          449.157   1.302841
1       1751      129.196       129.196          129.196   1.000000
2       1752        2.363         0.074            2.363  31.932432
3       1753     3039.182      3039.182         3424.240   1.000000
4       1754       46.495        46.495           46.495   1.000000
..       ...          ...           ...              ...        ...
95      1851      587.443       396.877          550.506   1.480164
96      1852        1.878         0.076            4.811  24.710526
97      1853        0.946         0.186            0.946   5.086022
98      1854      173.656       141.892          169.085   1.223860
99      1855     3724.888      3221.756         5141.806   1.156167

[100 rows x 5 columns]",False
11,17,0.023298071697354317,"KstestResult(statistic=np.float64(0.06952996380542487), pvalue=np.float64(0.003952437355529395), statistic_location=np.float32(-1.5244), statistic_sign=np.int8(-1))",0.5663363204506242,"    query_id  bao_latency  best_latency  default_latency    regret
0       1856     2404.211      2369.999         3201.138  1.014435
1       1857    20751.278     15485.820        36286.284  1.340018
2       1858      726.371       664.550         3339.387  1.093027
3       1861        0.121         0.090            2.266  1.344444
4       1862     1516.279       991.737         1376.264  1.528912
..       ...          ...           ...              ...       ...
95      1963        1.130         0.986            0.986  1.146045
96      1964     2104.123      1924.456         1975.180  1.093360
97      1965      231.289       187.099          679.775  1.236185
98      1967     1605.321      1584.036         1605.321  1.013437
99      1968      198.076       140.528         1979.644  1.409513

[100 rows x 5 columns]",False
11,18,0.027401253581047058,"KstestResult(statistic=np.float64(0.074701410170244), pvalue=np.float64(0.001518968493580419), statistic_location=np.float32(-5.107252), statistic_sign=np.int8(-1))",0.3808810922923385,"    query_id  bao_latency  best_latency  default_latency     regret
0       1969    53521.234     37372.373        44222.331   1.432107
1       1970        1.609         0.066            1.174  24.378788
2       1971     1583.045      1583.045         1970.024   1.000000
3       1972      582.932       224.522          765.279   2.596325
4       1973      117.160       117.160          117.160   1.000000
..       ...          ...           ...              ...        ...
95      2077    17858.760      8183.780        12250.051   2.182214
96      2078      205.968       139.725          139.725   1.474096
97      2079        0.099         0.093            0.099   1.064516
98      2080      372.799       323.798          333.143   1.151332
99      2081      149.949       114.680          115.225   1.307543

[100 rows x 5 columns]",False
11,19,0.02906014397740364,"KstestResult(statistic=np.float64(0.06393306449842286), pvalue=np.float64(0.010007383808325481), statistic_location=np.float32(3.3219082), statistic_sign=np.int8(-1))",0.5065932635365957,"    query_id  bao_latency  best_latency  default_latency    regret
0       2082       49.305        49.305          101.448  1.000000
1       2083     1580.447      1555.021         5913.346  1.016351
2       2084      249.023       195.418          213.074  1.274309
3       2085      575.816       540.268          575.816  1.065797
4       2086       43.729        34.831           34.831  1.255462
..       ...          ...           ...              ...       ...
95      2183       49.572        49.413          169.428  1.003218
96      2184       59.798        54.429           56.049  1.098642
97      2185     3637.614      2332.156         3637.614  1.559764
98      2186       39.958        39.958          189.188  1.000000
99      2187    15328.462     15328.462        15328.462  1.000000

[100 rows x 5 columns]",False
11,20,0.025195224210619926,"KstestResult(statistic=np.float64(0.0773471421060952), pvalue=np.float64(0.0008578964665860014), statistic_location=np.float32(3.2392256), statistic_sign=np.int8(-1))",0.5216318394332009,"    query_id  bao_latency  best_latency  default_latency    regret
0       2188       50.816        43.584         1109.993  1.165932
1       2189       50.934        50.757          611.878  1.003487
2       2190      882.179       189.468          362.951  4.656084
3       2191     1884.464      1884.464         3237.782  1.000000
4       2192       12.603         4.959           60.036  2.541440
..       ...          ...           ...              ...       ...
95      2296     2349.251      1064.475         5849.980  2.206957
96      2297       61.842        52.203          252.029  1.184645
97      2298        6.813         6.589           25.689  1.033996
98      2299      355.366       355.366          476.009  1.000000
99      2300        0.144         0.120            2.512  1.200000

[100 rows x 5 columns]",False
11,21,0.016582796350121498,"KstestResult(statistic=np.float64(0.056819644045426304), pvalue=np.float64(0.030202815194311634), statistic_location=np.float32(0.9397793), statistic_sign=np.int8(-1))",0.32884705466768316,"    query_id  bao_latency  best_latency  default_latency    regret
0       2301      223.388       199.675          199.675  1.118758
1       2302        0.199         0.098           40.524  2.030612
2       2303     1319.835      1150.995         1325.366  1.146690
3       2304        0.059         0.055            0.134  1.072727
4       2305        0.129         0.077           55.630  1.675325
..       ...          ...           ...              ...       ...
95      2407        0.065         0.061            0.092  1.065574
96      2408      124.538       124.538         3216.453  1.000000
97      2410     9248.877      8838.983         9248.877  1.046373
98      2411      418.022       166.180          313.279  2.515477
99      2412     1289.955      1193.993         1289.955  1.080371

[100 rows x 5 columns]",False
11,22,0.033324647694826126,"KstestResult(statistic=np.float64(0.09269887346793287), pvalue=np.float64(3.0203490140733307e-05), statistic_location=np.float32(0.9176495), statistic_sign=np.int8(-1))",0.7406714956816365,"    query_id  bao_latency  best_latency  default_latency      regret
0       2414        0.202         0.087            0.087    2.321839
1       2416      437.967       405.447          414.539    1.080208
2       2417     5839.201      5350.798        35438.688    1.091277
3       2418     6892.147      2745.343         6892.147    2.510487
4       2419     2078.001        49.431           50.259   42.038417
..       ...          ...           ...              ...         ...
95      2521    13794.202     13573.417        14900.987    1.016266
96      2522        0.065         0.042            0.065    1.547619
97      2523        0.449         0.193            0.834    2.326425
98      2525       52.214         0.076          434.311  687.026316
99      2526        0.553         0.102            0.553    5.421569

[100 rows x 5 columns]",False
11,23,0.043698884546756744,"KstestResult(statistic=np.float64(0.060136303371919025), pvalue=np.float64(0.13890052353604987), statistic_location=np.float32(5.1616917), statistic_sign=np.int8(1))",0.3194480282683399,"    query_id  bao_latency  best_latency  default_latency      regret
0       2527       58.823        50.108          242.126    1.173924
1       2528      831.411       705.912          705.912    1.177783
2       2529     1816.989      1053.647         1162.004    1.724476
3       2530       60.759        60.759           60.759    1.000000
4       2531     2037.172      1507.124         1507.124    1.351695
5       2532       85.922        78.852          167.839    1.089662
6       2533        0.388         0.299            1.000    1.297659
7       2534        0.468         0.331           11.050    1.413897
8       2535        0.417         0.299            0.437    1.394649
9       2536     1709.110      1656.217         1809.926    1.031936
10      2537     1884.807      1309.471         1694.821    1.439365
11      2538      120.813       116.251          145.679    1.039243
12      2539       62.817        59.628           64.366    1.053482
13      2540      802.170       773.446          802.170    1.037138
14      2541     1606.843      1217.855         3309.322    1.319404
15      2542       10.446         9.817           22.869    1.064073
16      2543        0.123         0.083            0.123    1.481928
17      2544      255.760       255.760          311.426    1.000000
18      2545     2466.649      2223.666         2410.180    1.109271
19      2546      869.000       869.000          869.000    1.000000
20      2547       43.049        35.106           98.914    1.226258
21      2548     3450.986      3393.097         3934.745    1.017061
22      2549        7.470         0.067            7.470  111.492537
23      2550        0.010         0.007            0.010    1.428571
24      2551      217.748       192.180          271.975    1.133042
25      2552      122.466        92.466          100.547    1.324444
26      2553      210.138        51.707         4583.443    4.064015
27      2554       59.019        14.023         1668.021    4.208729
28      2555       65.797        59.671          143.008    1.102663
29      2556        7.292         3.296          220.690    2.212379
30      2557        0.055         0.037            0.091    1.486486
31      2559      968.120       897.080          897.080    1.079190
32      2560      111.589       111.589          162.946    1.000000
33      2561        0.232         0.165          159.401    1.406061
34      2562     2813.506       508.171         2813.506    5.536534
35      2563        0.354         0.354          188.877    1.000000
36      2564      183.560       169.186          235.633    1.084960
37      2565        0.088         0.081            0.088    1.086420
38      2567      763.476       203.492          203.492    3.751872",False
12,0,0.02025098353624344,"KstestResult(statistic=np.float64(0.06948617238448031), pvalue=np.float64(0.004170933160179826), statistic_location=np.float32(1.7158456), statistic_sign=np.int8(1))",0.24547324605683193,"    query_id  bao_latency  best_latency  default_latency    regret
0          1      418.318       374.589          374.589  1.116739
1          2      205.909        48.971           48.971  4.204713
2          3      204.036       176.568          176.568  1.155566
3          4       89.703        89.703           89.703  1.000000
4          5        0.232         0.060            0.232  3.866667
..       ...          ...           ...              ...       ...
95       102     2930.068       689.220          861.195  4.251281
96       103     2249.160      1037.111         1321.644  2.168678
97       104      230.305       210.249          230.305  1.095392
98       105        0.082         0.067            0.082  1.223881
99       106        0.755         0.343            0.413  2.201166

[100 rows x 5 columns]",False
12,1,0.0213216170668602,"KstestResult(statistic=np.float64(0.084623958212034), pvalue=np.float64(0.00019956710395521937), statistic_location=np.float32(-0.62150264), statistic_sign=np.int8(1))",0.4292045350945567,"    query_id  bao_latency  best_latency  default_latency     regret
0        107        0.035         0.029            0.043   1.206897
1        108     6852.802        79.822          213.983  85.851044
2        110        0.066         0.049            3.096   1.346939
3        111        0.091         0.072            0.951   1.263889
4        112     2605.613       768.127         2605.613   3.392164
..       ...          ...           ...              ...        ...
95       217     5407.677      2301.235         4848.924   2.349902
96       218      213.099       186.477          216.683   1.142763
97       219      176.279       160.525          252.728   1.098140
98       220      146.223       137.549          146.223   1.063061
99       221      659.093       596.009          632.583   1.105844

[100 rows x 5 columns]",False
12,2,0.02870391309261322,"KstestResult(statistic=np.float64(0.06768926274121721), pvalue=np.float64(0.0053251326259112376), statistic_location=np.float32(0.15494871), statistic_sign=np.int8(1))",0.29600838272974467,"    query_id  bao_latency  best_latency  default_latency     regret
0        222      733.865        88.392          733.865   8.302392
1        223        0.452         0.365           40.266   1.238356
2        224      327.772       111.100          144.331   2.950243
3        225        0.527         0.227            0.320   2.321586
4        226      133.711        19.370          133.711   6.902994
..       ...          ...           ...              ...        ...
95       328        0.504         0.207            0.321   2.434783
96       329    14928.095      6718.033        11034.335   2.222093
97       330       35.939         1.165           35.939  30.848927
98       331        0.130         0.089            0.108   1.460674
99       332      305.498       139.778          327.332   2.185594

[100 rows x 5 columns]",False
12,3,0.03241164982318878,"KstestResult(statistic=np.float64(0.09974107846448271), pvalue=np.float64(5.733540416537411e-06), statistic_location=np.float32(-1.1131964), statistic_sign=np.int8(1))",0.5244703327533529,"    query_id  bao_latency  best_latency  default_latency    regret
0        333       47.223        44.927           47.223  1.051105
1        335       45.687        43.940           43.940  1.039759
2        336      670.506       562.478          612.836  1.192057
3        337     2263.927      2165.367         2248.249  1.045517
4        338    13176.637      3852.639        12889.119  3.420159
..       ...          ...           ...              ...       ...
95       437       38.627        19.796          299.069  1.951253
96       438     1849.978      1841.490         2047.213  1.004609
97       439      160.846       156.301         1297.617  1.029079
98       440      309.676       309.676          309.676  1.000000
99       441        0.061         0.061            1.008  1.000000

[100 rows x 5 columns]",False
12,4,0.02415352687239647,"KstestResult(statistic=np.float64(0.09915085099018286), pvalue=np.float64(6.357338404901457e-06), statistic_location=np.float32(-1.9060891), statistic_sign=np.int8(1))",0.5309460416683007,"    query_id  bao_latency  best_latency  default_latency    regret
0        444      692.595       262.806          713.669  2.635385
1        446      291.441        61.816          291.441  4.714653
2        447      892.909       226.224          226.224  3.947013
3        449     2581.866      1181.678         1313.756  2.184915
4        450     3624.250      1327.353         3624.250  2.730434
..       ...          ...           ...              ...       ...
95       547       46.404        41.844           46.404  1.108976
96       548     1466.432      1429.309         4513.298  1.025973
97       549        0.064         0.048            0.080  1.333333
98       550     2329.676       684.706          978.039  3.402447
99       551       44.014        41.761           44.014  1.053950

[100 rows x 5 columns]",False
12,5,0.022979922592639923,"KstestResult(statistic=np.float64(0.03752770390070922), pvalue=np.float64(0.31926536299177083), statistic_location=np.float32(1.3715706), statistic_sign=np.int8(-1))",0.19960322739061787,"    query_id  bao_latency  best_latency  default_latency        regret
0        552      929.726       794.171          929.726      1.170687
1        553     1066.394      1066.394         1123.571      1.000000
2        554       94.038        72.056           72.056      1.305068
3        555     6795.008         0.298            2.559  22802.040268
4        556        0.096         0.082            0.096      1.170732
..       ...          ...           ...              ...           ...
95       650    30987.967     23839.166        46578.137      1.299876
96       651      867.117       635.928          867.117      1.363546
97       654        2.445         0.078            2.445     31.346154
98       655     1010.535       535.437         1010.535      1.887309
99       656     2910.784      1905.820         2910.784      1.527313

[100 rows x 5 columns]",False
12,6,0.01674332469701767,"KstestResult(statistic=np.float64(0.0947856728667648), pvalue=np.float64(1.9948336951697842e-05), statistic_location=np.float32(0.42123842), statistic_sign=np.int8(1))",0.3574945193654175,"    query_id  bao_latency  best_latency  default_latency    regret
0        657     1426.724      1379.164         5028.581  1.034485
1        658      156.977        94.451          479.086  1.661994
2        659      553.828       188.245          553.828  2.942060
3        660     1466.501      1466.501         1745.093  1.000000
4        661        0.427         0.076         1672.826  5.618421
..       ...          ...           ...              ...       ...
95       758     1130.330      1130.330         1358.668  1.000000
96       759        0.036         0.032            0.048  1.125000
97       760     7483.387      5306.703         7483.387  1.410176
98       761      528.169       520.699         1136.807  1.014346
99       762        0.172         0.172         2065.654  1.000000

[100 rows x 5 columns]",False
12,7,0.030533645302057266,"KstestResult(statistic=np.float64(0.07374894608937162), pvalue=np.float64(0.0017804996633051463), statistic_location=np.float32(-0.820626), statistic_sign=np.int8(1))",0.47651256014916366,"    query_id  bao_latency  best_latency  default_latency      regret
0        763      459.811       361.508          591.025    1.271925
1        764     1794.305       140.955         1794.305   12.729630
2        765        0.041         0.041            0.055    1.000000
3        766      707.691       599.418          707.691    1.180630
4        767        1.816         1.773            1.816    1.024253
..       ...          ...           ...              ...         ...
95       861      165.606        88.413          190.104    1.873096
96       862     1423.039        12.064         1423.039  117.957477
97       863     2870.188      2563.737         7219.226    1.119533
98       864        0.251         0.197            0.251    1.274112
99       865      735.909       188.801          203.138    3.897802

[100 rows x 5 columns]",False
12,8,0.016712861135601997,"KstestResult(statistic=np.float64(0.09385786745690851), pvalue=np.float64(2.423982718772538e-05), statistic_location=np.float32(0.3084674), statistic_sign=np.int8(1))",0.3737971165660251,"    query_id  bao_latency  best_latency  default_latency     regret
0        867     1866.342      1518.388         1759.727   1.229160
1        869      842.546       842.546         1012.931   1.000000
2        870        0.084         0.084            0.109   1.000000
3        871      200.858        50.409           50.409   3.984566
4        872     1061.266        62.367         1061.266  17.016467
..       ...          ...           ...              ...        ...
95       970     4704.785      4704.785         6085.952   1.000000
96       971    57812.065      1288.502         1497.180  44.867656
97       973       44.671        42.786           44.671   1.044056
98       974      151.696       141.534          151.696   1.071799
99       975     1325.415      1288.742         1474.313   1.028456

[100 rows x 5 columns]",False
12,9,0.026177607476711273,"KstestResult(statistic=np.float64(0.10022151486383352), pvalue=np.float64(5.403084883692402e-06), statistic_location=np.float32(1.8255372), statistic_sign=np.int8(1))",0.5608771927298448,"    query_id  bao_latency  best_latency  default_latency      regret
0        976     1328.599      1294.468         1381.761    1.026367
1        977    29753.248     11627.163        12435.601    2.558943
2        978      304.012         0.330          304.012  921.248485
3        980      207.195        52.240          207.195    3.966214
4        981       53.895         1.344           53.895   40.100446
..       ...          ...           ...              ...         ...
95      1088      646.356       576.922          646.356    1.120352
96      1089      791.745       688.357          688.357    1.150195
97      1090     3514.857       235.028         3514.857   14.955056
98      1091     1883.851       423.583         1827.002    4.447419
99      1092        0.239         0.233            0.347    1.025751

[100 rows x 5 columns]",False
12,10,0.03567826747894287,"KstestResult(statistic=np.float64(0.13633582052797477), pvalue=np.float64(8.473873373978471e-11), statistic_location=np.float32(-0.6591697), statistic_sign=np.int8(-1))",0.7960856967578497,"    query_id  bao_latency  best_latency  default_latency    regret
0       1093      133.628       124.753          133.628  1.071141
1       1094        0.199         0.051          212.662  3.901961
2       1095        0.745         0.745            0.745  1.000000
3       1096      148.397       123.245          128.164  1.204081
4       1097      877.909       770.197          864.188  1.139850
..       ...          ...           ...              ...       ...
95      1195      142.961        48.224           49.254  2.964520
96      1196     1911.202      1911.202         2291.804  1.000000
97      1197        0.169         0.169          239.270  1.000000
98      1198      124.820       124.820          657.393  1.000000
99      1199      223.238       129.277          129.277  1.726819

[100 rows x 5 columns]",False
12,11,0.026795625686645508,"KstestResult(statistic=np.float64(0.11788674327203792), pvalue=np.float64(3.576941365255358e-08), statistic_location=np.float32(-0.24900436), statistic_sign=np.int8(1))",0.5136850501658425,"    query_id  bao_latency  best_latency  default_latency     regret
0       1200       12.195         0.653           38.108  18.675345
1       1201        0.073         0.065            0.073   1.123077
2       1202     9796.637      2838.032         9796.637   3.451912
3       1203        9.084         9.084          362.903   1.000000
4       1204        0.152         0.093            0.129   1.634409
..       ...          ...           ...              ...        ...
95      1304      163.545        93.762          163.545   1.744257
96      1305      209.984        56.774           67.442   3.698594
97      1306      118.631        64.906          140.133   1.827735
98      1307      719.361       198.714          719.361   3.620082
99      1308      598.271        54.702          459.285  10.936913

[100 rows x 5 columns]",False
12,12,0.0,"KstestResult(statistic=np.float64(0.0), pvalue=np.float64(1.0), statistic_location=np.float32(-6.694648), statistic_sign=np.int8(1))",0.0,"    query_id  bao_latency  best_latency  default_latency     regret
0       1309      606.335       582.898          606.335   1.040208
1       1310      436.877       415.824          415.824   1.050630
2       1311      114.547        89.042           89.042   1.286438
3       1312       66.102        66.102           66.102   1.000000
4       1313     1207.761       549.391          568.369   2.198363
..       ...          ...           ...              ...        ...
95      1412        0.114         0.114            0.186   1.000000
96      1413     2209.632      1999.996         2209.632   1.104818
97      1414      291.764       213.228          213.228   1.368319
98      1415        2.520         0.156            2.520  16.153846
99      1416      698.512       698.512         8265.208   1.000000

[100 rows x 5 columns]",True
12,13,0.023179100826382637,"KstestResult(statistic=np.float64(0.0832265380535297), pvalue=np.float64(0.00028170723900813996), statistic_location=np.float32(-2.4291196), statistic_sign=np.int8(1))",0.36385531288636236,"    query_id  bao_latency  best_latency  default_latency    regret
0       1417        1.201         0.257            5.023  4.673152
1       1418    19640.738      2072.275         8122.004  9.477863
2       1419        0.402         0.083            0.624  4.843373
3       1420      534.020       111.089          534.020  4.807137
4       1421      570.181       200.035          624.628  2.850406
..       ...          ...           ...              ...       ...
95      1525      526.686       526.686         1236.030  1.000000
96      1526     1405.049      1241.710         1405.049  1.131544
97      1527        0.109         0.071            0.073  1.535211
98      1528      147.234        59.953          155.919  2.455824
99      1529      558.181       271.854          558.181  2.053238

[100 rows x 5 columns]",False
12,14,0.025209661573171616,"KstestResult(statistic=np.float64(0.10471259392446088), pvalue=np.float64(1.5290830134994214e-06), statistic_location=np.float32(-1.6834707), statistic_sign=np.int8(1))",0.591144088658894,"    query_id  bao_latency  best_latency  default_latency     regret
0       1530        0.071         0.071            0.111   1.000000
1       1531       36.187        36.187           36.187   1.000000
2       1532        6.498         5.626            8.982   1.154995
3       1533      268.313       122.772          232.024   2.185458
4       1534     1067.981       862.344          864.973   1.238463
..       ...          ...           ...              ...        ...
95      1635       59.919        17.296           22.560   3.464327
96      1636      541.278       482.726          541.278   1.121294
97      1637      975.558       771.261         1361.309   1.264887
98      1639        0.071         0.035            0.071   2.028571
99      1640        0.989         0.097            0.989  10.195876

[100 rows x 5 columns]",False
12,15,0.0398528091609478,"KstestResult(statistic=np.float64(0.09201218758247011), pvalue=np.float64(3.71532512361712e-05), statistic_location=np.float32(-0.021679401), statistic_sign=np.int8(1))",0.5277406633706205,"    query_id  bao_latency  best_latency  default_latency     regret
0       1642        9.274         7.584            7.686   1.222838
1       1643      486.382       486.382          979.381   1.000000
2       1644      475.365       109.377          475.365   4.346115
3       1645      771.531       578.753          578.753   1.333092
4       1646        5.091         0.216            5.091  23.569444
..       ...          ...           ...              ...        ...
95      1745     3398.949      3398.949         3651.022   1.000000
96      1746      268.324         4.797          268.324  55.935793
97      1747        0.289         0.130            3.261   2.223077
98      1748       88.298        88.298          155.548   1.000000
99      1749        0.059         0.050            0.110   1.180000

[100 rows x 5 columns]",False
12,16,0.028373345732688904,"KstestResult(statistic=np.float64(0.04110478473678953), pvalue=np.float64(0.2233097973348489), statistic_location=np.float32(4.18532), statistic_sign=np.int8(1))",0.2398158591796964,"    query_id  bao_latency  best_latency  default_latency    regret
0       1750     1036.060       195.010          449.157  5.312856
1       1751      143.067       129.196          129.196  1.107364
2       1752        0.086         0.074            2.363  1.162162
3       1753     7294.828      3039.182         3424.240  2.400260
4       1754      224.202        46.495           46.495  4.822067
..       ...          ...           ...              ...       ...
95      1851      506.422       396.877          550.506  1.276018
96      1852        0.076         0.076            4.811  1.000000
97      1853        0.386         0.186            0.946  2.075269
98      1854      155.788       141.892          169.085  1.097934
99      1855     8731.511      3221.756         5141.806  2.710171

[100 rows x 5 columns]",False
12,17,0.01514327060431242,"KstestResult(statistic=np.float64(0.08416634090951397), pvalue=np.float64(0.0002210858324461289), statistic_location=np.float32(-2.1677535), statistic_sign=np.int8(1))",0.31587578712084263,"    query_id  bao_latency  best_latency  default_latency     regret
0       1856     3201.138      2369.999         3201.138   1.350692
1       1857    30304.770     15485.820        36286.284   1.956937
2       1858     1039.821       664.550         3339.387   1.564699
3       1861        2.266         0.090            2.266  25.177778
4       1862     1516.279       991.737         1376.264   1.528912
..       ...          ...           ...              ...        ...
95      1963        0.986         0.986            0.986   1.000000
96      1964     1926.754      1924.456         1975.180   1.001194
97      1965      679.775       187.099          679.775   3.633237
98      1967     3854.076      1584.036         1605.321   2.433073
99      1968     2282.928       140.528         1979.644  16.245360

[100 rows x 5 columns]",False
12,18,0.03511419892311096,"KstestResult(statistic=np.float64(0.11835781165652166), pvalue=np.float64(3.445720246940777e-08), statistic_location=np.float32(1.729207), statistic_sign=np.int8(1))",0.5891904878414254,"    query_id  bao_latency  best_latency  default_latency    regret
0       1969    37372.373     37372.373        44222.331  1.000000
1       1970        0.066         0.066            1.174  1.000000
2       1971     1970.024      1583.045         1970.024  1.244452
3       1972      765.279       224.522          765.279  3.408481
4       1973      158.173       117.160          117.160  1.350060
..       ...          ...           ...              ...       ...
95      2077    17858.760      8183.780        12250.051  2.182214
96      2078      150.947       139.725          139.725  1.080315
97      2079        0.099         0.093            0.099  1.064516
98      2080      504.883       323.798          333.143  1.559253
99      2081      115.225       114.680          115.225  1.004752

[100 rows x 5 columns]",False
12,19,0.030086897313594818,"KstestResult(statistic=np.float64(0.07030703401751323), pvalue=np.float64(0.0033918239233967475), statistic_location=np.float32(-2.2932644), statistic_sign=np.int8(1))",0.3415837976571921,"    query_id  bao_latency  best_latency  default_latency    regret
0       2082       49.305        49.305          101.448  1.000000
1       2083     5913.346      1555.021         5913.346  3.802743
2       2084      195.418       195.418          213.074  1.000000
3       2085      575.816       540.268          575.816  1.065797
4       2086       43.729        34.831           34.831  1.255462
..       ...          ...           ...              ...       ...
95      2183      162.733        49.413          169.428  3.293324
96      2184       56.049        54.429           56.049  1.029764
97      2185     5564.692      2332.156         3637.614  2.386072
98      2186      156.578        39.958          189.188  3.918564
99      2187    16343.445     15328.462        15328.462  1.066216

[100 rows x 5 columns]",False
12,20,0.026596905663609505,"KstestResult(statistic=np.float64(0.10191567054018358), pvalue=np.float64(3.2080992421698473e-06), statistic_location=np.float32(-0.9872699), statistic_sign=np.int8(1))",0.5010527284202593,"    query_id  bao_latency  best_latency  default_latency     regret
0       2188     1109.993        43.584         1109.993  25.467901
1       2189       54.878        50.757          611.878   1.081191
2       2190      362.951       189.468          362.951   1.915632
3       2191     1953.567      1884.464         3237.782   1.036670
4       2192       60.036         4.959           60.036  12.106473
..       ...          ...           ...              ...        ...
95      2296     1916.077      1064.475         5849.980   1.800021
96      2297      252.029        52.203          252.029   4.827864
97      2298        6.813         6.589           25.689   1.033996
98      2299      476.009       355.366          476.009   1.339489
99      2300        0.144         0.120            2.512   1.200000

[100 rows x 5 columns]",False
12,21,0.02261098474264145,"KstestResult(statistic=np.float64(0.07998423955870765), pvalue=np.float64(0.0005334218414795049), statistic_location=np.float32(-0.3363819), statistic_sign=np.int8(1))",0.4372814272755644,"    query_id  bao_latency  best_latency  default_latency     regret
0       2301      199.675       199.675          199.675   1.000000
1       2302        0.245         0.098           40.524   2.500000
2       2303    44323.260      1150.995         1325.366  38.508647
3       2304        0.059         0.055            0.134   1.072727
4       2305        0.141         0.077           55.630   1.831169
..       ...          ...           ...              ...        ...
95      2407        0.084         0.061            0.092   1.377049
96      2408      215.791       124.538         3216.453   1.732732
97      2410     9101.428      8838.983         9248.877   1.029692
98      2411      313.279       166.180          313.279   1.885179
99      2412     1382.990      1193.993         1289.955   1.158290

[100 rows x 5 columns]",False
12,22,0.022776875644922256,"KstestResult(statistic=np.float64(0.06297481707508075), pvalue=np.float64(0.011927983385771128), statistic_location=np.float32(1.2158017), statistic_sign=np.int8(-1))",0.3012919618684675,"    query_id  bao_latency  best_latency  default_latency       regret
0       2414        0.202         0.087            0.087     2.321839
1       2416      437.059       405.447          414.539     1.077968
2       2417    30809.612      5350.798        35438.688     5.757947
3       2418     4206.837      2745.343         6892.147     1.532354
4       2419     1676.634        49.431           50.259    33.918675
..       ...          ...           ...              ...          ...
95      2521    22695.879     13573.417        14900.987     1.672083
96      2522        0.065         0.042            0.065     1.547619
97      2523        0.586         0.193            0.834     3.036269
98      2525      192.677         0.076          434.311  2535.223684
99      2526      117.947         0.102            0.553  1156.343137

[100 rows x 5 columns]",False
12,23,0.06071575731039047,"KstestResult(statistic=np.float64(0.16927806255802885), pvalue=np.float64(1.6155189849644605e-09), statistic_location=np.float32(-1.409267), statistic_sign=np.int8(-1))",0.9328648118114711,"    query_id  bao_latency  best_latency  default_latency      regret
0       2527       50.108        50.108          242.126    1.000000
1       2528     1073.740       705.912          705.912    1.521068
2       2529     4053.058      1053.647         1162.004    3.846694
3       2530       60.759        60.759           60.759    1.000000
4       2531     1507.124      1507.124         1507.124    1.000000
5       2532      167.839        78.852          167.839    2.128532
6       2533        0.374         0.299            1.000    1.250836
7       2534       11.050         0.331           11.050   33.383686
8       2535        0.323         0.299            0.437    1.080268
9       2536     1809.926      1656.217         1809.926    1.092807
10      2537     5954.090      1309.471         1694.821    4.546943
11      2538      216.588       116.251          145.679    1.863107
12      2539       63.987        59.628           64.366    1.073103
13      2540      802.170       773.446          802.170    1.037138
14      2541     1564.653      1217.855         3309.322    1.284761
15      2542       22.869         9.817           22.869    2.329530
16      2543        0.123         0.083            0.123    1.481928
17      2544      311.426       255.760          311.426    1.217649
18      2545     2372.781      2223.666         2410.180    1.067058
19      2546     2591.377       869.000          869.000    2.982022
20      2547      140.717        35.106           98.914    4.008346
21      2548     3450.986      3393.097         3934.745    1.017061
22      2549        0.282         0.067            7.470    4.208955
23      2550        0.007         0.007            0.010    1.000000
24      2551      271.975       192.180          271.975    1.415210
25      2552      151.094        92.466          100.547    1.634049
26      2553     4411.679        51.707         4583.443   85.320730
27      2554     1668.021        14.023         1668.021  118.948941
28      2555      143.008        59.671          143.008    2.396608
29      2556      220.690         3.296          220.690   66.956917
30      2557        0.091         0.037            0.091    2.459459
31      2559      909.546       897.080          897.080    1.013896
32      2560      156.695       111.589          162.946    1.404215
33      2561        0.232         0.165          159.401    1.406061
34      2562     5343.618       508.171         2813.506   10.515393
35      2563        0.541         0.354          188.877    1.528249
36      2564      321.477       169.186          235.633    1.900139
37      2565        0.110         0.081            0.088    1.358025
38      2567     1473.437       203.492          203.492    7.240761",False
13,0,0.04332453012466431,"KstestResult(statistic=np.float64(0.08949738875087507), pvalue=np.float64(6.561816362909609e-05), statistic_location=np.float32(1.7841234), statistic_sign=np.int8(1))",0.40263041012146095,"    query_id  bao_latency  best_latency  default_latency    regret
0          1      448.374       374.589          374.589  1.196976
1          2       48.971        48.971           48.971  1.000000
2          3      204.036       176.568          176.568  1.155566
3          4      157.562        89.703           89.703  1.756485
4          5        0.232         0.060            0.232  3.866667
..       ...          ...           ...              ...       ...
95       102     2930.068       689.220          861.195  4.251281
96       103     1106.195      1037.111         1321.644  1.066612
97       104      257.397       210.249          230.305  1.224248
98       105        0.082         0.067            0.082  1.223881
99       106        0.755         0.343            0.413  2.201166

[100 rows x 5 columns]",False
13,1,0.017721451818943024,"KstestResult(statistic=np.float64(0.08127600179378928), pvalue=np.float64(0.00040422993374748963), statistic_location=np.float32(1.9047935), statistic_sign=np.int8(1))",0.3826504066655161,"    query_id  bao_latency  best_latency  default_latency    regret
0        107        0.054         0.029            0.043  1.862069
1        108      198.549        79.822          213.983  2.487397
2        110        0.146         0.049            3.096  2.979592
3        111        0.078         0.072            0.951  1.083333
4        112     2605.613       768.127         2605.613  3.392164
..       ...          ...           ...              ...       ...
95       217     4848.924      2301.235         4848.924  2.107096
96       218      216.683       186.477          216.683  1.161982
97       219      176.279       160.525          252.728  1.098140
98       220      168.931       137.549          146.223  1.228151
99       221      632.583       596.009          632.583  1.061365

[100 rows x 5 columns]",False
13,2,0.020741373300552368,"KstestResult(statistic=np.float64(0.09654730755859697), pvalue=np.float64(1.1790662929741484e-05), statistic_location=np.float32(2.5297961), statistic_sign=np.int8(1))",0.42816431448041253,"    query_id  bao_latency  best_latency  default_latency    regret
0        222      733.865        88.392          733.865  8.302392
1        223        0.378         0.365           40.266  1.035616
2        224      144.331       111.100          144.331  1.299109
3        225        0.320         0.227            0.320  1.409692
4        226      133.711        19.370          133.711  6.902994
..       ...          ...           ...              ...       ...
95       328        0.344         0.207            0.321  1.661836
96       329    14928.095      6718.033        11034.335  2.222093
97       330        1.170         1.165           35.939  1.004292
98       331        0.089         0.089            0.108  1.000000
99       332      214.819       139.778          327.332  1.536858

[100 rows x 5 columns]",False
13,3,0.025408409535884857,"KstestResult(statistic=np.float64(0.09397043329829663), pvalue=np.float64(2.3678543456405202e-05), statistic_location=np.float32(0.22080326), statistic_sign=np.int8(1))",0.5050829270379102,"    query_id  bao_latency  best_latency  default_latency     regret
0        333       47.223        44.927           47.223   1.051105
1        335      138.074        43.940           43.940   3.142330
2        336      686.005       562.478          612.836   1.219612
3        337     2188.235      2165.367         2248.249   1.010561
4        338    13176.637      3852.639        12889.119   3.420159
..       ...          ...           ...              ...        ...
95       437      299.069        19.796          299.069  15.107547
96       438     1849.978      1841.490         2047.213   1.004609
97       439      160.846       156.301         1297.617   1.029079
98       440      361.434       309.676          309.676   1.167136
99       441        0.061         0.061            1.008   1.000000

[100 rows x 5 columns]",False
13,4,0.027056463062763214,"KstestResult(statistic=np.float64(0.10394837141015366), pvalue=np.float64(1.7963747548413758e-06), statistic_location=np.float32(2.250554), statistic_sign=np.int8(1))",0.46440840695592434,"    query_id  bao_latency  best_latency  default_latency     regret
0        444      371.099       262.806          713.669   1.412064
1        446       64.076        61.816          291.441   1.036560
2        447      226.224       226.224          226.224   1.000000
3        449     2850.665      1181.678         1313.756   2.412387
4        450     3624.250      1327.353         3624.250   2.730434
..       ...          ...           ...              ...        ...
95       547      965.130        41.844           46.404  23.064956
96       548     1624.439      1429.309         4513.298   1.136521
97       549        0.080         0.048            0.080   1.666667
98       550     1358.017       684.706          978.039   1.983358
99       551       47.507        41.761           44.014   1.137592

[100 rows x 5 columns]",False
13,5,0.02726311795413494,"KstestResult(statistic=np.float64(0.061370844807238395), pvalue=np.float64(0.015432981276858208), statistic_location=np.float32(1.4461656), statistic_sign=np.int8(1))",0.2353330247783426,"    query_id  bao_latency  best_latency  default_latency      regret
0        552      905.332       794.171          929.726    1.139971
1        553     1110.485      1066.394         1123.571    1.041346
2        554       94.038        72.056           72.056    1.305068
3        555        0.691         0.298            2.559    2.318792
4        556        0.096         0.082            0.096    1.170732
..       ...          ...           ...              ...         ...
95       650    23839.166     23839.166        46578.137    1.000000
96       651     1107.122       635.928          867.117    1.740955
97       654       28.515         0.078            2.445  365.576923
98       655      673.514       535.437         1010.535    1.257877
99       656     2910.784      1905.820         2910.784    1.527313

[100 rows x 5 columns]",False
13,6,0.026210185140371323,"KstestResult(statistic=np.float64(0.07659249142704452), pvalue=np.float64(0.0010982453421426153), statistic_location=np.float32(1.3973744), statistic_sign=np.int8(1))",0.3356725600166409,"    query_id  bao_latency  best_latency  default_latency    regret
0        657     1468.913      1379.164         5028.581  1.065075
1        658      145.601        94.451          479.086  1.541551
2        659      553.828       188.245          553.828  2.942060
3        660     1466.501      1466.501         1745.093  1.000000
4        661        0.097         0.076         1672.826  1.276316
..       ...          ...           ...              ...       ...
95       758     1162.942      1130.330         1358.668  1.028852
96       759        0.056         0.032            0.048  1.750000
97       760     5306.703      5306.703         7483.387  1.000000
98       761      698.908       520.699         1136.807  1.342250
99       762        0.172         0.172         2065.654  1.000000

[100 rows x 5 columns]",False
13,7,0.015213720500469208,"KstestResult(statistic=np.float64(0.09178207053895489), pvalue=np.float64(3.794611219323598e-05), statistic_location=np.float32(2.2608423), statistic_sign=np.int8(1))",0.3544129604872274,"    query_id  bao_latency  best_latency  default_latency      regret
0        763      408.653       361.508          591.025    1.130412
1        764      140.955       140.955         1794.305    1.000000
2        765        0.041         0.041            0.055    1.000000
3        766      918.301       599.418          707.691    1.531988
4        767        1.816         1.773            1.816    1.024253
..       ...          ...           ...              ...         ...
95       861      165.606        88.413          190.104    1.873096
96       862     1423.039        12.064         1423.039  117.957477
97       863     2988.127      2563.737         7219.226    1.165536
98       864        0.251         0.197            0.251    1.274112
99       865      735.909       188.801          203.138    3.897802

[100 rows x 5 columns]",False
13,8,0.025158610194921494,"KstestResult(statistic=np.float64(0.07799423518996662), pvalue=np.float64(0.000792584291908049), statistic_location=np.float32(1.7779429), statistic_sign=np.int8(1))",0.3523243728536384,"    query_id  bao_latency  best_latency  default_latency    regret
0        867     1866.342      1518.388         1759.727  1.229160
1        869     1012.931       842.546         1012.931  1.202226
2        870        0.112         0.084            0.109  1.333333
3        871      200.858        50.409           50.409  3.984566
4        872      103.326        62.367         1061.266  1.656742
..       ...          ...           ...              ...       ...
95       970     4704.785      4704.785         6085.952  1.000000
96       971     1351.744      1288.502         1497.180  1.049082
97       973      125.859        42.786           44.671  2.941593
98       974      141.534       141.534          151.696  1.000000
99       975     1784.893      1288.742         1474.313  1.384989

[100 rows x 5 columns]",False
13,9,0.019940074533224106,"KstestResult(statistic=np.float64(0.097373263039209), pvalue=np.float64(9.935738463085333e-06), statistic_location=np.float32(2.2780294), statistic_sign=np.int8(1))",0.48405612519303504,"    query_id  bao_latency  best_latency  default_latency     regret
0        976    13841.629      1294.468         1381.761  10.692909
1        977    12102.342     11627.163        12435.601   1.040868
2        978        1.736         0.330          304.012   5.260606
3        980     3915.540        52.240          207.195  74.952910
4        981        4.170         1.344           53.895   3.102679
..       ...          ...           ...              ...        ...
95      1088      696.368       576.922          646.356   1.207040
96      1089      907.601       688.357          688.357   1.318503
97      1090     5090.951       235.028         3514.857  21.661040
98      1091      555.345       423.583         1827.002   1.311065
99      1092        0.239         0.233            0.347   1.025751

[100 rows x 5 columns]",False
13,10,0.03838830441236496,"KstestResult(statistic=np.float64(0.14192810778914242), pvalue=np.float64(1.1212941420884505e-11), statistic_location=np.float32(1.9896188), statistic_sign=np.int8(1))",0.7345829715166039,"    query_id  bao_latency  best_latency  default_latency    regret
0       1093      261.334       124.753          133.628  2.094811
1       1094        0.199         0.051          212.662  3.901961
2       1095        0.745         0.745            0.745  1.000000
3       1096      148.397       123.245          128.164  1.204081
4       1097      840.870       770.197          864.188  1.091760
..       ...          ...           ...              ...       ...
95      1195       48.224        48.224           49.254  1.000000
96      1196     1911.202      1911.202         2291.804  1.000000
97      1197        0.169         0.169          239.270  1.000000
98      1198      242.208       124.820          657.393  1.940458
99      1199      223.238       129.277          129.277  1.726819

[100 rows x 5 columns]",False
13,11,0.03588125482201576,"KstestResult(statistic=np.float64(0.08967220700069684), pvalue=np.float64(6.456544729944172e-05), statistic_location=np.float32(1.6088891), statistic_sign=np.int8(1))",0.44295397754710475,"    query_id  bao_latency  best_latency  default_latency     regret
0       1200       12.195         0.653           38.108  18.675345
1       1201        0.068         0.065            0.073   1.046154
2       1202     9062.865      2838.032         9796.637   3.193363
3       1203       10.399         9.084          362.903   1.144760
4       1204        0.093         0.093            0.129   1.000000
..       ...          ...           ...              ...        ...
95      1304      536.952        93.762          163.545   5.726755
96      1305      209.984        56.774           67.442   3.698594
97      1306       69.527        64.906          140.133   1.071195
98      1307     2416.618       198.714          719.361  12.161287
99      1308      459.285        54.702          459.285   8.396128

[100 rows x 5 columns]",False
13,12,0.027675442397594452,"KstestResult(statistic=np.float64(0.08171497409323213), pvalue=np.float64(0.00038735028585046397), statistic_location=np.float32(-4.753376), statistic_sign=np.int8(-1))",0.3568087932496543,"    query_id  bao_latency  best_latency  default_latency     regret
0       1309      827.409       582.898          606.335   1.419475
1       1310      806.350       415.824          415.824   1.939162
2       1311      114.547        89.042           89.042   1.286438
3       1312       66.102        66.102           66.102   1.000000
4       1313     1207.761       549.391          568.369   2.198363
..       ...          ...           ...              ...        ...
95      1412        0.194         0.114            0.186   1.701754
96      1413     2209.632      1999.996         2209.632   1.104818
97      1414      213.228       213.228          213.228   1.000000
98      1415        2.520         0.156            2.520  16.153846
99      1416      698.512       698.512         8265.208   1.000000

[100 rows x 5 columns]",False
13,13,0.0,"KstestResult(statistic=np.float64(0.0), pvalue=np.float64(1.0), statistic_location=np.float32(-6.8527017), statistic_sign=np.int8(1))",0.0,"    query_id  bao_latency  best_latency  default_latency    regret
0       1417        0.634         0.257            5.023  2.466926
1       1418     8122.004      2072.275         8122.004  3.919366
2       1419        0.113         0.083            0.624  1.361446
3       1420      113.643       111.089          534.020  1.022991
4       1421      200.035       200.035          624.628  1.000000
..       ...          ...           ...              ...       ...
95      1525      526.686       526.686         1236.030  1.000000
96      1526     1405.049      1241.710         1405.049  1.131544
97      1527        0.103         0.071            0.073  1.450704
98      1528      155.919        59.953          155.919  2.600687
99      1529      373.566       271.854          558.181  1.374142

[100 rows x 5 columns]",True
13,14,0.036828115582466125,"KstestResult(statistic=np.float64(0.10394511487141223), pvalue=np.float64(1.855349326769853e-06), statistic_location=np.float32(1.9116044), statistic_sign=np.int8(1))",0.6142798823969065,"    query_id  bao_latency  best_latency  default_latency    regret
0       1530        0.071         0.071            0.111  1.000000
1       1531       36.187        36.187           36.187  1.000000
2       1532        8.982         5.626            8.982  1.596516
3       1533      122.772       122.772          232.024  1.000000
4       1534     1067.981       862.344          864.973  1.238463
..       ...          ...           ...              ...       ...
95      1635       17.296        17.296           22.560  1.000000
96      1636      518.025       482.726          541.278  1.073124
97      1637      975.558       771.261         1361.309  1.264887
98      1639        0.046         0.035            0.071  1.314286
99      1640        0.309         0.097            0.989  3.185567

[100 rows x 5 columns]",False
13,15,0.01685553789138794,"KstestResult(statistic=np.float64(0.07554151918341727), pvalue=np.float64(0.0012742075614359124), statistic_location=np.float32(1.8501377), statistic_sign=np.int8(1))",0.3089731161452016,"    query_id  bao_latency  best_latency  default_latency     regret
0       1642       10.508         7.584            7.686   1.385549
1       1643      486.382       486.382          979.381   1.000000
2       1644      176.246       109.377          475.365   1.611363
3       1645      578.753       578.753          578.753   1.000000
4       1646        0.343         0.216            5.091   1.587963
..       ...          ...           ...              ...        ...
95      1745    15991.359      3398.949         3651.022   4.704795
96      1746      268.324         4.797          268.324  55.935793
97      1747        0.289         0.130            3.261   2.223077
98      1748      200.917        88.298          155.548   2.275442
99      1749        0.067         0.050            0.110   1.340000

[100 rows x 5 columns]",False
13,16,0.022791748866438866,"KstestResult(statistic=np.float64(0.07592508455752436), pvalue=np.float64(0.0011925085836419788), statistic_location=np.float32(2.2187843), statistic_sign=np.int8(1))",0.36496088138633626,"    query_id  bao_latency  best_latency  default_latency     regret
0       1750      235.745       195.010          449.157   1.208887
1       1751      907.921       129.196          129.196   7.027470
2       1752        0.086         0.074            2.363   1.162162
3       1753     3039.182      3039.182         3424.240   1.000000
4       1754       49.726        46.495           46.495   1.069491
..       ...          ...           ...              ...        ...
95      1851      550.506       396.877          550.506   1.387095
96      1852        2.504         0.076            4.811  32.947368
97      1853        0.386         0.186            0.946   2.075269
98      1854      169.085       141.892          169.085   1.191646
99      1855     3724.888      3221.756         5141.806   1.156167

[100 rows x 5 columns]",False
13,17,0.020421143621206284,"KstestResult(statistic=np.float64(0.06581648773053643), pvalue=np.float64(0.007446825609349591), statistic_location=np.float32(1.3593297), statistic_sign=np.int8(1))",0.2593960382448792,"    query_id  bao_latency  best_latency  default_latency     regret
0       1856     3201.138      2369.999         3201.138   1.350692
1       1857    18446.561     15485.820        36286.284   1.191190
2       1858     1178.292       664.550         3339.387   1.773067
3       1861        0.121         0.090            2.266   1.344444
4       1862    16624.114       991.737         1376.264  16.762624
..       ...          ...           ...              ...        ...
95      1963        0.986         0.986            0.986   1.000000
96      1964     2222.445      1924.456         1975.180   1.154843
97      1965      476.549       187.099          679.775   2.547042
98      1967     3910.612      1584.036         1605.321   2.468765
99      1968     2343.296       140.528         1979.644  16.674940

[100 rows x 5 columns]",False
13,18,0.021090548485517502,"KstestResult(statistic=np.float64(0.10681402826220286), pvalue=np.float64(8.374768497723562e-07), statistic_location=np.float32(2.1497169), statistic_sign=np.int8(1))",0.41566573591502665,"    query_id  bao_latency  best_latency  default_latency    regret
0       1969    40095.959     37372.373        44222.331  1.072877
1       1970        0.066         0.066            1.174  1.000000
2       1971     1583.045      1583.045         1970.024  1.000000
3       1972      582.932       224.522          765.279  2.596325
4       1973      148.796       117.160          117.160  1.270024
..       ...          ...           ...              ...       ...
95      2077    17858.760      8183.780        12250.051  2.182214
96      2078      225.537       139.725          139.725  1.614149
97      2079        0.099         0.093            0.099  1.064516
98      2080     1111.056       323.798          333.143  3.431324
99      2081      115.225       114.680          115.225  1.004752

[100 rows x 5 columns]",False
13,19,0.018024373799562454,"KstestResult(statistic=np.float64(0.06902113036807185), pvalue=np.float64(0.004247937941759776), statistic_location=np.float32(1.9122639), statistic_sign=np.int8(1))",0.347252599096876,"    query_id  bao_latency  best_latency  default_latency     regret
0       2082       96.191        49.305          101.448   1.950938
1       2083     2458.724      1555.021         5913.346   1.581152
2       2084      249.023       195.418          213.074   1.274309
3       2085      575.816       540.268          575.816   1.065797
4       2086      750.792        34.831           34.831  21.555281
..       ...          ...           ...              ...        ...
95      2183       50.751        49.413          169.428   1.027078
96      2184       59.798        54.429           56.049   1.098642
97      2185     5564.692      2332.156         3637.614   2.386072
98      2186      169.518        39.958          189.188   4.242405
99      2187    15328.462     15328.462        15328.462   1.000000

[100 rows x 5 columns]",False
13,20,0.0177756454795599,"KstestResult(statistic=np.float64(0.06215085776482481), pvalue=np.float64(0.013685696192551666), statistic_location=np.float32(2.092234), statistic_sign=np.int8(1))",0.38774435047146216,"    query_id  bao_latency  best_latency  default_latency     regret
0       2188     1109.993        43.584         1109.993  25.467901
1       2189      611.878        50.757          611.878  12.055047
2       2190      362.951       189.468          362.951   1.915632
3       2191     1884.464      1884.464         3237.782   1.000000
4       2192       12.603         4.959           60.036   2.541440
..       ...          ...           ...              ...        ...
95      2296     5849.980      1064.475         5849.980   5.495648
96      2297       60.977        52.203          252.029   1.168075
97      2298        6.813         6.589           25.689   1.033996
98      2299      476.009       355.366          476.009   1.339489
99      2300        2.512         0.120            2.512  20.933333

[100 rows x 5 columns]",False
13,21,0.030642885714769363,"KstestResult(statistic=np.float64(0.07945267548995344), pvalue=np.float64(0.0005903987950440474), statistic_location=np.float32(-1.9586618), statistic_sign=np.int8(1))",0.42467149629525486,"    query_id  bao_latency  best_latency  default_latency     regret
0       2301      235.660       199.675          199.675   1.180218
1       2302        0.125         0.098           40.524   1.275510
2       2303    37701.312      1150.995         1325.366  32.755409
3       2304        0.059         0.055            0.134   1.072727
4       2305        0.141         0.077           55.630   1.831169
..       ...          ...           ...              ...        ...
95      2407        0.065         0.061            0.092   1.065574
96      2408      215.791       124.538         3216.453   1.732732
97      2410    20625.344      8838.983         9248.877   2.333452
98      2411      189.925       166.180          313.279   1.142887
99      2412     1193.993      1193.993         1289.955   1.000000

[100 rows x 5 columns]",False
13,22,0.028602778911590576,"KstestResult(statistic=np.float64(0.06247466567894754), pvalue=np.float64(0.012879520855712718), statistic_location=np.float32(1.3111887), statistic_sign=np.int8(1))",0.30908914393229037,"    query_id  bao_latency  best_latency  default_latency       regret
0       2414        0.207         0.087            0.087     2.379310
1       2416      437.059       405.447          414.539     1.077968
2       2417    30809.612      5350.798        35438.688     5.757947
3       2418     3054.776      2745.343         6892.147     1.112712
4       2419     2078.001        49.431           50.259    42.038417
..       ...          ...           ...              ...          ...
95      2521    22695.879     13573.417        14900.987     1.672083
96      2522        0.065         0.042            0.065     1.547619
97      2523        0.834         0.193            0.834     4.321244
98      2525      189.273         0.076          434.311  2490.434211
99      2526        0.102         0.102            0.553     1.000000

[100 rows x 5 columns]",False
13,23,0.05199190601706505,"KstestResult(statistic=np.float64(0.1526824594339843), pvalue=np.float64(7.999786666340735e-08), statistic_location=np.float32(1.6843953), statistic_sign=np.int8(1))",0.743295838110176,"    query_id  bao_latency  best_latency  default_latency      regret
0       2527       50.108        50.108          242.126    1.000000
1       2528      831.411       705.912          705.912    1.177783
2       2529     1799.542      1053.647         1162.004    1.707917
3       2530       60.759        60.759           60.759    1.000000
4       2531     2037.172      1507.124         1507.124    1.351695
5       2532      167.839        78.852          167.839    2.128532
6       2533        0.672         0.299            1.000    2.247492
7       2534        0.468         0.331           11.050    1.413897
8       2535        0.323         0.299            0.437    1.080268
9       2536     1656.217      1656.217         1809.926    1.000000
10      2537     1735.514      1309.471         1694.821    1.325355
11      2538      216.588       116.251          145.679    1.863107
12      2539     1067.950        59.628           64.366   17.910210
13      2540     1044.132       773.446          802.170    1.349974
14      2541     1564.653      1217.855         3309.322    1.284761
15      2542       10.446         9.817           22.869    1.064073
16      2543        0.083         0.083            0.123    1.000000
17      2544      259.290       255.760          311.426    1.013802
18      2545     2223.666      2223.666         2410.180    1.000000
19      2546     1951.287       869.000          869.000    2.245440
20      2547      572.866        35.106           98.914   16.318179
21      2548     3397.443      3393.097         3934.745    1.001281
22      2549        0.282         0.067            7.470    4.208955
23      2550        0.010         0.007            0.010    1.428571
24      2551      271.975       192.180          271.975    1.415210
25      2552      100.547        92.466          100.547    1.087394
26      2553     4583.443        51.707         4583.443   88.642602
27      2554     1668.021        14.023         1668.021  118.948941
28      2555       93.362        59.671          143.008    1.564613
29      2556      220.690         3.296          220.690   66.956917
30      2557        0.064         0.037            0.091    1.729730
31      2559      909.546       897.080          897.080    1.013896
32      2560      156.695       111.589          162.946    1.404215
33      2561        0.232         0.165          159.401    1.406061
34      2562      588.172       508.171         2813.506    1.157429
35      2563        0.354         0.354          188.877    1.000000
36      2564      234.917       169.186          235.633    1.388513
37      2565        0.126         0.081            0.088    1.555556
38      2567      232.194       203.492          203.492    1.141047",False
14,0,0.058685824275016785,"KstestResult(statistic=np.float64(0.15601394896060528), pvalue=np.float64(5.230115739810954e-14), statistic_location=np.float32(-0.34286022), statistic_sign=np.int8(-1))",0.6462414457334024,"    query_id  bao_latency  best_latency  default_latency     regret
0          1     8115.843       374.589          374.589  21.665994
1          2       48.971        48.971           48.971   1.000000
2          3      302.328       176.568          176.568   1.712247
3          4      238.709        89.703           89.703   2.661104
4          5        0.069         0.060            0.232   1.150000
..       ...          ...           ...              ...        ...
95       102     2930.068       689.220          861.195   4.251281
96       103     2249.160      1037.111         1321.644   2.168678
97       104      295.120       210.249          230.305   1.403669
98       105        0.084         0.067            0.082   1.253731
99       106        0.755         0.343            0.413   2.201166

[100 rows x 5 columns]",False
14,1,0.03302467614412308,"KstestResult(statistic=np.float64(0.1098049508063934), pvalue=np.float64(3.771266724061398e-07), statistic_location=np.float32(-0.27538943), statistic_sign=np.int8(-1))",0.41487878108435605,"    query_id  bao_latency  best_latency  default_latency     regret
0        107        0.043         0.029            0.043   1.482759
1        108      198.549        79.822          213.983   2.487397
2        110        0.066         0.049            3.096   1.346939
3        111        0.091         0.072            0.951   1.263889
4        112      768.127       768.127         2605.613   1.000000
..       ...          ...           ...              ...        ...
95       217     2524.453      2301.235         4848.924   1.096999
96       218      216.683       186.477          216.683   1.161982
97       219      252.728       160.525          252.728   1.574384
98       220     3627.216       137.549          146.223  26.370355
99       221      817.940       596.009          632.583   1.372362

[100 rows x 5 columns]",False
14,2,0.02886313945055008,"KstestResult(statistic=np.float64(0.06086181169705572), pvalue=np.float64(0.01620779799264878), statistic_location=np.float32(-1.2140807), statistic_sign=np.int8(-1))",0.29047380015072344,"    query_id  bao_latency  best_latency  default_latency     regret
0        222     1219.646        88.392          733.865  13.798149
1        223        0.398         0.365           40.266   1.090411
2        224      327.772       111.100          144.331   2.950243
3        225        0.527         0.227            0.320   2.321586
4        226      133.711        19.370          133.711   6.902994
..       ...          ...           ...              ...        ...
95       328        0.344         0.207            0.321   1.661836
96       329    14928.095      6718.033        11034.335   2.222093
97       330       35.939         1.165           35.939  30.848927
98       331        0.091         0.089            0.108   1.022472
99       332      880.053       139.778          327.332   6.296077

[100 rows x 5 columns]",False
14,3,0.021117806434631348,"KstestResult(statistic=np.float64(0.04336028380293974), pvalue=np.float64(0.17389443061617427), statistic_location=np.float32(-0.04665196), statistic_sign=np.int8(-1))",0.10704712803153882,"    query_id  bao_latency  best_latency  default_latency     regret
0        333       47.223        44.927           47.223   1.051105
1        335       82.767        43.940           43.940   1.883637
2        336     7822.400       562.478          612.836  13.907033
3        337     2248.249      2165.367         2248.249   1.038276
4        338    13176.637      3852.639        12889.119   3.420159
..       ...          ...           ...              ...        ...
95       437       36.394        19.796          299.069   1.838452
96       438     1972.702      1841.490         2047.213   1.071253
97       439     1297.617       156.301         1297.617   8.302039
98       440      361.434       309.676          309.676   1.167136
99       441        0.089         0.061            1.008   1.459016

[100 rows x 5 columns]",False
14,4,0.01596371829509735,"KstestResult(statistic=np.float64(0.08004256065990961), pvalue=np.float64(0.0005019702687393389), statistic_location=np.float32(0.033001304), statistic_sign=np.int8(-1))",0.2864001141639737,"    query_id  bao_latency  best_latency  default_latency     regret
0        444      617.533       262.806          713.669   2.349768
1        446     1092.474        61.816          291.441  17.672997
2        447      292.472       226.224          226.224   1.292842
3        449     1287.196      1181.678         1313.756   1.089295
4        450     3624.250      1327.353         3624.250   2.730434
..       ...          ...           ...              ...        ...
95       547     1129.014        41.844           46.404  26.981503
96       548     9551.967      1429.309         4513.298   6.682927
97       549        0.048         0.048            0.080   1.000000
98       550     1358.017       684.706          978.039   1.983358
99       551       44.014        41.761           44.014   1.053950

[100 rows x 5 columns]",False
14,5,0.02368513122200966,"KstestResult(statistic=np.float64(0.1030491979655712), pvalue=np.float64(2.315700754001237e-06), statistic_location=np.float32(-0.34912276), statistic_sign=np.int8(-1))",0.382091196736318,"    query_id  bao_latency  best_latency  default_latency     regret
0        552      805.557       794.171          929.726   1.014337
1        553     1124.216      1066.394         1123.571   1.054222
2        554      212.998        72.056           72.056   2.956006
3        555        0.801         0.298            2.559   2.687919
4        556        0.096         0.082            0.096   1.170732
..       ...          ...           ...              ...        ...
95       650    32869.809     23839.166        46578.137   1.378815
96       651     1107.122       635.928          867.117   1.740955
97       654        2.445         0.078            2.445  31.346154
98       655      673.514       535.437         1010.535   1.257877
99       656     2910.784      1905.820         2910.784   1.527313

[100 rows x 5 columns]",False
14,6,0.023586435243487358,"KstestResult(statistic=np.float64(0.08438524227123749), pvalue=np.float64(0.000208667964389328), statistic_location=np.float32(-0.29031658), statistic_sign=np.int8(-1))",0.33715179967579995,"    query_id  bao_latency  best_latency  default_latency    regret
0        657     1426.724      1379.164         5028.581  1.034485
1        658      145.601        94.451          479.086  1.541551
2        659      553.828       188.245          553.828  2.942060
3        660     3000.317      1466.501         1745.093  2.045902
4        661        0.089         0.076         1672.826  1.171053
..       ...          ...           ...              ...       ...
95       758     1162.942      1130.330         1358.668  1.028852
96       759        0.048         0.032            0.048  1.500000
97       760     7483.387      5306.703         7483.387  1.410176
98       761      698.908       520.699         1136.807  1.342250
99       762        0.213         0.172         2065.654  1.238372

[100 rows x 5 columns]",False
14,7,0.03672987222671509,"KstestResult(statistic=np.float64(0.09536863762215875), pvalue=np.float64(1.547987626640932e-05), statistic_location=np.float32(-0.35619974), statistic_sign=np.int8(-1))",0.38464102457446797,"    query_id  bao_latency  best_latency  default_latency     regret
0        763      668.138       361.508          591.025   1.848197
1        764     2170.390       140.955         1794.305  15.397751
2        765        0.041         0.041            0.055   1.000000
3        766     1109.142       599.418          707.691   1.850365
4        767        1.816         1.773            1.816   1.024253
..       ...          ...           ...              ...        ...
95       861      165.606        88.413          190.104   1.873096
96       862       12.064        12.064         1423.039   1.000000
97       863     2897.262      2563.737         7219.226   1.130093
98       864        0.229         0.197            0.251   1.162437
99       865      735.909       188.801          203.138   3.897802

[100 rows x 5 columns]",False
14,8,0.025024179369211197,"KstestResult(statistic=np.float64(0.057902973395931145), pvalue=np.float64(0.027532334310720028), statistic_location=np.float32(-0.51409566), statistic_sign=np.int8(-1))",0.2609486968864298,"    query_id  bao_latency  best_latency  default_latency     regret
0        867     1866.342      1518.388         1759.727   1.229160
1        869     1012.931       842.546         1012.931   1.202226
2        870        0.098         0.084            0.109   1.166667
3        871      761.217        50.409           50.409  15.100815
4        872      103.326        62.367         1061.266   1.656742
..       ...          ...           ...              ...        ...
95       970     8079.997      4704.785         6085.952   1.717400
96       971     1288.502      1288.502         1497.180   1.000000
97       973       44.671        42.786           44.671   1.044056
98       974      189.683       141.534          151.696   1.340194
99       975     1737.660      1288.742         1474.313   1.348338

[100 rows x 5 columns]",False
14,9,0.027245275676250458,"KstestResult(statistic=np.float64(0.09799268049240324), pvalue=np.float64(8.718406761019283e-06), statistic_location=np.float32(-0.16474223), statistic_sign=np.int8(-1))",0.319411048896593,"    query_id  bao_latency  best_latency  default_latency     regret
0        976     4115.126      1294.468         1381.761   3.179009
1        977    12435.601     11627.163        12435.601   1.069530
2        978        1.736         0.330          304.012   5.260606
3        980      207.195        52.240          207.195   3.966214
4        981       53.895         1.344           53.895  40.100446
..       ...          ...           ...              ...        ...
95      1088      797.531       576.922          646.356   1.382390
96      1089      907.601       688.357          688.357   1.318503
97      1090      261.998       235.028         3514.857   1.114752
98      1091     1883.851       423.583         1827.002   4.447419
99      1092        0.239         0.233            0.347   1.025751

[100 rows x 5 columns]",False
14,10,0.023450210690498352,"KstestResult(statistic=np.float64(0.06472760172143975), pvalue=np.float64(0.008879525856918076), statistic_location=np.float32(-0.044620275), statistic_sign=np.int8(-1))",0.171944120028734,"    query_id  bao_latency  best_latency  default_latency    regret
0       1093      133.628       124.753          133.628  1.071141
1       1094        0.051         0.051          212.662  1.000000
2       1095        0.745         0.745            0.745  1.000000
3       1096      148.397       123.245          128.164  1.204081
4       1097      819.683       770.197          864.188  1.064251
..       ...          ...           ...              ...       ...
95      1195      142.961        48.224           49.254  2.964520
96      1196     3012.960      1911.202         2291.804  1.576474
97      1197        0.169         0.169          239.270  1.000000
98      1198      242.208       124.820          657.393  1.940458
99      1199      252.946       129.277          129.277  1.956620

[100 rows x 5 columns]",False
14,11,0.02283402346074581,"KstestResult(statistic=np.float64(0.07644457189495626), pvalue=np.float64(0.0010181497339545335), statistic_location=np.float32(-0.5064069), statistic_sign=np.int8(-1))",0.24081781341483072,"    query_id  bao_latency  best_latency  default_latency    regret
0       1200        1.840         0.653           38.108  2.817764
1       1201        0.073         0.065            0.073  1.123077
2       1202     9796.637      2838.032         9796.637  3.451912
3       1203       45.177         9.084          362.903  4.973250
4       1204        0.093         0.093            0.129  1.000000
..       ...          ...           ...              ...       ...
95      1304      539.961        93.762          163.545  5.758847
96      1305       67.442        56.774           67.442  1.187903
97      1306       75.815        64.906          140.133  1.168074
98      1307      258.096       198.714          719.361  1.298831
99      1308       54.702        54.702          459.285  1.000000

[100 rows x 5 columns]",False
14,12,0.04482737183570862,"KstestResult(statistic=np.float64(0.12995704724802717), pvalue=np.float64(7.646212029904266e-10), statistic_location=np.float32(-1.1157448), statistic_sign=np.int8(-1))",0.5308279487984531,"    query_id  bao_latency  best_latency  default_latency     regret
0       1309      606.335       582.898          606.335   1.040208
1       1310      767.536       415.824          415.824   1.845819
2       1311      114.547        89.042           89.042   1.286438
3       1312       66.102        66.102           66.102   1.000000
4       1313      568.369       549.391          568.369   1.034544
..       ...          ...           ...              ...        ...
95      1412        0.114         0.114            0.186   1.000000
96      1413     3669.656      1999.996         2209.632   1.834832
97      1414      262.903       213.228          213.228   1.232967
98      1415        2.520         0.156            2.520  16.153846
99      1416     4699.367       698.512         8265.208   6.727683

[100 rows x 5 columns]",False
14,13,0.031739674508571625,"KstestResult(statistic=np.float64(0.07726286031601798), pvalue=np.float64(0.0009169879725356068), statistic_location=np.float32(-0.5384358), statistic_sign=np.int8(-1))",0.33521752679844646,"    query_id  bao_latency  best_latency  default_latency    regret
0       1417        0.403         0.257            5.023  1.568093
1       1418     3916.428      2072.275         8122.004  1.889917
2       1419        0.624         0.083            0.624  7.518072
3       1420      136.757       111.089          534.020  1.231058
4       1421      200.035       200.035          624.628  1.000000
..       ...          ...           ...              ...       ...
95      1525      802.175       526.686         1236.030  1.523061
96      1526     1392.698      1241.710         1405.049  1.121597
97      1527        0.109         0.071            0.073  1.535211
98      1528      260.496        59.953          155.919  4.345004
99      1529      677.974       271.854          558.181  2.493890

[100 rows x 5 columns]",False
14,14,0.0,"KstestResult(statistic=np.float64(0.0), pvalue=np.float64(1.0), statistic_location=np.float32(-5.4029284), statistic_sign=np.int8(1))",0.0,"    query_id  bao_latency  best_latency  default_latency     regret
0       1530        0.076         0.071            0.111   1.070423
1       1531      122.320        36.187           36.187   3.380219
2       1532        6.498         5.626            8.982   1.154995
3       1533      171.075       122.772          232.024   1.393437
4       1534     1067.981       862.344          864.973   1.238463
..       ...          ...           ...              ...        ...
95      1635       21.700        17.296           22.560   1.254625
96      1636      518.025       482.726          541.278   1.073124
97      1637     1361.309       771.261         1361.309   1.765043
98      1639        0.071         0.035            0.071   2.028571
99      1640        0.989         0.097            0.989  10.195876

[100 rows x 5 columns]",True
14,15,0.027001632377505302,"KstestResult(statistic=np.float64(0.07770667722180075), pvalue=np.float64(0.0008145411688953992), statistic_location=np.float32(0.25535738), statistic_sign=np.int8(-1))",0.25979267075409196,"    query_id  bao_latency  best_latency  default_latency     regret
0       1642        7.725         7.584            7.686   1.018592
1       1643      782.246       486.382          979.381   1.608296
2       1644      284.518       109.377          475.365   2.601260
3       1645      578.753       578.753          578.753   1.000000
4       1646        5.091         0.216            5.091  23.569444
..       ...          ...           ...              ...        ...
95      1745    15991.359      3398.949         3651.022   4.704795
96      1746      268.324         4.797          268.324  55.935793
97      1747        3.261         0.130            3.261  25.084615
98      1748       88.298        88.298          155.548   1.000000
99      1749        0.064         0.050            0.110   1.280000

[100 rows x 5 columns]",False
14,16,0.048199668526649475,"KstestResult(statistic=np.float64(0.14084507042253522), pvalue=np.float64(1.8130205646936094e-11), statistic_location=np.float32(-0.363459), statistic_sign=np.int8(-1))",0.503739487677113,"    query_id  bao_latency  best_latency  default_latency     regret
0       1750      235.745       195.010          449.157   1.208887
1       1751      143.067       129.196          129.196   1.107364
2       1752        0.277         0.074            2.363   3.743243
3       1753     3424.240      3039.182         3424.240   1.126698
4       1754       46.495        46.495           46.495   1.000000
..       ...          ...           ...              ...        ...
95      1851      587.443       396.877          550.506   1.480164
96      1852        2.504         0.076            4.811  32.947368
97      1853        0.946         0.186            0.946   5.086022
98      1854      155.788       141.892          169.085   1.097934
99      1855     3724.888      3221.756         5141.806   1.156167

[100 rows x 5 columns]",False
14,17,0.018665697425603867,"KstestResult(statistic=np.float64(0.09280001971584538), pvalue=np.float64(3.1067739694268916e-05), statistic_location=np.float32(0.21981072), statistic_sign=np.int8(-1))",0.28475012768923846,"    query_id  bao_latency  best_latency  default_latency    regret
0       1856     2404.211      2369.999         3201.138  1.014435
1       1857    30304.770     15485.820        36286.284  1.956937
2       1858     1039.821       664.550         3339.387  1.564699
3       1861        0.121         0.090            2.266  1.344444
4       1862     1424.161       991.737         1376.264  1.436027
..       ...          ...           ...              ...       ...
95      1963        0.986         0.986            0.986  1.000000
96      1964     1937.796      1924.456         1975.180  1.006932
97      1965      679.775       187.099          679.775  3.633237
98      1967     1732.644      1584.036         1605.321  1.093816
99      1968      169.217       140.528         1979.644  1.204151

[100 rows x 5 columns]",False
14,18,0.03406804800033569,"KstestResult(statistic=np.float64(0.10956711396990869), pvalue=np.float64(4.0005266415744126e-07), statistic_location=np.float32(0.07522392), statistic_sign=np.int8(-1))",0.31118103451319457,"    query_id  bao_latency  best_latency  default_latency       regret
0       1969    37571.635     37372.373        44222.331     1.005332
1       1970        0.066         0.066            1.174     1.000000
2       1971     1970.024      1583.045         1970.024     1.244452
3       1972      239.557       224.522          765.279     1.066964
4       1973      131.273       117.160          117.160     1.120459
..       ...          ...           ...              ...          ...
95      2077    17858.760      8183.780        12250.051     2.182214
96      2078      200.889       139.725          139.725     1.437746
97      2079      183.472         0.093            0.099  1972.817204
98      2080      782.727       323.798          333.143     2.417331
99      2081      175.652       114.680          115.225     1.531671

[100 rows x 5 columns]",False
14,19,0.02647017315030098,"KstestResult(statistic=np.float64(0.06940605209658783), pvalue=np.float64(0.0038975192049866742), statistic_location=np.float32(0.9300561), statistic_sign=np.int8(-1))",0.2696730487298493,"    query_id  bao_latency  best_latency  default_latency    regret
0       2082       51.572        49.305          101.448  1.045979
1       2083     5913.346      1555.021         5913.346  3.802743
2       2084      213.074       195.418          213.074  1.090350
3       2085      542.746       540.268          575.816  1.004587
4       2086       43.729        34.831           34.831  1.255462
..       ...          ...           ...              ...       ...
95      2183       49.572        49.413          169.428  1.003218
96      2184       56.049        54.429           56.049  1.029764
97      2185     3637.614      2332.156         3637.614  1.559764
98      2186      189.188        39.958          189.188  4.734671
99      2187    16343.445     15328.462        15328.462  1.066216

[100 rows x 5 columns]",False
14,20,0.02095574140548706,"KstestResult(statistic=np.float64(0.07902973395931143), pvalue=np.float64(0.0006795676173953248), statistic_location=np.float32(0.32458305), statistic_sign=np.int8(-1))",0.22699981442826087,"    query_id  bao_latency  best_latency  default_latency     regret
0       2188       50.816        43.584         1109.993   1.165932
1       2189      675.007        50.757          611.878  13.298796
2       2190      362.951       189.468          362.951   1.915632
3       2191     1953.567      1884.464         3237.782   1.036670
4       2192       12.603         4.959           60.036   2.541440
..       ...          ...           ...              ...        ...
95      2296     5849.980      1064.475         5849.980   5.495648
96      2297      657.248        52.203          252.029  12.590234
97      2298        6.813         6.589           25.689   1.033996
98      2299      355.366       355.366          476.009   1.000000
99      2300        1.118         0.120            2.512   9.316667

[100 rows x 5 columns]",False
14,21,0.013919461518526077,"KstestResult(statistic=np.float64(0.0649452269170579), pvalue=np.float64(0.009104470832191802), statistic_location=np.float32(0.513736), statistic_sign=np.int8(-1))",0.1824211612553664,"    query_id  bao_latency  best_latency  default_latency     regret
0       2301      235.660       199.675          199.675   1.180218
1       2302        0.125         0.098           40.524   1.275510
2       2303     2983.823      1150.995         1325.366   2.592386
3       2304        0.059         0.055            0.134   1.072727
4       2305        0.077         0.077           55.630   1.000000
..       ...          ...           ...              ...        ...
95      2407        0.061         0.061            0.092   1.000000
96      2408     3216.453       124.538         3216.453  25.827081
97      2410     9248.877      8838.983         9248.877   1.046373
98      2411      189.925       166.180          313.279   1.142887
99      2412     1382.990      1193.993         1289.955   1.158290

[100 rows x 5 columns]",False
14,22,0.027248622849583626,"KstestResult(statistic=np.float64(0.08909453952432007), pvalue=np.float64(6.996737844106755e-05), statistic_location=np.float32(-0.12527537), statistic_sign=np.int8(-1))",0.3473668078449099,"    query_id  bao_latency  best_latency  default_latency       regret
0       2414        0.202         0.087            0.087     2.321839
1       2416      437.967       405.447          414.539     1.080208
2       2417    29087.850      5350.798        35438.688     5.436170
3       2418     6892.147      2745.343         6892.147     2.510487
4       2419     2078.001        49.431           50.259    42.038417
..       ...          ...           ...              ...          ...
95      2521    13794.202     13573.417        14900.987     1.016266
96      2522        0.065         0.042            0.065     1.547619
97      2523        0.193         0.193            0.834     1.000000
98      2525      189.273         0.076          434.311  2490.434211
99      2526        0.553         0.102            0.553     5.421569

[100 rows x 5 columns]",False
14,23,0.026419952511787415,"KstestResult(statistic=np.float64(0.06946962301863989), pvalue=np.float64(0.057364925235766626), statistic_location=np.float32(0.986506), statistic_sign=np.int8(1))",0.2597391113968352,"    query_id  bao_latency  best_latency  default_latency      regret
0       2527       60.651        50.108          242.126    1.210406
1       2528      831.411       705.912          705.912    1.177783
2       2529     1101.568      1053.647         1162.004    1.045481
3       2530       60.759        60.759           60.759    1.000000
4       2531     1998.128      1507.124         1507.124    1.325789
5       2532      167.839        78.852          167.839    2.128532
6       2533        0.672         0.299            1.000    2.247492
7       2534       11.050         0.331           11.050   33.383686
8       2535        0.323         0.299            0.437    1.080268
9       2536     1656.217      1656.217         1809.926    1.000000
10      2537     1884.807      1309.471         1694.821    1.439365
11      2538      145.679       116.251          145.679    1.253142
12      2539       64.366        59.628           64.366    1.079459
13      2540      773.446       773.446          802.170    1.000000
14      2541     3231.749      1217.855         3309.322    2.653640
15      2542       22.869         9.817           22.869    2.329530
16      2543        0.084         0.083            0.123    1.012048
17      2544      255.760       255.760          311.426    1.000000
18      2545     2223.666      2223.666         2410.180    1.000000
19      2546      869.000       869.000          869.000    1.000000
20      2547      140.717        35.106           98.914    4.008346
21      2548     3934.745      3393.097         3934.745    1.159632
22      2549        0.282         0.067            7.470    4.208955
23      2550        0.010         0.007            0.010    1.428571
24      2551      217.748       192.180          271.975    1.133042
25      2552      249.219        92.466          100.547    2.695250
26      2553      210.138        51.707         4583.443    4.064015
27      2554     1668.021        14.023         1668.021  118.948941
28      2555      143.008        59.671          143.008    2.396608
29      2556      220.690         3.296          220.690   66.956917
30      2557        0.091         0.037            0.091    2.459459
31      2559      968.120       897.080          897.080    1.079190
32      2560      256.455       111.589          162.946    2.298210
33      2561        0.232         0.165          159.401    1.406061
34      2562      508.171       508.171         2813.506    1.000000
35      2563        0.354         0.354          188.877    1.000000
36      2564      234.917       169.186          235.633    1.388513
37      2565        0.088         0.081            0.088    1.086420
38      2567      232.194       203.492          203.492    1.141047",False
15,0,0.04790402203798294,"KstestResult(statistic=np.float64(0.07334574981406013), pvalue=np.float64(0.0019446840128793498), statistic_location=np.float32(-1.5368991), statistic_sign=np.int8(-1))",0.3426257691480701,"    query_id  bao_latency  best_latency  default_latency    regret
0          1      374.589       374.589          374.589  1.000000
1          2      167.231        48.971           48.971  3.414899
2          3      176.568       176.568          176.568  1.000000
3          4      157.562        89.703           89.703  1.756485
4          5        0.232         0.060            0.232  3.866667
..       ...          ...           ...              ...       ...
95       102      724.905       689.220          861.195  1.051776
96       103     1106.195      1037.111         1321.644  1.066612
97       104      257.397       210.249          230.305  1.224248
98       105        0.072         0.067            0.082  1.074627
99       106        0.755         0.343            0.413  2.201166

[100 rows x 5 columns]",False
15,1,0.024327151477336884,"KstestResult(statistic=np.float64(0.06010562750587616), pvalue=np.float64(0.018510479472739233), statistic_location=np.float32(4.184368), statistic_sign=np.int8(1))",0.15859792147223142,"    query_id  bao_latency  best_latency  default_latency     regret
0        107        0.035         0.029            0.043   1.206897
1        108       81.491        79.822          213.983   1.020909
2        110        0.066         0.049            3.096   1.346939
3        111        0.951         0.072            0.951  13.208333
4        112      768.127       768.127         2605.613   1.000000
..       ...          ...           ...              ...        ...
95       217     2883.621      2301.235         4848.924   1.253075
96       218      245.916       186.477          216.683   1.318747
97       219      171.737       160.525          252.728   1.069846
98       220      146.223       137.549          146.223   1.063061
99       221      817.940       596.009          632.583   1.372362

[100 rows x 5 columns]",False
15,2,0.019034918397665024,"KstestResult(statistic=np.float64(0.04618121743550642), pvalue=np.float64(0.12330066758669433), statistic_location=np.float32(0.080266476), statistic_sign=np.int8(1))",0.17740673750761782,"    query_id  bao_latency  best_latency  default_latency    regret
0        222       88.392        88.392          733.865  1.000000
1        223        0.378         0.365           40.266  1.035616
2        224      144.331       111.100          144.331  1.299109
3        225        0.320         0.227            0.320  1.409692
4        226       26.556        19.370          133.711  1.370986
..       ...          ...           ...              ...       ...
95       328        0.344         0.207            0.321  1.661836
96       329    11034.335      6718.033        11034.335  1.642495
97       330        2.817         1.165           35.939  2.418026
98       331        0.105         0.089            0.108  1.179775
99       332      214.819       139.778          327.332  1.536858

[100 rows x 5 columns]",False
15,3,0.014959015883505344,"KstestResult(statistic=np.float64(0.03549339029432706), pvalue=np.float64(0.3837923588869274), statistic_location=np.float32(-0.6441088), statistic_sign=np.int8(1))",0.12888908550874292,"    query_id  bao_latency  best_latency  default_latency    regret
0        333       47.223        44.927           47.223  1.051105
1        335      163.931        43.940           43.940  3.730792
2        336      612.836       562.478          612.836  1.089529
3        337     2188.235      2165.367         2248.249  1.010561
4        338     4139.204      3852.639        12889.119  1.074381
..       ...          ...           ...              ...       ...
95       437       38.627        19.796          299.069  1.951253
96       438     2047.213      1841.490         2047.213  1.111716
97       439     1297.617       156.301         1297.617  8.302039
98       440      309.676       309.676          309.676  1.000000
99       441        0.089         0.061            1.008  1.459016

[100 rows x 5 columns]",False
15,4,0.027379915118217468,"KstestResult(statistic=np.float64(0.04606141522029372), pvalue=np.float64(0.12574457884306206), statistic_location=np.float32(4.4685965), statistic_sign=np.int8(1))",0.1608614281241814,"    query_id  bao_latency  best_latency  default_latency    regret
0        444      713.669       262.806          713.669  2.715573
1        446       67.049        61.816          291.441  1.084654
2        447      305.490       226.224          226.224  1.350387
3        449     1287.196      1181.678         1313.756  1.089295
4        450     3624.250      1327.353         3624.250  2.730434
..       ...          ...           ...              ...       ...
95       547       52.946        41.844           46.404  1.265319
96       548     1624.439      1429.309         4513.298  1.136521
97       549        0.080         0.048            0.080  1.666667
98       550     1358.017       684.706          978.039  1.983358
99       551       47.507        41.761           44.014  1.137592

[100 rows x 5 columns]",False
15,5,0.03310892730951309,"KstestResult(statistic=np.float64(0.08998707064793131), pvalue=np.float64(5.91767535284655e-05), statistic_location=np.float32(1.6986408), statistic_sign=np.int8(-1))",0.3163375485775691,"    query_id  bao_latency  best_latency  default_latency    regret
0        552      929.726       794.171          929.726  1.170687
1        553     1066.394      1066.394         1123.571  1.000000
2        554       94.038        72.056           72.056  1.305068
3        555        2.559         0.298            2.559  8.587248
4        556        0.096         0.082            0.096  1.170732
..       ...          ...           ...              ...       ...
95       650    32869.809     23839.166        46578.137  1.378815
96       651      744.788       635.928          867.117  1.171183
97       654        0.101         0.078            2.445  1.294872
98       655      785.332       535.437         1010.535  1.466712
99       656     2910.784      1905.820         2910.784  1.527313

[100 rows x 5 columns]",False
15,6,0.02832162007689476,"KstestResult(statistic=np.float64(0.05093124475277275), pvalue=np.float64(0.06943286202825563), statistic_location=np.float32(-4.0368752), statistic_sign=np.int8(-1))",0.18443250749275278,"    query_id  bao_latency  best_latency  default_latency    regret
0        657     1419.437      1379.164         5028.581  1.029201
1        658      156.977        94.451          479.086  1.661994
2        659      327.811       188.245          553.828  1.741406
3        660     1466.501      1466.501         1745.093  1.000000
4        661        0.104         0.076         1672.826  1.368421
..       ...          ...           ...              ...       ...
95       758     1162.942      1130.330         1358.668  1.028852
96       759        0.037         0.032            0.048  1.156250
97       760     7483.387      5306.703         7483.387  1.410176
98       761     1136.807       520.699         1136.807  2.183233
99       762        0.172         0.172         2065.654  1.000000

[100 rows x 5 columns]",False
15,7,0.019613653421401978,"KstestResult(statistic=np.float64(0.05554918669672768), pvalue=np.float64(0.03603610454929225), statistic_location=np.float32(3.702858), statistic_sign=np.int8(1))",0.144946391915998,"    query_id  bao_latency  best_latency  default_latency      regret
0        763      591.025       361.508          591.025    1.634888
1        764      140.955       140.955         1794.305    1.000000
2        765        0.055         0.041            0.055    1.341463
3        766      632.225       599.418          707.691    1.054731
4        767        1.816         1.773            1.816    1.024253
..       ...          ...           ...              ...         ...
95       861      165.606        88.413          190.104    1.873096
96       862     1423.039        12.064         1423.039  117.957477
97       863     3031.932      2563.737         7219.226    1.182622
98       864        0.222         0.197            0.251    1.126904
99       865      287.981       188.801          203.138    1.525315

[100 rows x 5 columns]",False
15,8,0.03249914199113846,"KstestResult(statistic=np.float64(0.04743213378632451), pvalue=np.float64(0.10739961834360072), statistic_location=np.float32(-4.148021), statistic_sign=np.int8(-1))",0.17421820736126076,"    query_id  bao_latency  best_latency  default_latency     regret
0        867     1866.342      1518.388         1759.727   1.229160
1        869      904.802       842.546         1012.931   1.073890
2        870        0.109         0.084            0.109   1.297619
3        871      200.858        50.409           50.409   3.984566
4        872      103.326        62.367         1061.266   1.656742
..       ...          ...           ...              ...        ...
95       970     4704.785      4704.785         6085.952   1.000000
96       971    58002.240      1288.502         1497.180  45.015250
97       973      202.862        42.786           44.671   4.741317
98       974      141.534       141.534          151.696   1.000000
99       975     1325.415      1288.742         1474.313   1.028456

[100 rows x 5 columns]",False
15,9,0.021832574158906937,"KstestResult(statistic=np.float64(0.054448112018784536), pvalue=np.float64(0.04323682022951522), statistic_location=np.float32(1.8037143), statistic_sign=np.int8(1))",0.24354152145633234,"    query_id  bao_latency  best_latency  default_latency     regret
0        976     1328.599      1294.468         1381.761   1.026367
1        977    20343.100     11627.163        12435.601   1.749619
2        978        2.709         0.330          304.012   8.209091
3        980     2746.345        52.240          207.195  52.571688
4        981        1.606         1.344           53.895   1.194940
..       ...          ...           ...              ...        ...
95      1088      680.862       576.922          646.356   1.180163
96      1089      791.745       688.357          688.357   1.150195
97      1090      261.998       235.028         3514.857   1.114752
98      1091      555.345       423.583         1827.002   1.311065
99      1092        0.304         0.233            0.347   1.304721

[100 rows x 5 columns]",False
15,10,0.03168370574712753,"KstestResult(statistic=np.float64(0.09112997658079626), pvalue=np.float64(4.1321071321821055e-05), statistic_location=np.float32(1.4835954), statistic_sign=np.int8(1))",0.3845901566583032,"    query_id  bao_latency  best_latency  default_latency    regret
0       1093      147.946       124.753          133.628  1.185911
1       1094        0.199         0.051          212.662  3.901961
2       1095        1.341         0.745            0.745  1.800000
3       1096      148.397       123.245          128.164  1.204081
4       1097      864.188       770.197          864.188  1.122035
..       ...          ...           ...              ...       ...
95      1195      148.283        48.224           49.254  3.074880
96      1196     1911.202      1911.202         2291.804  1.000000
97      1197        0.169         0.169          239.270  1.000000
98      1198      242.208       124.820          657.393  1.940458
99      1199      179.217       129.277          129.277  1.386302

[100 rows x 5 columns]",False
15,11,0.027250777930021286,"KstestResult(statistic=np.float64(0.05090666123825296), pvalue=np.float64(0.06913922451115541), statistic_location=np.float32(0.47179747), statistic_sign=np.int8(1))",0.19532965037557837,"    query_id  bao_latency  best_latency  default_latency     regret
0       1200        1.107         0.653           38.108   1.695253
1       1201        0.068         0.065            0.073   1.046154
2       1202     9796.637      2838.032         9796.637   3.451912
3       1203        9.838         9.084          362.903   1.083003
4       1204        0.105         0.093            0.129   1.129032
..       ...          ...           ...              ...        ...
95      1304       98.946        93.762          163.545   1.055289
96      1305      129.499        56.774           67.442   2.280956
97      1306      140.133        64.906          140.133   2.159015
98      1307     1429.327       198.714          719.361   7.192885
99      1308      549.189        54.702          459.285  10.039651

[100 rows x 5 columns]",False
15,12,0.045512400567531586,"KstestResult(statistic=np.float64(0.09151206116675248), pvalue=np.float64(4.179766577445023e-05), statistic_location=np.float32(-0.76983833), statistic_sign=np.int8(-1))",0.42026861495267404,"    query_id  bao_latency  best_latency  default_latency     regret
0       1309      827.409       582.898          606.335   1.419475
1       1310      415.824       415.824          415.824   1.000000
2       1311      136.047        89.042           89.042   1.527897
3       1312       66.646        66.102           66.102   1.008230
4       1313     1345.772       549.391          568.369   2.449571
..       ...          ...           ...              ...        ...
95      1412        0.194         0.114            0.186   1.701754
96      1413     2209.632      1999.996         2209.632   1.104818
97      1414      326.763       213.228          213.228   1.532458
98      1415        2.520         0.156            2.520  16.153846
99      1416     8265.208       698.512         8265.208  11.832593

[100 rows x 5 columns]",False
15,13,0.020163949579000473,"KstestResult(statistic=np.float64(0.0659103486101719), pvalue=np.float64(0.007331364851562069), statistic_location=np.float32(1.9182096), statistic_sign=np.int8(-1))",0.1972723589921897,"    query_id  bao_latency  best_latency  default_latency    regret
0       1417        0.292         0.257            5.023  1.136187
1       1418    20050.574      2072.275         8122.004  9.675634
2       1419        0.402         0.083            0.624  4.843373
3       1420      113.643       111.089          534.020  1.022991
4       1421      570.181       200.035          624.628  2.850406
..       ...          ...           ...              ...       ...
95      1525     1306.741       526.686         1236.030  2.481063
96      1526     1392.698      1241.710         1405.049  1.121597
97      1527        0.103         0.071            0.073  1.450704
98      1528       70.808        59.953          155.919  1.181058
99      1529      373.566       271.854          558.181  1.374142

[100 rows x 5 columns]",False
15,14,0.028748948127031326,"KstestResult(statistic=np.float64(0.05712050078247261), pvalue=np.float64(0.02904633036295541), statistic_location=np.float32(1.4136729), statistic_sign=np.int8(1))",0.21401742219672398,"    query_id  bao_latency  best_latency  default_latency    regret
0       1530        0.076         0.071            0.111  1.070423
1       1531       36.187        36.187           36.187  1.000000
2       1532       11.102         5.626            8.982  1.973338
3       1533      232.640       122.772          232.024  1.894895
4       1534     1067.981       862.344          864.973  1.238463
..       ...          ...           ...              ...       ...
95      1635       22.560        17.296           22.560  1.304348
96      1636      541.278       482.726          541.278  1.121294
97      1637      771.261       771.261         1361.309  1.000000
98      1639        0.132         0.035            0.071  3.771429
99      1640        0.309         0.097            0.989  3.185567

[100 rows x 5 columns]",False
15,15,0.0,"KstestResult(statistic=np.float64(0.0), pvalue=np.float64(1.0), statistic_location=np.float32(-5.4994526), statistic_sign=np.int8(1))",0.0,"    query_id  bao_latency  best_latency  default_latency    regret
0       1642        7.686         7.584            7.686  1.013449
1       1643      486.382       486.382          979.381  1.000000
2       1644      158.028       109.377          475.365  1.444801
3       1645      578.753       578.753          578.753  1.000000
4       1646        0.343         0.216            5.091  1.587963
..       ...          ...           ...              ...       ...
95      1745     3651.022      3398.949         3651.022  1.074162
96      1746        4.797         4.797          268.324  1.000000
97      1747        0.289         0.130            3.261  2.223077
98      1748       96.167        88.298          155.548  1.089119
99      1749        0.097         0.050            0.110  1.940000

[100 rows x 5 columns]",True
15,16,0.020706117153167725,"KstestResult(statistic=np.float64(0.07096678431243197), pvalue=np.float64(0.0029593449524536156), statistic_location=np.float32(-0.46491957), statistic_sign=np.int8(-1))",0.36712384744853044,"    query_id  bao_latency  best_latency  default_latency     regret
0       1750      449.157       195.010          449.157   2.303251
1       1751      129.196       129.196          129.196   1.000000
2       1752        0.095         0.074            2.363   1.283784
3       1753     3424.240      3039.182         3424.240   1.126698
4       1754       46.495        46.495           46.495   1.000000
..       ...          ...           ...              ...        ...
95      1851      587.443       396.877          550.506   1.480164
96      1852        1.878         0.076            4.811  24.710526
97      1853        0.386         0.186            0.946   2.075269
98      1854      266.825       141.892          169.085   1.880480
99      1855     3724.888      3221.756         5141.806   1.156167

[100 rows x 5 columns]",False
15,17,0.025907156988978386,"KstestResult(statistic=np.float64(0.04328495823267993), pvalue=np.float64(0.1757438594716008), statistic_location=np.float32(0.5277791), statistic_sign=np.int8(-1))",0.14326016347174853,"    query_id  bao_latency  best_latency  default_latency    regret
0       1856     4355.618      2369.999         3201.138  1.837814
1       1857    15485.820     15485.820        36286.284  1.000000
2       1858     3339.387       664.550         3339.387  5.025035
3       1861        0.121         0.090            2.266  1.344444
4       1862     1424.161       991.737         1376.264  1.436027
..       ...          ...           ...              ...       ...
95      1963        1.130         0.986            0.986  1.146045
96      1964     2124.494      1924.456         1975.180  1.103945
97      1965      231.289       187.099          679.775  1.236185
98      1967     4144.124      1584.036         1605.321  2.616180
99      1968      198.076       140.528         1979.644  1.409513

[100 rows x 5 columns]",False
15,18,0.032442301511764526,"KstestResult(statistic=np.float64(0.08229422141904393), pvalue=np.float64(0.00032535249348101294), statistic_location=np.float32(1.4666238), statistic_sign=np.int8(1))",0.30802354942114074,"    query_id  bao_latency  best_latency  default_latency       regret
0       1969    44222.331     37372.373        44222.331     1.183289
1       1970        1.609         0.066            1.174    24.378788
2       1971     1583.045      1583.045         1970.024     1.000000
3       1972      582.932       224.522          765.279     2.596325
4       1973      148.796       117.160          117.160     1.270024
..       ...          ...           ...              ...          ...
95      2077    17858.760      8183.780        12250.051     2.182214
96      2078      150.947       139.725          139.725     1.080315
97      2079      514.834         0.093            0.099  5535.849462
98      2080      333.143       323.798          333.143     1.028861
99      2081      175.652       114.680          115.225     1.531671

[100 rows x 5 columns]",False
15,19,0.02143866755068302,"KstestResult(statistic=np.float64(0.03930559507394194), pvalue=np.float64(0.26486694029739555), statistic_location=np.float32(2.0968385), statistic_sign=np.int8(-1))",0.1541351529118393,"    query_id  bao_latency  best_latency  default_latency    regret
0       2082       96.191        49.305          101.448  1.950938
1       2083     5913.346      1555.021         5913.346  3.802743
2       2084      249.023       195.418          213.074  1.274309
3       2085      542.746       540.268          575.816  1.004587
4       2086       43.729        34.831           34.831  1.255462
..       ...          ...           ...              ...       ...
95      2183       49.572        49.413          169.428  1.003218
96      2184       59.798        54.429           56.049  1.098642
97      2185     2500.103      2332.156         3637.614  1.072014
98      2186      169.518        39.958          189.188  4.242405
99      2187    16343.445     15328.462        15328.462  1.066216

[100 rows x 5 columns]",False
15,20,0.020397000014781952,"KstestResult(statistic=np.float64(0.05608331225971494), pvalue=np.float64(0.03387570293669485), statistic_location=np.float32(3.2114854), statistic_sign=np.int8(1))",0.2607768598761693,"    query_id  bao_latency  best_latency  default_latency     regret
0       2188       50.816        43.584         1109.993   1.165932
1       2189       52.632        50.757          611.878   1.036941
2       2190      882.179       189.468          362.951   4.656084
3       2191     1953.567      1884.464         3237.782   1.036670
4       2192      161.088         4.959           60.036  32.483969
..       ...          ...           ...              ...        ...
95      2296     2349.251      1064.475         5849.980   2.206957
96      2297       60.977        52.203          252.029   1.168075
97      2298        6.813         6.589           25.689   1.033996
98      2299      618.695       355.366          476.009   1.741008
99      2300        0.210         0.120            2.512   1.750000

[100 rows x 5 columns]",False
15,21,0.025430195033550262,"KstestResult(statistic=np.float64(0.041758749216611143), pvalue=np.float64(0.2060187152993973), statistic_location=np.float32(0.6167054), statistic_sign=np.int8(-1))",0.1477836633590754,"    query_id  bao_latency  best_latency  default_latency    regret
0       2301      199.675       199.675          199.675  1.000000
1       2302        0.199         0.098           40.524  2.030612
2       2303     1247.602      1150.995         1325.366  1.083933
3       2304        0.071         0.055            0.134  1.290909
4       2305        0.141         0.077           55.630  1.831169
..       ...          ...           ...              ...       ...
95      2407        0.061         0.061            0.092  1.000000
96      2408      215.791       124.538         3216.453  1.732732
97      2410     8838.983      8838.983         9248.877  1.000000
98      2411      367.614       166.180          313.279  2.212143
99      2412     1193.993      1193.993         1289.955  1.000000

[100 rows x 5 columns]",False
15,22,0.03663446754217148,"KstestResult(statistic=np.float64(0.09396582828472738), pvalue=np.float64(2.1702775366770247e-05), statistic_location=np.float32(1.4303379), statistic_sign=np.int8(-1))",0.3032645438794771,"    query_id  bao_latency  best_latency  default_latency       regret
0       2414        0.207         0.087            0.087     2.379310
1       2416      414.539       405.447          414.539     1.022425
2       2417    29087.850      5350.798        35438.688     5.436170
3       2418     4206.837      2745.343         6892.147     1.532354
4       2419       50.259        49.431           50.259     1.016751
..       ...          ...           ...              ...          ...
95      2521    13794.202     13573.417        14900.987     1.016266
96      2522        0.065         0.042            0.065     1.547619
97      2523        0.231         0.193            0.834     1.196891
98      2525      192.677         0.076          434.311  2535.223684
99      2526        0.553         0.102            0.553     5.421569

[100 rows x 5 columns]",False
15,23,0.03243732079863548,"KstestResult(statistic=np.float64(0.13156336710954467), pvalue=np.float64(6.235242073121525e-06), statistic_location=np.float32(1.793642), statistic_sign=np.int8(1))",0.39707844621521654,"    query_id  bao_latency  best_latency  default_latency    regret
0       2527       50.108        50.108          242.126  1.000000
1       2528      831.411       705.912          705.912  1.177783
2       2529     1799.542      1053.647         1162.004  1.707917
3       2530       60.759        60.759           60.759  1.000000
4       2531     1998.128      1507.124         1507.124  1.325789
5       2532       85.922        78.852          167.839  1.089662
6       2533        0.335         0.299            1.000  1.120401
7       2534        0.468         0.331           11.050  1.413897
8       2535        0.887         0.299            0.437  2.966555
9       2536     1718.456      1656.217         1809.926  1.037579
10      2537     5047.419      1309.471         1694.821  3.854548
11      2538      145.679       116.251          145.679  1.253142
12      2539       63.987        59.628           64.366  1.073103
13      2540      802.170       773.446          802.170  1.037138
14      2541     1606.843      1217.855         3309.322  1.319404
15      2542       10.446         9.817           22.869  1.064073
16      2543        0.084         0.083            0.123  1.012048
17      2544     1167.271       255.760          311.426  4.563931
18      2545     2410.180      2223.666         2410.180  1.083877
19      2546      869.000       869.000          869.000  1.000000
20      2547       43.049        35.106           98.914  1.226258
21      2548     3450.986      3393.097         3934.745  1.017061
22      2549        0.081         0.067            7.470  1.208955
23      2550        0.010         0.007            0.010  1.428571
24      2551      355.486       192.180          271.975  1.849755
25      2552      110.565        92.466          100.547  1.195737
26      2553      210.138        51.707         4583.443  4.064015
27      2554       14.023        14.023         1668.021  1.000000
28      2555      143.008        59.671          143.008  2.396608
29      2556        7.292         3.296          220.690  2.212379
30      2557        0.064         0.037            0.091  1.729730
31      2559      909.546       897.080          897.080  1.013896
32      2560      156.695       111.589          162.946  1.404215
33      2561        0.232         0.165          159.401  1.406061
34      2562      549.155       508.171         2813.506  1.080650
35      2563        0.354         0.354          188.877  1.000000
36      2564      235.633       169.186          235.633  1.392745
37      2565        0.421         0.081            0.088  5.197531
38      2567      203.492       203.492          203.492  1.000000",False
16,0,0.06750133633613586,"KstestResult(statistic=np.float64(0.07013788769361576), pvalue=np.float64(0.003536818811633312), statistic_location=np.float32(0.05490923), statistic_sign=np.int8(-1))",0.2182555419627399,"    query_id  bao_latency  best_latency  default_latency    regret
0          1      418.318       374.589          374.589  1.116739
1          2      172.350        48.971           48.971  3.519430
2          3      302.328       176.568          176.568  1.712247
3          4       89.703        89.703           89.703  1.000000
4          5        0.069         0.060            0.232  1.150000
..       ...          ...           ...              ...       ...
95       102     2930.068       689.220          861.195  4.251281
96       103     1106.195      1037.111         1321.644  1.066612
97       104      295.120       210.249          230.305  1.403669
98       105        0.074         0.067            0.082  1.104478
99       106        0.755         0.343            0.413  2.201166

[100 rows x 5 columns]",False
16,1,0.029149603098630905,"KstestResult(statistic=np.float64(0.05301787267781828), pvalue=np.float64(0.051123159805222786), statistic_location=np.float32(-1.3261756), statistic_sign=np.int8(1))",0.2606890985429292,"    query_id  bao_latency  best_latency  default_latency    regret
0        107        0.043         0.029            0.043  1.482759
1        108      213.983        79.822          213.983  2.680752
2        110        0.103         0.049            3.096  2.102041
3        111        0.072         0.072            0.951  1.000000
4        112     2605.613       768.127         2605.613  3.392164
..       ...          ...           ...              ...       ...
95       217     2883.621      2301.235         4848.924  1.253075
96       218      195.874       186.477          216.683  1.050392
97       219      252.728       160.525          252.728  1.574384
98       220      168.931       137.549          146.223  1.228151
99       221      685.191       596.009          632.583  1.149632

[100 rows x 5 columns]",False
16,2,0.03943758085370064,"KstestResult(statistic=np.float64(0.10096080358117698), pvalue=np.float64(3.695726346280925e-06), statistic_location=np.float32(-0.8090484), statistic_sign=np.int8(1))",0.4322623608380412,"    query_id  bao_latency  best_latency  default_latency    regret
0        222      733.865        88.392          733.865  8.302392
1        223        0.378         0.365           40.266  1.035616
2        224      149.262       111.100          144.331  1.343492
3        225        0.320         0.227            0.320  1.409692
4        226       26.556        19.370          133.711  1.370986
..       ...          ...           ...              ...       ...
95       328        0.344         0.207            0.321  1.661836
96       329    11034.335      6718.033        11034.335  1.642495
97       330        2.817         1.165           35.939  2.418026
98       331        0.096         0.089            0.108  1.078652
99       332      880.053       139.778          327.332  6.296077

[100 rows x 5 columns]",False
16,3,0.034064315259456635,"KstestResult(statistic=np.float64(0.12952931262790418), pvalue=np.float64(8.322255212147061e-10), statistic_location=np.float32(-0.39971924), statistic_sign=np.int8(1))",0.5476329347278197,"    query_id  bao_latency  best_latency  default_latency    regret
0        333       47.223        44.927           47.223  1.051105
1        335      146.768        43.940           43.940  3.340191
2        336      686.005       562.478          612.836  1.219612
3        337     2188.235      2165.367         2248.249  1.010561
4        338    13176.637      3852.639        12889.119  3.420159
..       ...          ...           ...              ...       ...
95       437       38.627        19.796          299.069  1.951253
96       438     1849.978      1841.490         2047.213  1.004609
97       439      160.846       156.301         1297.617  1.029079
98       440      341.566       309.676          309.676  1.102979
99       441        0.089         0.061            1.008  1.459016

[100 rows x 5 columns]",False
16,4,0.04480306804180145,"KstestResult(statistic=np.float64(0.09162242405627953), pvalue=np.float64(3.869018057621648e-05), statistic_location=np.float32(-0.60049844), statistic_sign=np.int8(1))",0.6073235231449307,"    query_id  bao_latency  best_latency  default_latency    regret
0        444      692.595       262.806          713.669  2.635385
1        446       64.076        61.816          291.441  1.036560
2        447      292.887       226.224          226.224  1.294677
3        449     2236.144      1181.678         1313.756  1.892346
4        450     3624.250      1327.353         3624.250  2.730434
..       ...          ...           ...              ...       ...
95       547       46.404        41.844           46.404  1.108976
96       548     2181.949      1429.309         4513.298  1.526576
97       549        0.064         0.048            0.080  1.333333
98       550     2329.676       684.706          978.039  3.402447
99       551       44.014        41.761           44.014  1.053950

[100 rows x 5 columns]",False
16,5,0.03486940264701843,"KstestResult(statistic=np.float64(0.07069395539906104), pvalue=np.float64(0.0030978482828572487), statistic_location=np.float32(-0.703485), statistic_sign=np.int8(1))",0.2513825273160941,"    query_id  bao_latency  best_latency  default_latency    regret
0        552      805.557       794.171          929.726  1.014337
1        553     1154.947      1066.394         1123.571  1.083040
2        554       94.038        72.056           72.056  1.305068
3        555        0.691         0.298            2.559  2.318792
4        556        0.107         0.082            0.096  1.304878
..       ...          ...           ...              ...       ...
95       650    32869.809     23839.166        46578.137  1.378815
96       651      862.034       635.928          867.117  1.355553
97       654        0.101         0.078            2.445  1.294872
98       655      673.514       535.437         1010.535  1.257877
99       656     2910.784      1905.820         2910.784  1.527313

[100 rows x 5 columns]",False
16,6,0.05499081313610077,"KstestResult(statistic=np.float64(0.08286827885552307), pvalue=np.float64(0.00028898023556532846), statistic_location=np.float32(0.71812344), statistic_sign=np.int8(-1))",0.3904812609479366,"    query_id  bao_latency  best_latency  default_latency    regret
0        657     1468.913      1379.164         5028.581  1.065075
1        658      156.977        94.451          479.086  1.661994
2        659      321.251       188.245          553.828  1.706558
3        660     1466.501      1466.501         1745.093  1.000000
4        661        0.097         0.076         1672.826  1.276316
..       ...          ...           ...              ...       ...
95       758     1510.116      1130.330         1358.668  1.335996
96       759        0.048         0.032            0.048  1.500000
97       760     5306.703      5306.703         7483.387  1.000000
98       761      843.959       520.699         1136.807  1.620819
99       762        0.213         0.172         2065.654  1.238372

[100 rows x 5 columns]",False
16,7,0.022641949355602264,"KstestResult(statistic=np.float64(0.06056228591439859), pvalue=np.float64(0.017078628370220582), statistic_location=np.float32(-0.8905281), statistic_sign=np.int8(1))",0.27507721524169204,"    query_id  bao_latency  best_latency  default_latency      regret
0        763      467.718       361.508          591.025    1.293797
1        764     2170.390       140.955         1794.305   15.397751
2        765        0.065         0.041            0.055    1.585366
3        766      632.225       599.418          707.691    1.054731
4        767        2.583         1.773            1.816    1.456853
..       ...          ...           ...              ...         ...
95       861      160.509        88.413          190.104    1.815446
96       862     1423.039        12.064         1423.039  117.957477
97       863     2897.262      2563.737         7219.226    1.130093
98       864        0.297         0.197            0.251    1.507614
99       865      735.909       188.801          203.138    3.897802

[100 rows x 5 columns]",False
16,8,0.0555071122944355,"KstestResult(statistic=np.float64(0.08763693270735524), pvalue=np.float64(0.00010826397272467085), statistic_location=np.float32(-0.5636469), statistic_sign=np.int8(1))",0.3909565613769776,"    query_id  bao_latency  best_latency  default_latency     regret
0        867     1866.342      1518.388         1759.727   1.229160
1        869      842.546       842.546         1012.931   1.000000
2        870        0.112         0.084            0.109   1.333333
3        871       50.409        50.409           50.409   1.000000
4        872     1061.266        62.367         1061.266  17.016467
..       ...          ...           ...              ...        ...
95       970     4704.785      4704.785         6085.952   1.000000
96       971     1288.502      1288.502         1497.180   1.000000
97       973      202.862        42.786           44.671   4.741317
98       974      189.683       141.534          151.696   1.340194
99       975     1474.313      1288.742         1474.313   1.143994

[100 rows x 5 columns]",False
16,9,0.03480193018913269,"KstestResult(statistic=np.float64(0.06980025384150924), pvalue=np.float64(0.0037575735188766957), statistic_location=np.float32(-0.92071944), statistic_sign=np.int8(1))",0.406486369013682,"    query_id  bao_latency  best_latency  default_latency     regret
0        976    13841.629      1294.468         1381.761  10.692909
1        977    11627.163     11627.163        12435.601   1.000000
2        978        2.709         0.330          304.012   8.209091
3        980      207.195        52.240          207.195   3.966214
4        981        4.170         1.344           53.895   3.102679
..       ...          ...           ...              ...        ...
95      1088      696.368       576.922          646.356   1.207040
96      1089      907.601       688.357          688.357   1.318503
97      1090     5016.371       235.028         3514.857  21.343716
98      1091     1920.175       423.583         1827.002   4.533173
99      1092        0.239         0.233            0.347   1.025751

[100 rows x 5 columns]",False
16,10,0.050747960805892944,"KstestResult(statistic=np.float64(0.10749095266040688), pvalue=np.float64(6.681284277332831e-07), statistic_location=np.float32(-0.8242744), statistic_sign=np.int8(1))",0.532374907468689,"    query_id  bao_latency  best_latency  default_latency    regret
0       1093      133.628       124.753          133.628  1.071141
1       1094        0.199         0.051          212.662  3.901961
2       1095        1.341         0.745            0.745  1.800000
3       1096      148.397       123.245          128.164  1.204081
4       1097      877.909       770.197          864.188  1.139850
..       ...          ...           ...              ...       ...
95      1195      112.588        48.224           49.254  2.334688
96      1196     1911.202      1911.202         2291.804  1.000000
97      1197        0.308         0.169          239.270  1.822485
98      1198      652.272       124.820          657.393  5.225701
99      1199      132.093       129.277          129.277  1.021783

[100 rows x 5 columns]",False
16,11,0.0674237385392189,"KstestResult(statistic=np.float64(0.08503338835764085), pvalue=np.float64(0.00017034400201052215), statistic_location=np.float32(1.3985772), statistic_sign=np.int8(1))",0.4469498551579935,"    query_id  bao_latency  best_latency  default_latency     regret
0       1200       12.195         0.653           38.108  18.675345
1       1201        0.065         0.065            0.073   1.000000
2       1202     2990.804      2838.032         9796.637   1.053830
3       1203       14.007         9.084          362.903   1.541942
4       1204        0.122         0.093            0.129   1.311828
..       ...          ...           ...              ...        ...
95      1304      539.961        93.762          163.545   5.758847
96      1305      209.984        56.774           67.442   3.698594
97      1306       75.815        64.906          140.133   1.168074
98      1307      225.462       198.714          719.361   1.134606
99      1308      526.685        54.702          459.285   9.628259

[100 rows x 5 columns]",False
16,12,0.04401528462767601,"KstestResult(statistic=np.float64(0.055833028113519576), pvalue=np.float64(0.035762917693283984), statistic_location=np.float32(0.09589356), statistic_sign=np.int8(1))",0.2567351734310484,"    query_id  bao_latency  best_latency  default_latency     regret
0       1309      606.335       582.898          606.335   1.040208
1       1310      415.824       415.824          415.824   1.000000
2       1311      136.047        89.042           89.042   1.527897
3       1312       66.646        66.102           66.102   1.008230
4       1313      568.369       549.391          568.369   1.034544
..       ...          ...           ...              ...        ...
95      1412        0.194         0.114            0.186   1.701754
96      1413     2209.632      1999.996         2209.632   1.104818
97      1414      299.598       213.228          213.228   1.405059
98      1415        2.520         0.156            2.520  16.153846
99      1416      698.512       698.512         8265.208   1.000000

[100 rows x 5 columns]",False
16,13,0.03164491802453995,"KstestResult(statistic=np.float64(0.08993633098529986), pvalue=np.float64(6.0497766767726434e-05), statistic_location=np.float32(-1.4246161), statistic_sign=np.int8(1))",0.37272690733160074,"    query_id  bao_latency  best_latency  default_latency    regret
0       1417        1.226         0.257            5.023  4.770428
1       1418     3916.428      2072.275         8122.004  1.889917
2       1419        0.624         0.083            0.624  7.518072
3       1420      153.934       111.089          534.020  1.385682
4       1421      292.044       200.035          624.628  1.459965
..       ...          ...           ...              ...       ...
95      1525      526.686       526.686         1236.030  1.000000
96      1526     1405.049      1241.710         1405.049  1.131544
97      1527        0.073         0.071            0.073  1.028169
98      1528      155.919        59.953          155.919  2.600687
99      1529      373.566       271.854          558.181  1.374142

[100 rows x 5 columns]",False
16,14,0.06938116252422333,"KstestResult(statistic=np.float64(0.13928012519561817), pvalue=np.float64(3.185880108943686e-11), statistic_location=np.float32(-0.16817737), statistic_sign=np.int8(1))",0.6995677405120062,"    query_id  bao_latency  best_latency  default_latency    regret
0       1530        0.136         0.071            0.111  1.915493
1       1531       36.187        36.187           36.187  1.000000
2       1532       11.650         5.626            8.982  2.070743
3       1533      232.024       122.772          232.024  1.889877
4       1534     1016.562       862.344          864.973  1.178836
..       ...          ...           ...              ...       ...
95      1635       22.560        17.296           22.560  1.304348
96      1636      518.025       482.726          541.278  1.073124
97      1637     1079.698       771.261         1361.309  1.399913
98      1639        0.071         0.035            0.071  2.028571
99      1640        0.309         0.097            0.989  3.185567

[100 rows x 5 columns]",False
16,15,0.02556566894054413,"KstestResult(statistic=np.float64(0.08545810381414168), pvalue=np.float64(0.00016026583425295742), statistic_location=np.float32(1.4308844), statistic_sign=np.int8(-1))",0.44421345278986246,"    query_id  bao_latency  best_latency  default_latency     regret
0       1642        7.686         7.584            7.686   1.013449
1       1643      486.382       486.382          979.381   1.000000
2       1644      158.028       109.377          475.365   1.444801
3       1645      578.753       578.753          578.753   1.000000
4       1646        5.091         0.216            5.091  23.569444
..       ...          ...           ...              ...        ...
95      1745     3568.273      3398.949         3651.022   1.049817
96      1746        4.797         4.797          268.324   1.000000
97      1747        0.289         0.130            3.261   2.223077
98      1748      155.548        88.298          155.548   1.761625
99      1749        0.059         0.050            0.110   1.180000

[100 rows x 5 columns]",False
16,16,0.0,"KstestResult(statistic=np.float64(0.0), pvalue=np.float64(1.0), statistic_location=np.float32(-7.6719646), statistic_sign=np.int8(1))",0.0,"    query_id  bao_latency  best_latency  default_latency    regret
0       1750      449.157       195.010          449.157  2.303251
1       1751      155.806       129.196          129.196  1.205966
2       1752        0.095         0.074            2.363  1.283784
3       1753     3392.919      3039.182         3424.240  1.116392
4       1754       48.945        46.495           46.495  1.052694
..       ...          ...           ...              ...       ...
95      1851      550.506       396.877          550.506  1.387095
96      1852        0.076         0.076            4.811  1.000000
97      1853        0.386         0.186            0.946  2.075269
98      1854      169.085       141.892          169.085  1.191646
99      1855     3641.252      3221.756         5141.806  1.130207

[100 rows x 5 columns]",True
16,17,0.052653249353170395,"KstestResult(statistic=np.float64(0.07115818269195223), pvalue=np.float64(0.0029396323456479904), statistic_location=np.float32(-1.52414), statistic_sign=np.int8(1))",0.509823475451942,"    query_id  bao_latency  best_latency  default_latency     regret
0       1856     2404.211      2369.999         3201.138   1.014435
1       1857    30304.770     15485.820        36286.284   1.956937
2       1858      948.027       664.550         3339.387   1.426570
3       1861        0.121         0.090            2.266   1.344444
4       1862     1516.279       991.737         1376.264   1.528912
..       ...          ...           ...              ...        ...
95      1963        0.986         0.986            0.986   1.000000
96      1964     2124.494      1924.456         1975.180   1.103945
97      1965      679.775       187.099          679.775   3.633237
98      1967     1732.644      1584.036         1605.321   1.093816
99      1968     2343.296       140.528         1979.644  16.674940

[100 rows x 5 columns]",False
16,18,0.0433199442923069,"KstestResult(statistic=np.float64(0.07525784629034046), pvalue=np.float64(0.0013614146386222393), statistic_location=np.float32(-1.1469507), statistic_sign=np.int8(1))",0.30753460538416233,"    query_id  bao_latency  best_latency  default_latency       regret
0       1969    37571.635     37372.373        44222.331     1.005332
1       1970        1.609         0.066            1.174    24.378788
2       1971     1583.045      1583.045         1970.024     1.000000
3       1972      371.453       224.522          765.279     1.654417
4       1973      158.173       117.160          117.160     1.350060
..       ...          ...           ...              ...          ...
95      2077    17858.760      8183.780        12250.051     2.182214
96      2078      200.889       139.725          139.725     1.437746
97      2079      552.697         0.093            0.099  5942.978495
98      2080     1111.056       323.798          333.143     3.431324
99      2081      149.949       114.680          115.225     1.307543

[100 rows x 5 columns]",False
16,19,0.03058195486664772,"KstestResult(statistic=np.float64(0.07938440612522486), pvalue=np.float64(0.0005747228806171456), statistic_location=np.float32(-1.4666007), statistic_sign=np.int8(1))",0.3555603803525715,"    query_id  bao_latency  best_latency  default_latency    regret
0       2082       81.806        49.305          101.448  1.659183
1       2083     1580.447      1555.021         5913.346  1.016351
2       2084      249.023       195.418          213.074  1.274309
3       2085      540.268       540.268          575.816  1.000000
4       2086       34.831        34.831           34.831  1.000000
..       ...          ...           ...              ...       ...
95      2183      162.733        49.413          169.428  3.293324
96      2184       59.798        54.429           56.049  1.098642
97      2185     5564.692      2332.156         3637.614  2.386072
98      2186      169.518        39.958          189.188  4.242405
99      2187    16580.644     15328.462        15328.462  1.081690

[100 rows x 5 columns]",False
16,20,0.03649187833070755,"KstestResult(statistic=np.float64(0.081377151799687), pvalue=np.float64(0.00041963675398334953), statistic_location=np.float32(-1.0884666), statistic_sign=np.int8(1))",0.3659559334854192,"    query_id  bao_latency  best_latency  default_latency    regret
0       2188       50.816        43.584         1109.993  1.165932
1       2189       50.757        50.757          611.878  1.000000
2       2190      362.951       189.468          362.951  1.915632
3       2191     1884.464      1884.464         3237.782  1.000000
4       2192       12.603         4.959           60.036  2.541440
..       ...          ...           ...              ...       ...
95      2296     5849.980      1064.475         5849.980  5.495648
96      2297       60.977        52.203          252.029  1.168075
97      2298        6.589         6.589           25.689  1.000000
98      2299      355.366       355.366          476.009  1.000000
99      2300        0.209         0.120            2.512  1.741667

[100 rows x 5 columns]",False
16,21,0.06286439299583435,"KstestResult(statistic=np.float64(0.1111111111111111), pvalue=np.float64(2.7375099583918803e-07), statistic_location=np.float32(-0.35894465), statistic_sign=np.int8(1))",0.5443772421756261,"    query_id  bao_latency  best_latency  default_latency    regret
0       2301      235.660       199.675          199.675  1.180218
1       2302        0.098         0.098           40.524  1.000000
2       2303     1325.366      1150.995         1325.366  1.151496
3       2304        0.059         0.055            0.134  1.072727
4       2305        0.166         0.077           55.630  2.155844
..       ...          ...           ...              ...       ...
95      2407        0.061         0.061            0.092  1.000000
96      2408      124.538       124.538         3216.453  1.000000
97      2410     8858.880      8838.983         9248.877  1.002251
98      2411      418.022       166.180          313.279  2.515477
99      2412     1289.955      1193.993         1289.955  1.080371

[100 rows x 5 columns]",False
16,22,0.04851951822638512,"KstestResult(statistic=np.float64(0.06786653932428031), pvalue=np.float64(0.005127385223408103), statistic_location=np.float32(-1.3288475), statistic_sign=np.int8(1))",0.3209655635183211,"    query_id  bao_latency  best_latency  default_latency       regret
0       2414        0.227         0.087            0.087     2.609195
1       2416      437.967       405.447          414.539     1.080208
2       2417    30809.612      5350.798        35438.688     5.757947
3       2418     2769.109      2745.343         6892.147     1.008657
4       2419       49.502        49.431           50.259     1.001436
..       ...          ...           ...              ...          ...
95      2521    14900.987     13573.417        14900.987     1.097807
96      2522        0.043         0.042            0.065     1.023810
97      2523        0.834         0.193            0.834     4.321244
98      2525      189.273         0.076          434.311  2490.434211
99      2526        0.553         0.102            0.553     5.421569

[100 rows x 5 columns]",False
16,23,0.05791620910167694,"KstestResult(statistic=np.float64(0.15920761090193528), pvalue=np.float64(1.7552248050199722e-08), statistic_location=np.float32(-0.03042531), statistic_sign=np.int8(1))",0.7547041605870738,"    query_id  bao_latency  best_latency  default_latency     regret
0       2527      242.126        50.108          242.126   4.832083
1       2528      705.912       705.912          705.912   1.000000
2       2529     1799.542      1053.647         1162.004   1.707917
3       2530       60.759        60.759           60.759   1.000000
4       2531     1998.128      1507.124         1507.124   1.325789
5       2532       86.692        78.852          167.839   1.099427
6       2533        0.335         0.299            1.000   1.120401
7       2534        0.414         0.331           11.050   1.250755
8       2535        0.395         0.299            0.437   1.321070
9       2536     1656.217      1656.217         1809.926   1.000000
10      2537     1735.514      1309.471         1694.821   1.325355
11      2538      145.679       116.251          145.679   1.253142
12      2539       64.366        59.628           64.366   1.079459
13      2540     7802.314       773.446          802.170  10.087729
14      2541     3309.322      1217.855         3309.322   2.717337
15      2542       11.046         9.817           22.869   1.125191
16      2543        0.083         0.083            0.123   1.000000
17      2544      259.290       255.760          311.426   1.013802
18      2545     2372.781      2223.666         2410.180   1.067058
19      2546      869.000       869.000          869.000   1.000000
20      2547      140.717        35.106           98.914   4.008346
21      2548    30757.754      3393.097         3934.745   9.064802
22      2549        0.107         0.067            7.470   1.597015
23      2550        0.010         0.007            0.010   1.428571
24      2551      217.748       192.180          271.975   1.133042
25      2552       98.141        92.466          100.547   1.061374
26      2553     4411.679        51.707         4583.443  85.320730
27      2554       14.577        14.023         1668.021   1.039507
28      2555      143.008        59.671          143.008   2.396608
29      2556      220.690         3.296          220.690  66.956917
30      2557        0.091         0.037            0.091   2.459459
31      2559      968.120       897.080          897.080   1.079190
32      2560      111.589       111.589          162.946   1.000000
33      2561        0.195         0.165          159.401   1.181818
34      2562     6616.023       508.171         2813.506  13.019285
35      2563        0.541         0.354          188.877   1.528249
36      2564      183.560       169.186          235.633   1.084960
37      2565        0.088         0.081            0.088   1.086420
38      2567      203.492       203.492          203.492   1.000000",False
17,0,0.035641491413116455,"KstestResult(statistic=np.float64(0.08425196850393701), pvalue=np.float64(0.00024142583760729868), statistic_location=np.float32(-5.6778054), statistic_sign=np.int8(-1))",0.5369082190859036,"    query_id  bao_latency  best_latency  default_latency    regret
0          1      374.589       374.589          374.589  1.000000
1          2       48.971        48.971           48.971  1.000000
2          3      204.036       176.568          176.568  1.155566
3          4      157.562        89.703           89.703  1.756485
4          5        0.069         0.060            0.232  1.150000
..       ...          ...           ...              ...       ...
95       102      724.905       689.220          861.195  1.051776
96       103     1713.176      1037.111         1321.644  1.651873
97       104      295.120       210.249          230.305  1.403669
98       105        0.082         0.067            0.082  1.223881
99       106        0.755         0.343            0.413  2.201166

[100 rows x 5 columns]",False
17,1,0.03597220778465271,"KstestResult(statistic=np.float64(0.0806917313600069), pvalue=np.float64(0.00045779134993423635), statistic_location=np.float32(-3.5436108), statistic_sign=np.int8(-1))",0.40962085768604395,"    query_id  bao_latency  best_latency  default_latency    regret
0        107        0.035         0.029            0.043  1.206897
1        108      203.047        79.822          213.983  2.543747
2        110        0.103         0.049            3.096  2.102041
3        111        0.091         0.072            0.951  1.263889
4        112      999.951       768.127         2605.613  1.301804
..       ...          ...           ...              ...       ...
95       217     2883.621      2301.235         4848.924  1.253075
96       218      232.531       186.477          216.683  1.246969
97       219      252.728       160.525          252.728  1.574384
98       220      168.931       137.549          146.223  1.228151
99       221      659.093       596.009          632.583  1.105844

[100 rows x 5 columns]",False
17,2,0.030508093535900116,"KstestResult(statistic=np.float64(0.06550692791308063), pvalue=np.float64(0.007728566205738139), statistic_location=np.float32(2.8273025), statistic_sign=np.int8(1))",0.34852617710041117,"    query_id  bao_latency  best_latency  default_latency    regret
0        222       92.606        88.392          733.865  1.047674
1        223        0.378         0.365           40.266  1.035616
2        224      149.262       111.100          144.331  1.343492
3        225        0.320         0.227            0.320  1.409692
4        226       26.556        19.370          133.711  1.370986
..       ...          ...           ...              ...       ...
95       328        0.472         0.207            0.321  2.280193
96       329     6903.084      6718.033        11034.335  1.027545
97       330        2.817         1.165           35.939  2.418026
98       331        0.108         0.089            0.108  1.213483
99       332      797.729       139.778          327.332  5.707114

[100 rows x 5 columns]",False
17,3,0.026286479085683823,"KstestResult(statistic=np.float64(0.07998739168592937), pvalue=np.float64(0.0005370338884126493), statistic_location=np.float32(3.043912), statistic_sign=np.int8(1))",0.4470620186817019,"    query_id  bao_latency  best_latency  default_latency     regret
0        333       47.223        44.927           47.223   1.051105
1        335       45.687        43.940           43.940   1.039759
2        336      686.005       562.478          612.836   1.219612
3        337     2188.235      2165.367         2248.249   1.010561
4        338    12889.119      3852.639        12889.119   3.345530
..       ...          ...           ...              ...        ...
95       437      299.069        19.796          299.069  15.107547
96       438     1849.978      1841.490         2047.213   1.004609
97       439      160.846       156.301         1297.617   1.029079
98       440      361.434       309.676          309.676   1.167136
99       441        0.089         0.061            1.008   1.459016

[100 rows x 5 columns]",False
17,4,0.016441036015748978,"KstestResult(statistic=np.float64(0.080497706478279), pvalue=np.float64(0.00046934249560527387), statistic_location=np.float32(-3.4952054), statistic_sign=np.int8(-1))",0.3185313432889697,"    query_id  bao_latency  best_latency  default_latency     regret
0        444      713.669       262.806          713.669   2.715573
1        446     1453.551        61.816          291.441  23.514155
2        447      237.613       226.224          226.224   1.050344
3        449     1287.196      1181.678         1313.756   1.089295
4        450     3624.250      1327.353         3624.250   2.730434
..       ...          ...           ...              ...        ...
95       547      852.442        41.844           46.404  20.371905
96       548     1624.439      1429.309         4513.298   1.136521
97       549        0.064         0.048            0.080   1.333333
98       550     1358.017       684.706          978.039   1.983358
99       551       47.507        41.761           44.014   1.137592

[100 rows x 5 columns]",False
17,5,0.02227170765399933,"KstestResult(statistic=np.float64(0.059012057086614174), pvalue=np.float64(0.022276303458273736), statistic_location=np.float32(-5.1376157), statistic_sign=np.int8(-1))",0.37279685700796267,"    query_id  bao_latency  best_latency  default_latency     regret
0        552      794.171       794.171          929.726   1.000000
1        553     1066.394      1066.394         1123.571   1.000000
2        554       94.038        72.056           72.056   1.305068
3        555        8.623         0.298            2.559  28.936242
4        556        0.107         0.082            0.096   1.304878
..       ...          ...           ...              ...        ...
95       650    46578.137     23839.166        46578.137   1.953849
96       651      744.788       635.928          867.117   1.171183
97       654        0.101         0.078            2.445   1.294872
98       655      785.332       535.437         1010.535   1.466712
99       656     2910.784      1905.820         2910.784   1.527313

[100 rows x 5 columns]",False
17,6,0.020591333508491516,"KstestResult(statistic=np.float64(0.08394121725350369), pvalue=np.float64(0.00024015565741931648), statistic_location=np.float32(1.5143199), statistic_sign=np.int8(1))",0.3339056596311213,"    query_id  bao_latency  best_latency  default_latency    regret
0        657     1468.913      1379.164         5028.581  1.065075
1        658      156.977        94.451          479.086  1.661994
2        659      321.251       188.245          553.828  1.706558
3        660     1466.501      1466.501         1745.093  1.000000
4        661        0.089         0.076         1672.826  1.171053
..       ...          ...           ...              ...       ...
95       758     1130.330      1130.330         1358.668  1.000000
96       759        0.036         0.032            0.048  1.125000
97       760     5306.703      5306.703         7483.387  1.000000
98       761      843.959       520.699         1136.807  1.620819
99       762        0.213         0.172         2065.654  1.238372

[100 rows x 5 columns]",False
17,7,0.02682606130838394,"KstestResult(statistic=np.float64(0.07448990204895717), pvalue=np.float64(0.001540726470477215), statistic_location=np.float32(2.8657312), statistic_sign=np.int8(1))",0.39958009983952253,"    query_id  bao_latency  best_latency  default_latency      regret
0        763     1287.600       361.508          591.025    3.561747
1        764      140.955       140.955         1794.305    1.000000
2        765        0.041         0.041            0.055    1.000000
3        766      918.301       599.418          707.691    1.531988
4        767        2.583         1.773            1.816    1.456853
..       ...          ...           ...              ...         ...
95       861      165.606        88.413          190.104    1.873096
96       862     1423.039        12.064         1423.039  117.957477
97       863     7219.226      2563.737         7219.226    2.815900
98       864        0.222         0.197            0.251    1.126904
99       865      203.138       188.801          203.138    1.075937

[100 rows x 5 columns]",False
17,8,0.015726882964372635,"KstestResult(statistic=np.float64(0.0713405542617032), pvalue=np.float64(0.0028432983310568527), statistic_location=np.float32(-2.3723888), statistic_sign=np.int8(-1))",0.32111335759963305,"    query_id  bao_latency  best_latency  default_latency    regret
0        867     1866.342      1518.388         1759.727  1.229160
1        869     1012.931       842.546         1012.931  1.202226
2        870        0.109         0.084            0.109  1.297619
3        871      200.858        50.409           50.409  3.984566
4        872      103.326        62.367         1061.266  1.656742
..       ...          ...           ...              ...       ...
95       970     4704.785      4704.785         6085.952  1.000000
96       971     1497.180      1288.502         1497.180  1.161954
97       973      125.859        42.786           44.671  2.941593
98       974      189.683       141.534          151.696  1.340194
99       975     1415.458      1288.742         1474.313  1.098325

[100 rows x 5 columns]",False
17,9,0.02625216543674469,"KstestResult(statistic=np.float64(0.08503937007874016), pvalue=np.float64(0.00020375780053516886), statistic_location=np.float32(2.8816876), statistic_sign=np.int8(1))",0.414811526696513,"    query_id  bao_latency  best_latency  default_latency     regret
0        976     8511.685      1294.468         1381.761   6.575431
1        977    20343.100     11627.163        12435.601   1.749619
2        978        2.709         0.330          304.012   8.209091
3        980     3915.540        52.240          207.195  74.952910
4        981        4.170         1.344           53.895   3.102679
..       ...          ...           ...              ...        ...
95      1088      900.482       576.922          646.356   1.560838
96      1089      791.745       688.357          688.357   1.150195
97      1090     5190.252       235.028         3514.857  22.083547
98      1091      555.345       423.583         1827.002   1.311065
99      1092        0.304         0.233            0.347   1.304721

[100 rows x 5 columns]",False
17,10,0.02790082059800625,"KstestResult(statistic=np.float64(0.09107406496062992), pvalue=np.float64(4.6325193772168525e-05), statistic_location=np.float32(2.1141107), statistic_sign=np.int8(1))",0.5394294389970895,"    query_id  bao_latency  best_latency  default_latency    regret
0       1093      261.334       124.753          133.628  2.094811
1       1094        0.199         0.051          212.662  3.901961
2       1095        1.341         0.745            0.745  1.800000
3       1096      148.397       123.245          128.164  1.204081
4       1097      840.870       770.197          864.188  1.091760
..       ...          ...           ...              ...       ...
95      1195      142.961        48.224           49.254  2.964520
96      1196     1911.202      1911.202         2291.804  1.000000
97      1197        0.246         0.169          239.270  1.455621
98      1198      124.820       124.820          657.393  1.000000
99      1199      180.019       129.277          129.277  1.392506

[100 rows x 5 columns]",False
17,11,0.026521794497966766,"KstestResult(statistic=np.float64(0.09353492129067265), pvalue=np.float64(2.6170109763869697e-05), statistic_location=np.float32(-3.1966848), statistic_sign=np.int8(-1))",0.4836542774914882,"    query_id  bao_latency  best_latency  default_latency    regret
0       1200        1.840         0.653           38.108  2.817764
1       1201        0.068         0.065            0.073  1.046154
2       1202     2990.804      2838.032         9796.637  1.053830
3       1203       45.177         9.084          362.903  4.973250
4       1204        0.170         0.093            0.129  1.827957
..       ...          ...           ...              ...       ...
95      1304      403.253        93.762          163.545  4.300815
96      1305      209.984        56.774           67.442  3.698594
97      1306       69.527        64.906          140.133  1.071195
98      1307     1620.879       198.714          719.361  8.156844
99      1308       56.737        54.702          459.285  1.037202

[100 rows x 5 columns]",False
17,12,0.030838921666145325,"KstestResult(statistic=np.float64(0.09759001755986176), pvalue=np.float64(9.818907470240623e-06), statistic_location=np.float32(-5.480563), statistic_sign=np.int8(-1))",0.6010752257854576,"    query_id  bao_latency  best_latency  default_latency     regret
0       1309      991.761       582.898          606.335   1.701431
1       1310      436.877       415.824          415.824   1.050630
2       1311       89.042        89.042           89.042   1.000000
3       1312       66.646        66.102           66.102   1.008230
4       1313      568.369       549.391          568.369   1.034544
..       ...          ...           ...              ...        ...
95      1412        0.114         0.114            0.186   1.000000
96      1413     2333.190      1999.996         2209.632   1.166597
97      1414      326.763       213.228          213.228   1.532458
98      1415        2.520         0.156            2.520  16.153846
99      1416      698.512       698.512         8265.208   1.000000

[100 rows x 5 columns]",False
17,13,0.01984257996082306,"KstestResult(statistic=np.float64(0.04887775141403941), pvalue=np.float64(0.09242150636180572), statistic_location=np.float32(-5.9536114), statistic_sign=np.int8(-1))",0.23622874725219217,"    query_id  bao_latency  best_latency  default_latency    regret
0       1417        0.634         0.257            5.023  2.466926
1       1418     2087.255      2072.275         8122.004  1.007229
2       1419        0.402         0.083            0.624  4.843373
3       1420      136.757       111.089          534.020  1.231058
4       1421      570.181       200.035          624.628  2.850406
..       ...          ...           ...              ...       ...
95      1525     1306.741       526.686         1236.030  2.481063
96      1526     1392.698      1241.710         1405.049  1.121597
97      1527        0.109         0.071            0.073  1.535211
98      1528      155.919        59.953          155.919  2.600687
99      1529      373.566       271.854          558.181  1.374142

[100 rows x 5 columns]",False
17,14,0.01798991672694683,"KstestResult(statistic=np.float64(0.08641208581321701), pvalue=np.float64(0.00013484831749758385), statistic_location=np.float32(0.93272567), statistic_sign=np.int8(1))",0.49408473052346935,"    query_id  bao_latency  best_latency  default_latency    regret
0       1530        0.071         0.071            0.111  1.000000
1       1531       36.187        36.187           36.187  1.000000
2       1532        8.982         5.626            8.982  1.596516
3       1533      268.313       122.772          232.024  2.185458
4       1534      864.973       862.344          864.973  1.003049
..       ...          ...           ...              ...       ...
95      1635       22.560        17.296           22.560  1.304348
96      1636      516.676       482.726          541.278  1.070330
97      1637      975.558       771.261         1361.309  1.264887
98      1639        0.071         0.035            0.071  2.028571
99      1640        0.139         0.097            0.989  1.432990

[100 rows x 5 columns]",False
17,15,0.02017546445131302,"KstestResult(statistic=np.float64(0.05954624524393467), pvalue=np.float64(0.020496322191023562), statistic_location=np.float32(1.5376432), statistic_sign=np.int8(1))",0.2945037021020396,"    query_id  bao_latency  best_latency  default_latency     regret
0       1642        9.274         7.584            7.686   1.222838
1       1643      486.382       486.382          979.381   1.000000
2       1644      284.518       109.377          475.365   2.601260
3       1645      578.753       578.753          578.753   1.000000
4       1646        0.343         0.216            5.091   1.587963
..       ...          ...           ...              ...        ...
95      1745    15749.245      3398.949         3651.022   4.633563
96      1746      210.788         4.797          268.324  43.941630
97      1747        0.289         0.130            3.261   2.223077
98      1748      200.917        88.298          155.548   2.275442
99      1749        0.097         0.050            0.110   1.940000

[100 rows x 5 columns]",False
17,16,0.036807768046855927,"KstestResult(statistic=np.float64(0.07606866043153057), pvalue=np.float64(0.0011632453053240857), statistic_location=np.float32(5.234732), statistic_sign=np.int8(1))",0.5383138640913925,"    query_id  bao_latency  best_latency  default_latency     regret
0       1750      449.157       195.010          449.157   2.303251
1       1751      143.067       129.196          129.196   1.107364
2       1752        0.086         0.074            2.363   1.162162
3       1753     3392.919      3039.182         3424.240   1.116392
4       1754      224.202        46.495           46.495   4.822067
..       ...          ...           ...              ...        ...
95      1851      506.422       396.877          550.506   1.276018
96      1852        2.504         0.076            4.811  32.947368
97      1853        0.389         0.186            0.946   2.091398
98      1854      169.085       141.892          169.085   1.191646
99      1855     3724.888      3221.756         5141.806   1.156167

[100 rows x 5 columns]",False
17,17,0.0,"KstestResult(statistic=np.float64(0.0), pvalue=np.float64(1.0), statistic_location=np.float32(-10.143526), statistic_sign=np.int8(1))",0.0,"    query_id  bao_latency  best_latency  default_latency    regret
0       1856     2404.211      2369.999         3201.138  1.014435
1       1857    30304.770     15485.820        36286.284  1.956937
2       1858     1178.857       664.550         3339.387  1.773918
3       1861        0.178         0.090            2.266  1.977778
4       1862     1668.691       991.737         1376.264  1.682594
..       ...          ...           ...              ...       ...
95      1963        1.020         0.986            0.986  1.034483
96      1964     2104.123      1924.456         1975.180  1.093360
97      1965      476.549       187.099          679.775  2.547042
98      1967     1605.321      1584.036         1605.321  1.013437
99      1968      198.076       140.528         1979.644  1.409513

[100 rows x 5 columns]",True
17,18,0.029453352093696594,"KstestResult(statistic=np.float64(0.08188976377952756), pvalue=np.float64(0.0003977968713046773), statistic_location=np.float32(-2.4461818), statistic_sign=np.int8(-1))",0.3092062581711867,"    query_id  bao_latency  best_latency  default_latency       regret
0       1969    40095.959     37372.373        44222.331     1.072877
1       1970        0.066         0.066            1.174     1.000000
2       1971     1583.045      1583.045         1970.024     1.000000
3       1972      582.932       224.522          765.279     2.596325
4       1973      127.965       117.160          117.160     1.092224
..       ...          ...           ...              ...          ...
95      2077    17858.760      8183.780        12250.051     2.182214
96      2078      225.537       139.725          139.725     1.614149
97      2079      552.697         0.093            0.099  5942.978495
98      2080      345.681       323.798          333.143     1.067582
99      2081      115.225       114.680          115.225     1.004752

[100 rows x 5 columns]",False
17,19,0.027266081422567368,"KstestResult(statistic=np.float64(0.0764772978144087), pvalue=np.float64(0.0010561146459743466), statistic_location=np.float32(2.7727928), statistic_sign=np.int8(1))",0.34512262518713477,"    query_id  bao_latency  best_latency  default_latency     regret
0       2082       51.572        49.305          101.448   1.045979
1       2083     2458.724      1555.021         5913.346   1.581152
2       2084      195.418       195.418          213.074   1.000000
3       2085      540.268       540.268          575.816   1.000000
4       2086      674.592        34.831           34.831  19.367575
..       ...          ...           ...              ...        ...
95      2183      162.733        49.413          169.428   3.293324
96      2184       56.049        54.429           56.049   1.029764
97      2185     2500.103      2332.156         3637.614   1.072014
98      2186       51.762        39.958          189.188   1.295410
99      2187    16388.306     15328.462        15328.462   1.069142

[100 rows x 5 columns]",False
17,20,0.019132472574710846,"KstestResult(statistic=np.float64(0.07170406516086898), pvalue=np.float64(0.002659792797717313), statistic_location=np.float32(-3.181467), statistic_sign=np.int8(-1))",0.4024441748130003,"    query_id  bao_latency  best_latency  default_latency     regret
0       2188       50.816        43.584         1109.993   1.165932
1       2189       52.632        50.757          611.878   1.036941
2       2190      362.951       189.468          362.951   1.915632
3       2191     1884.464      1884.464         3237.782   1.000000
4       2192       12.603         4.959           60.036   2.541440
..       ...          ...           ...              ...        ...
95      2296     5849.980      1064.475         5849.980   5.495648
96      2297      657.248        52.203          252.029  12.590234
97      2298       25.689         6.589           25.689   3.898771
98      2299      355.366       355.366          476.009   1.000000
99      2300        2.512         0.120            2.512  20.933333

[100 rows x 5 columns]",False
17,21,0.016411010175943375,"KstestResult(statistic=np.float64(0.05615812107993543), pvalue=np.float64(0.034061879970564986), statistic_location=np.float32(-3.0699759), statistic_sign=np.int8(-1))",0.3335520859750487,"    query_id  bao_latency  best_latency  default_latency     regret
0       2301      223.388       199.675          199.675   1.118758
1       2302        0.125         0.098           40.524   1.275510
2       2303     1319.835      1150.995         1325.366   1.146690
3       2304        0.134         0.055            0.134   2.436364
4       2305        0.166         0.077           55.630   2.155844
..       ...          ...           ...              ...        ...
95      2407        0.061         0.061            0.092   1.000000
96      2408      215.791       124.538         3216.453   1.732732
97      2410    20625.344      8838.983         9248.877   2.333452
98      2411      418.022       166.180          313.279   2.515477
99      2412    32641.357      1193.993         1289.955  27.337980

[100 rows x 5 columns]",False
17,22,0.020337015390396118,"KstestResult(statistic=np.float64(0.07324123455729374), pvalue=np.float64(0.001973269946382418), statistic_location=np.float32(2.6274273), statistic_sign=np.int8(1))",0.4368196180064165,"    query_id  bao_latency  best_latency  default_latency       regret
0       2414        0.202         0.087            0.087     2.321839
1       2416      437.967       405.447          414.539     1.080208
2       2417    35438.688      5350.798        35438.688     6.623066
3       2418     5517.619      2745.343         6892.147     2.009810
4       2419     2078.001        49.431           50.259    42.038417
..       ...          ...           ...              ...          ...
95      2521    13794.202     13573.417        14900.987     1.016266
96      2522        0.043         0.042            0.065     1.023810
97      2523        0.231         0.193            0.834     1.196891
98      2525      189.273         0.076          434.311  2490.434211
99      2526      208.026         0.102            0.553  2039.470588

[100 rows x 5 columns]",False
17,23,0.05772639065980911,"KstestResult(statistic=np.float64(0.12660014032899353), pvalue=np.float64(1.6399431704665058e-05), statistic_location=np.float32(-1.3627117), statistic_sign=np.int8(-1))",0.6139774158024273,"    query_id  bao_latency  best_latency  default_latency      regret
0       2527       52.885        50.108          242.126    1.055420
1       2528      831.411       705.912          705.912    1.177783
2       2529     1816.989      1053.647         1162.004    1.724476
3       2530       60.759        60.759           60.759    1.000000
4       2531     2037.172      1507.124         1507.124    1.351695
5       2532      167.839        78.852          167.839    2.128532
6       2533        0.335         0.299            1.000    1.120401
7       2534        0.468         0.331           11.050    1.413897
8       2535        0.395         0.299            0.437    1.321070
9       2536     1792.145      1656.217         1809.926    1.082071
10      2537     1735.514      1309.471         1694.821    1.325355
11      2538      216.588       116.251          145.679    1.863107
12      2539     1067.950        59.628           64.366   17.910210
13      2540     1044.132       773.446          802.170    1.349974
14      2541     1563.167      1217.855         3309.322    1.283541
15      2542       10.446         9.817           22.869    1.064073
16      2543        0.084         0.083            0.123    1.012048
17      2544      255.760       255.760          311.426    1.000000
18      2545     2517.032      2223.666         2410.180    1.131929
19      2546      869.000       869.000          869.000    1.000000
20      2547       43.049        35.106           98.914    1.226258
21      2548     3450.986      3393.097         3934.745    1.017061
22      2549        0.224         0.067            7.470    3.343284
23      2550        0.010         0.007            0.010    1.428571
24      2551      217.748       192.180          271.975    1.133042
25      2552      100.547        92.466          100.547    1.087394
26      2553     4411.679        51.707         4583.443   85.320730
27      2554     1668.021        14.023         1668.021  118.948941
28      2555       93.362        59.671          143.008    1.564613
29      2556      220.690         3.296          220.690   66.956917
30      2557        0.091         0.037            0.091    2.459459
31      2559      909.546       897.080          897.080    1.013896
32      2560      256.455       111.589          162.946    2.298210
33      2561        0.232         0.165          159.401    1.406061
34      2562      508.171       508.171         2813.506    1.000000
35      2563        0.541         0.354          188.877    1.528249
36      2564      234.917       169.186          235.633    1.388513
37      2565        0.421         0.081            0.088    5.197531
38      2567      203.492       203.492          203.492    1.000000",False
18,0,0.029717903584241867,"KstestResult(statistic=np.float64(0.06850393700787402), pvalue=np.float64(0.005148683595910074), statistic_location=np.float32(-4.5008965), statistic_sign=np.int8(-1))",0.5696031665238808,"    query_id  bao_latency  best_latency  default_latency    regret
0          1      448.374       374.589          374.589  1.196976
1          2      221.385        48.971           48.971  4.520737
2          3      302.328       176.568          176.568  1.712247
3          4      157.562        89.703           89.703  1.756485
4          5        0.069         0.060            0.232  1.150000
..       ...          ...           ...              ...       ...
95       102      724.905       689.220          861.195  1.051776
96       103     1106.195      1037.111         1321.644  1.066612
97       104      257.397       210.249          230.305  1.224248
98       105        0.082         0.067            0.082  1.223881
99       106        0.755         0.343            0.413  2.201166

[100 rows x 5 columns]",False
18,1,0.014958098530769348,"KstestResult(statistic=np.float64(0.030225385235758743), pvalue=np.float64(0.5895667390120702), statistic_location=np.float32(-2.7426682), statistic_sign=np.int8(-1))",0.1965029509845042,"    query_id  bao_latency  best_latency  default_latency     regret
0        107        0.043         0.029            0.043   1.482759
1        108      203.047        79.822          213.983   2.543747
2        110        0.146         0.049            3.096   2.979592
3        111        0.951         0.072            0.951  13.208333
4        112     1574.134       768.127         2605.613   2.049315
..       ...          ...           ...              ...        ...
95       217     5407.677      2301.235         4848.924   2.349902
96       218      228.177       186.477          216.683   1.223620
97       219      252.728       160.525          252.728   1.574384
98       220      168.931       137.549          146.223   1.228151
99       221      659.093       596.009          632.583   1.105844

[100 rows x 5 columns]",False
18,2,0.025824211537837982,"KstestResult(statistic=np.float64(0.045895135201123115), pvalue=np.float64(0.12920422620710376), statistic_location=np.float32(1.2446125), statistic_sign=np.int8(1))",0.17982455261721542,"    query_id  bao_latency  best_latency  default_latency    regret
0        222       92.606        88.392          733.865  1.047674
1        223        0.398         0.365           40.266  1.090411
2        224      149.262       111.100          144.331  1.343492
3        225        0.527         0.227            0.320  2.321586
4        226       26.556        19.370          133.711  1.370986
..       ...          ...           ...              ...       ...
95       328        0.504         0.207            0.321  2.434783
96       329    14928.095      6718.033        11034.335  2.222093
97       330        2.817         1.165           35.939  2.418026
98       331        0.123         0.089            0.108  1.382022
99       332      139.778       139.778          327.332  1.000000

[100 rows x 5 columns]",False
18,3,0.02308431640267372,"KstestResult(statistic=np.float64(0.06867822840826215), pvalue=np.float64(0.004628678786053215), statistic_location=np.float32(1.7132859), statistic_sign=np.int8(1))",0.2467521783182693,"    query_id  bao_latency  best_latency  default_latency    regret
0        333       47.223        44.927           47.223  1.051105
1        335       43.940        43.940           43.940  1.000000
2        336      686.005       562.478          612.836  1.219612
3        337     2171.027      2165.367         2248.249  1.002614
4        338    12889.119      3852.639        12889.119  3.345530
..       ...          ...           ...              ...       ...
95       437       22.880        19.796          299.069  1.155789
96       438     2047.213      1841.490         2047.213  1.111716
97       439      160.846       156.301         1297.617  1.029079
98       440      361.434       309.676          309.676  1.167136
99       441        0.089         0.061            1.008  1.459016

[100 rows x 5 columns]",False
18,4,0.022193007171154022,"KstestResult(statistic=np.float64(0.04468197316456938), pvalue=np.float64(0.14966131764644627), statistic_location=np.float32(-7.2397075), statistic_sign=np.int8(1))",0.25386591022616456,"    query_id  bao_latency  best_latency  default_latency    regret
0        444      371.099       262.806          713.669  1.412064
1        446       67.049        61.816          291.441  1.084654
2        447      509.861       226.224          226.224  2.253788
3        449     1313.756      1181.678         1313.756  1.111772
4        450     3624.250      1327.353         3624.250  2.730434
..       ...          ...           ...              ...       ...
95       547       52.946        41.844           46.404  1.265319
96       548     1496.235      1429.309         4513.298  1.046824
97       549        0.138         0.048            0.080  2.875000
98       550     2329.676       684.706          978.039  3.402447
99       551       47.507        41.761           44.014  1.137592

[100 rows x 5 columns]",False
18,5,0.02877122163772583,"KstestResult(statistic=np.float64(0.043350147637795274), pvalue=np.float64(0.17467229822547833), statistic_location=np.float32(4.0618434), statistic_sign=np.int8(-1))",0.3324291110420087,"    query_id  bao_latency  best_latency  default_latency    regret
0        552      929.726       794.171          929.726  1.170687
1        553     1154.947      1066.394         1123.571  1.083040
2        554       83.392        72.056           72.056  1.157322
3        555        0.691         0.298            2.559  2.318792
4        556        0.107         0.082            0.096  1.304878
..       ...          ...           ...              ...       ...
95       650    30987.967     23839.166        46578.137  1.299876
96       651      744.788       635.928          867.117  1.171183
97       654        0.101         0.078            2.445  1.294872
98       655      785.332       535.437         1010.535  1.466712
99       656     2910.784      1905.820         2910.784  1.527313

[100 rows x 5 columns]",False
18,6,0.02606263943016529,"KstestResult(statistic=np.float64(0.05023646808299906), pvalue=np.float64(0.07699653792148886), statistic_location=np.float32(4.24258), statistic_sign=np.int8(-1))",0.2759147378120003,"    query_id  bao_latency  best_latency  default_latency    regret
0        657     1468.913      1379.164         5028.581  1.065075
1        658      145.601        94.451          479.086  1.541551
2        659      321.251       188.245          553.828  1.706558
3        660     1466.501      1466.501         1745.093  1.000000
4        661        0.427         0.076         1672.826  5.618421
..       ...          ...           ...              ...       ...
95       758     1154.964      1130.330         1358.668  1.021794
96       759        0.048         0.032            0.048  1.500000
97       760     7483.387      5306.703         7483.387  1.410176
98       761      547.466       520.699         1136.807  1.051406
99       762        0.213         0.172         2065.654  1.238372

[100 rows x 5 columns]",False
18,7,0.01768045499920845,"KstestResult(statistic=np.float64(0.043924404554325815), pvalue=np.float64(0.16271828041381048), statistic_location=np.float32(1.0490215), statistic_sign=np.int8(-1))",0.21485773924393348,"    query_id  bao_latency  best_latency  default_latency      regret
0        763      459.811       361.508          591.025    1.271925
1        764      140.955       140.955         1794.305    1.000000
2        765        0.065         0.041            0.055    1.585366
3        766      632.225       599.418          707.691    1.054731
4        767        2.583         1.773            1.816    1.456853
..       ...          ...           ...              ...         ...
95       861      190.104        88.413          190.104    2.150182
96       862     1423.039        12.064         1423.039  117.957477
97       863     7219.226      2563.737         7219.226    2.815900
98       864        0.222         0.197            0.251    1.126904
99       865      287.981       188.801          203.138    1.525315

[100 rows x 5 columns]",False
18,8,0.020759878680109978,"KstestResult(statistic=np.float64(0.04633963008145109), pvalue=np.float64(0.12398843200572335), statistic_location=np.float32(-4.332838), statistic_sign=np.int8(-1))",0.22442434978927553,"    query_id  bao_latency  best_latency  default_latency    regret
0        867     1759.727      1518.388         1759.727  1.158944
1        869      842.546       842.546         1012.931  1.000000
2        870        0.084         0.084            0.109  1.000000
3        871      200.858        50.409           50.409  3.984566
4        872      103.326        62.367         1061.266  1.656742
..       ...          ...           ...              ...       ...
95       970     4704.785      4704.785         6085.952  1.000000
96       971     1425.476      1288.502         1497.180  1.106305
97       973       44.671        42.786           44.671  1.044056
98       974      151.696       141.534          151.696  1.071799
99       975     1474.313      1288.742         1474.313  1.143994

[100 rows x 5 columns]",False
18,9,0.012521518394351006,"KstestResult(statistic=np.float64(0.03700787401574803), pvalue=np.float64(0.3494673216756392), statistic_location=np.float32(0.60214686), statistic_sign=np.int8(-1))",0.16470761683982182,"    query_id  bao_latency  best_latency  default_latency     regret
0        976     1321.722      1294.468         1381.761   1.021054
1        977    18141.599     11627.163        12435.601   1.560277
2        978        0.330         0.330          304.012   1.000000
3        980     4000.353        52.240          207.195  76.576436
4        981        4.170         1.344           53.895   3.102679
..       ...          ...           ...              ...        ...
95      1088      797.531       576.922          646.356   1.382390
96      1089      688.357       688.357          688.357   1.000000
97      1090      506.870       235.028         3514.857   2.156637
98      1091     1920.175       423.583         1827.002   4.533173
99      1092        0.304         0.233            0.347   1.304721

[100 rows x 5 columns]",False
18,10,0.014280140399932861,"KstestResult(statistic=np.float64(0.0803826279527559), pvalue=np.float64(0.00048684784941801525), statistic_location=np.float32(1.846355), statistic_sign=np.int8(1))",0.2825598080664521,"    query_id  bao_latency  best_latency  default_latency    regret
0       1093      147.946       124.753          133.628  1.185911
1       1094        0.199         0.051          212.662  3.901961
2       1095        1.341         0.745            0.745  1.800000
3       1096      148.397       123.245          128.164  1.204081
4       1097      864.188       770.197          864.188  1.122035
..       ...          ...           ...              ...       ...
95      1195      142.961        48.224           49.254  2.964520
96      1196     1911.202      1911.202         2291.804  1.000000
97      1197        0.246         0.169          239.270  1.455621
98      1198     1021.154       124.820          657.393  8.181013
99      1199      223.238       129.277          129.277  1.726819

[100 rows x 5 columns]",False
18,11,0.020636392757296562,"KstestResult(statistic=np.float64(0.057541358622263054), pvalue=np.float64(0.02788169803321412), statistic_location=np.float32(1.8400435), statistic_sign=np.int8(1))",0.18249894100479563,"    query_id  bao_latency  best_latency  default_latency     regret
0       1200       12.195         0.653           38.108  18.675345
1       1201        0.068         0.065            0.073   1.046154
2       1202    20417.549      2838.032         9796.637   7.194263
3       1203       15.129         9.084          362.903   1.665456
4       1204        2.856         0.093            0.129  30.709677
..       ...          ...           ...              ...        ...
95      1304       98.946        93.762          163.545   1.055289
96      1305       56.774        56.774           67.442   1.000000
97      1306       69.527        64.906          140.133   1.071195
98      1307     2416.618       198.714          719.361  12.161287
99      1308       56.737        54.702          459.285   1.037202

[100 rows x 5 columns]",False
18,12,0.03505362942814827,"KstestResult(statistic=np.float64(0.07631590377443954), pvalue=np.float64(0.001114597691680704), statistic_location=np.float32(-4.67832), statistic_sign=np.int8(-1))",0.6767462823143064,"    query_id  bao_latency  best_latency  default_latency     regret
0       1309      620.283       582.898          606.335   1.064136
1       1310      436.877       415.824          415.824   1.050630
2       1311      258.402        89.042           89.042   2.902024
3       1312       66.646        66.102           66.102   1.008230
4       1313      568.369       549.391          568.369   1.034544
..       ...          ...           ...              ...        ...
95      1412        0.122         0.114            0.186   1.070175
96      1413     2333.190      1999.996         2209.632   1.166597
97      1414      262.903       213.228          213.228   1.232967
98      1415        2.520         0.156            2.520  16.153846
99      1416     1394.372       698.512         8265.208   1.996203

[100 rows x 5 columns]",False
18,13,0.01961076259613037,"KstestResult(statistic=np.float64(0.07938816853243462), pvalue=np.float64(0.0005986000450617899), statistic_location=np.float32(3.0268855), statistic_sign=np.int8(-1))",0.3613750254579027,"    query_id  bao_latency  best_latency  default_latency    regret
0       1417        0.634         0.257            5.023  2.466926
1       1418     2087.255      2072.275         8122.004  1.007229
2       1419        0.402         0.083            0.624  4.843373
3       1420      111.089       111.089          534.020  1.000000
4       1421      292.044       200.035          624.628  1.459965
..       ...          ...           ...              ...       ...
95      1525     1331.701       526.686         1236.030  2.528453
96      1526     5933.192      1241.710         1405.049  4.778243
97      1527        0.109         0.071            0.073  1.535211
98      1528       83.157        59.953          155.919  1.387037
99      1529      373.566       271.854          558.181  1.374142

[100 rows x 5 columns]",False
18,14,0.024127833545207977,"KstestResult(statistic=np.float64(0.062452404717016005), pvalue=np.float64(0.013068818205862216), statistic_location=np.float32(-0.7387656), statistic_sign=np.int8(1))",0.34976616874663113,"    query_id  bao_latency  best_latency  default_latency    regret
0       1530        0.097         0.071            0.111  1.366197
1       1531       36.187        36.187           36.187  1.000000
2       1532       11.650         5.626            8.982  2.070743
3       1533      232.640       122.772          232.024  1.894895
4       1534     1008.763       862.344          864.973  1.169792
..       ...          ...           ...              ...       ...
95      1635       22.560        17.296           22.560  1.304348
96      1636      518.025       482.726          541.278  1.073124
97      1637      975.558       771.261         1361.309  1.264887
98      1639        0.083         0.035            0.071  2.371429
99      1640        0.309         0.097            0.989  3.185567

[100 rows x 5 columns]",False
18,15,0.023033583536744118,"KstestResult(statistic=np.float64(0.07190125824435879), pvalue=np.float64(0.0025466587932059495), statistic_location=np.float32(1.6936202), statistic_sign=np.int8(1))",0.29691502475326426,"    query_id  bao_latency  best_latency  default_latency     regret
0       1642        9.274         7.584            7.686   1.222838
1       1643      486.382       486.382          979.381   1.000000
2       1644      284.518       109.377          475.365   2.601260
3       1645      578.753       578.753          578.753   1.000000
4       1646        0.343         0.216            5.091   1.587963
..       ...          ...           ...              ...        ...
95      1745    15543.575      3398.949         3651.022   4.573053
96      1746      210.788         4.797          268.324  43.941630
97      1747        0.289         0.130            3.261   2.223077
98      1748       96.167        88.298          155.548   1.089119
99      1749        0.091         0.050            0.110   1.820000

[100 rows x 5 columns]",False
18,16,0.03269354999065399,"KstestResult(statistic=np.float64(0.07809816026517812), pvalue=np.float64(0.0007788469258574602), statistic_location=np.float32(-0.9901421), statistic_sign=np.int8(-1))",0.5638027358189963,"    query_id  bao_latency  best_latency  default_latency    regret
0       1750     1067.108       195.010          449.157  5.472068
1       1751      129.196       129.196          129.196  1.000000
2       1752        0.095         0.074            2.363  1.283784
3       1753     3392.919      3039.182         3424.240  1.116392
4       1754      224.202        46.495           46.495  4.822067
..       ...          ...           ...              ...       ...
95      1851      506.422       396.877          550.506  1.276018
96      1852        0.076         0.076            4.811  1.000000
97      1853        0.386         0.186            0.946  2.075269
98      1854      266.825       141.892          169.085  1.880480
99      1855     3724.888      3221.756         5141.806  1.156167

[100 rows x 5 columns]",False
18,17,0.020823825150728226,"KstestResult(statistic=np.float64(0.07244094488188976), pvalue=np.float64(0.002542440355187789), statistic_location=np.float32(2.834651), statistic_sign=np.int8(-1))",0.29214588506953926,"    query_id  bao_latency  best_latency  default_latency    regret
0       1856     2404.211      2369.999         3201.138  1.014435
1       1857    18446.561     15485.820        36286.284  1.191190
2       1858     1178.292       664.550         3339.387  1.773067
3       1861        0.121         0.090            2.266  1.344444
4       1862     1424.161       991.737         1376.264  1.436027
..       ...          ...           ...              ...       ...
95      1963        1.130         0.986            0.986  1.146045
96      1964     2222.445      1924.456         1975.180  1.154843
97      1965      231.289       187.099          679.775  1.236185
98      1967     1732.644      1584.036         1605.321  1.093816
99      1968      169.217       140.528         1979.644  1.204151

[100 rows x 5 columns]",False
18,18,0.0,"KstestResult(statistic=np.float64(0.0), pvalue=np.float64(1.0), statistic_location=np.float32(-9.741943), statistic_sign=np.int8(1))",0.0,"    query_id  bao_latency  best_latency  default_latency    regret
0       1969    37571.635     37372.373        44222.331  1.005332
1       1970        0.085         0.066            1.174  1.287879
2       1971     1583.045      1583.045         1970.024  1.000000
3       1972      239.557       224.522          765.279  1.066964
4       1973      141.711       117.160          117.160  1.209551
..       ...          ...           ...              ...       ...
95      2077     8183.780      8183.780        12250.051  1.000000
96      2078      200.889       139.725          139.725  1.437746
97      2079        0.093         0.093            0.099  1.000000
98      2080     1111.056       323.798          333.143  3.431324
99      2081      137.770       114.680          115.225  1.201343

[100 rows x 5 columns]",True
18,19,0.022485807538032532,"KstestResult(statistic=np.float64(0.03740648073196458), pvalue=np.float64(0.321915732627286), statistic_location=np.float32(3.801439), statistic_sign=np.int8(-1))",0.21309904562972842,"    query_id  bao_latency  best_latency  default_latency    regret
0       2082       49.305        49.305          101.448  1.000000
1       2083     2458.724      1555.021         5913.346  1.581152
2       2084      263.561       195.418          213.074  1.348704
3       2085      540.268       540.268          575.816  1.000000
4       2086       43.729        34.831           34.831  1.255462
..       ...          ...           ...              ...       ...
95      2183      169.428        49.413          169.428  3.428814
96      2184       59.798        54.429           56.049  1.098642
97      2185     3637.614      2332.156         3637.614  1.559764
98      2186      160.799        39.958          189.188  4.024200
99      2187    16388.306     15328.462        15328.462  1.069142

[100 rows x 5 columns]",False
18,20,0.015846215188503265,"KstestResult(statistic=np.float64(0.053961036560570774), pvalue=np.float64(0.04646539220437582), statistic_location=np.float32(0.70193076), statistic_sign=np.int8(-1))",0.2507989909383515,"    query_id  bao_latency  best_latency  default_latency     regret
0       2188       50.816        43.584         1109.993   1.165932
1       2189      611.878        50.757          611.878  12.055047
2       2190      882.179       189.468          362.951   4.656084
3       2191     1884.464      1884.464         3237.782   1.000000
4       2192      161.088         4.959           60.036  32.483969
..       ...          ...           ...              ...        ...
95      2296     1909.927      1064.475         5849.980   1.794243
96      2297       61.842        52.203          252.029   1.184645
97      2298       25.689         6.589           25.689   3.898771
98      2299      355.366       355.366          476.009   1.000000
99      2300        0.209         0.120            2.512   1.741667

[100 rows x 5 columns]",False
18,21,0.02446655184030533,"KstestResult(statistic=np.float64(0.04189986815028403), pvalue=np.float64(0.2049652474831624), statistic_location=np.float32(1.2245162), statistic_sign=np.int8(-1))",0.25854269362726356,"    query_id  bao_latency  best_latency  default_latency     regret
0       2301      223.388       199.675          199.675   1.118758
1       2302        0.245         0.098           40.524   2.500000
2       2303    37701.312      1150.995         1325.366  32.755409
3       2304        0.059         0.055            0.134   1.072727
4       2305        0.141         0.077           55.630   1.831169
..       ...          ...           ...              ...        ...
95      2407        0.061         0.061            0.092   1.000000
96      2408      133.266       124.538         3216.453   1.070083
97      2410    20625.344      8838.983         9248.877   2.333452
98      2411      418.022       166.180          313.279   2.515477
99      2412    31713.725      1193.993         1289.955  26.561064

[100 rows x 5 columns]",False
18,22,0.0322062112390995,"KstestResult(statistic=np.float64(0.07197144978857378), pvalue=np.float64(0.002501458074975643), statistic_location=np.float32(0.8426726), statistic_sign=np.int8(-1))",0.31939994419974027,"    query_id  bao_latency  best_latency  default_latency       regret
0       2414       42.242         0.087            0.087   485.540230
1       2416      538.851       405.447          414.539     1.329029
2       2417    25961.051      5350.798        35438.688     4.851809
3       2418     5517.619      2745.343         6892.147     2.009810
4       2419       83.684        49.431           50.259     1.692946
..       ...          ...           ...              ...          ...
95      2521    14900.987     13573.417        14900.987     1.097807
96      2522        0.043         0.042            0.065     1.023810
97      2523        0.231         0.193            0.834     1.196891
98      2525      135.518         0.076          434.311  1783.131579
99      2526      208.026         0.102            0.553  2039.470588

[100 rows x 5 columns]",False
18,23,0.040838636457920074,"KstestResult(statistic=np.float64(0.12258517190301707), pvalue=np.float64(3.402446182634558e-05), statistic_location=np.float32(1.9050012), statistic_sign=np.int8(1))",0.5964812052271283,"    query_id  bao_latency  best_latency  default_latency     regret
0       2527       52.885        50.108          242.126   1.055420
1       2528     1021.013       705.912          705.912   1.446374
2       2529     1101.568      1053.647         1162.004   1.045481
3       2530       60.759        60.759           60.759   1.000000
4       2531     1998.128      1507.124         1507.124   1.325789
5       2532      167.839        78.852          167.839   2.128532
6       2533        0.388         0.299            1.000   1.297659
7       2534        0.468         0.331           11.050   1.413897
8       2535        0.323         0.299            0.437   1.080268
9       2536     1792.145      1656.217         1809.926   1.082071
10      2537     1694.821      1309.471         1694.821   1.294279
11      2538      120.813       116.251          145.679   1.039243
12      2539       62.817        59.628           64.366   1.053482
13      2540      802.170       773.446          802.170   1.037138
14      2541     3309.322      1217.855         3309.322   2.717337
15      2542       10.446         9.817           22.869   1.064073
16      2543        0.083         0.083            0.123   1.000000
17      2544      255.760       255.760          311.426   1.000000
18      2545     2372.781      2223.666         2410.180   1.067058
19      2546      869.000       869.000          869.000   1.000000
20      2547      140.717        35.106           98.914   4.008346
21      2548     3450.986      3393.097         3934.745   1.017061
22      2549        0.067         0.067            7.470   1.000000
23      2550        0.010         0.007            0.010   1.428571
24      2551      217.748       192.180          271.975   1.133042
25      2552       92.466        92.466          100.547   1.000000
26      2553     4411.679        51.707         4583.443  85.320730
27      2554       18.410        14.023         1668.021   1.312843
28      2555       65.797        59.671          143.008   1.102663
29      2556      220.690         3.296          220.690  66.956917
30      2557        0.055         0.037            0.091   1.486486
31      2559     1113.591       897.080          897.080   1.241351
32      2560      162.946       111.589          162.946   1.460234
33      2561        0.232         0.165          159.401   1.406061
34      2562      665.963       508.171         2813.506   1.310510
35      2563        0.541         0.354          188.877   1.528249
36      2564      183.560       169.186          235.633   1.084960
37      2565        0.088         0.081            0.088   1.086420
38      2567      232.194       203.492          203.492   1.141047",False
19,0,0.055470652878284454,"KstestResult(statistic=np.float64(0.07951406775087694), pvalue=np.float64(0.0005745534177010478), statistic_location=np.float32(5.1230025), statistic_sign=np.int8(1))",0.4773905450929842,"    query_id  bao_latency  best_latency  default_latency    regret
0          1      374.589       374.589          374.589  1.000000
1          2       48.971        48.971           48.971  1.000000
2          3      277.548       176.568          176.568  1.571904
3          4       89.703        89.703           89.703  1.000000
4          5        0.232         0.060            0.232  3.866667
..       ...          ...           ...              ...       ...
95       102     2453.247       689.220          861.195  3.559454
96       103     1494.128      1037.111         1321.644  1.440664
97       104      230.305       210.249          230.305  1.095392
98       105        0.082         0.067            0.082  1.223881
99       106        0.755         0.343            0.413  2.201166

[100 rows x 5 columns]",False
19,1,0.03254619985818863,"KstestResult(statistic=np.float64(0.06272728158437642), pvalue=np.float64(0.012136378048236992), statistic_location=np.float32(-1.7692419), statistic_sign=np.int8(-1))",0.4012338360730501,"    query_id  bao_latency  best_latency  default_latency    regret
0        107        0.054         0.029            0.043  1.862069
1        108      198.549        79.822          213.983  2.487397
2        110        0.103         0.049            3.096  2.102041
3        111        0.107         0.072            0.951  1.486111
4        112      999.951       768.127         2605.613  1.301804
..       ...          ...           ...              ...       ...
95       217     2943.277      2301.235         4848.924  1.278999
96       218      232.531       186.477          216.683  1.246969
97       219      171.737       160.525          252.728  1.069846
98       220      146.223       137.549          146.223  1.063061
99       221      817.940       596.009          632.583  1.372362

[100 rows x 5 columns]",False
19,2,0.013488692231476307,"KstestResult(statistic=np.float64(0.042342244439614575), pvalue=np.float64(0.19089934274789475), statistic_location=np.float32(6.535566), statistic_sign=np.int8(1))",0.23799368082151312,"    query_id  bao_latency  best_latency  default_latency    regret
0        222       92.606        88.392          733.865  1.047674
1        223        0.398         0.365           40.266  1.090411
2        224      149.262       111.100          144.331  1.343492
3        225        0.320         0.227            0.320  1.409692
4        226       26.556        19.370          133.711  1.370986
..       ...          ...           ...              ...       ...
95       328        0.504         0.207            0.321  2.434783
96       329     6718.033      6718.033        11034.335  1.000000
97       330        1.170         1.165           35.939  1.004292
98       331        0.089         0.089            0.108  1.000000
99       332      214.819       139.778          327.332  1.536858

[100 rows x 5 columns]",False
19,3,0.011634506285190582,"KstestResult(statistic=np.float64(0.05038341720584711), pvalue=np.float64(0.0741052306743725), statistic_location=np.float32(1.4190966), statistic_sign=np.int8(-1))",0.28548107469418316,"    query_id  bao_latency  best_latency  default_latency     regret
0        333       47.223        44.927           47.223   1.051105
1        335       45.687        43.940           43.940   1.039759
2        336      686.005       562.478          612.836   1.219612
3        337     2263.927      2165.367         2248.249   1.045517
4        338     4139.204      3852.639        12889.119   1.074381
..       ...          ...           ...              ...        ...
95       437       38.627        19.796          299.069   1.951253
96       438     2047.213      1841.490         2047.213   1.111716
97       439      160.846       156.301         1297.617   1.029079
98       440      361.434       309.676          309.676   1.167136
99       441        1.263         0.061            1.008  20.704918

[100 rows x 5 columns]",False
19,4,0.021055301651358604,"KstestResult(statistic=np.float64(0.0529595015576324), pvalue=np.float64(0.05456295188114659), statistic_location=np.float32(4.4682107), statistic_sign=np.int8(1))",0.32682367551178204,"    query_id  bao_latency  best_latency  default_latency    regret
0        444      355.911       262.806          713.669  1.354273
1        446       67.049        61.816          291.441  1.084654
2        447      502.762       226.224          226.224  2.222408
3        449     1287.196      1181.678         1313.756  1.089295
4        450     3592.238      1327.353         3624.250  2.706317
..       ...          ...           ...              ...       ...
95       547       46.404        41.844           46.404  1.108976
96       548     1496.235      1429.309         4513.298  1.046824
97       549        0.052         0.048            0.080  1.083333
98       550     1358.017       684.706          978.039  1.983358
99       551       47.507        41.761           44.014  1.137592

[100 rows x 5 columns]",False
19,5,0.021309278905391693,"KstestResult(statistic=np.float64(0.05582165109034268), pvalue=np.float64(0.03485820686924277), statistic_location=np.float32(5.6503305), statistic_sign=np.int8(1))",0.30433267836061506,"    query_id  bao_latency  best_latency  default_latency    regret
0        552      805.557       794.171          929.726  1.014337
1        553     1124.216      1066.394         1123.571  1.054222
2        554       94.038        72.056           72.056  1.305068
3        555        0.328         0.298            2.559  1.100671
4        556        0.107         0.082            0.096  1.304878
..       ...          ...           ...              ...       ...
95       650    46578.137     23839.166        46578.137  1.953849
96       651      862.034       635.928          867.117  1.355553
97       654        0.101         0.078            2.445  1.294872
98       655      673.514       535.437         1010.535  1.257877
99       656     2910.784      1905.820         2910.784  1.527313

[100 rows x 5 columns]",False
19,6,0.026201462373137474,"KstestResult(statistic=np.float64(0.05267295597484277), pvalue=np.float64(0.05485872344475233), statistic_location=np.float32(-1.3927748), statistic_sign=np.int8(-1))",0.25888738106925924,"    query_id  bao_latency  best_latency  default_latency    regret
0        657     1468.913      1379.164         5028.581  1.065075
1        658      145.601        94.451          479.086  1.541551
2        659      553.828       188.245          553.828  2.942060
3        660     1466.501      1466.501         1745.093  1.000000
4        661        0.104         0.076         1672.826  1.368421
..       ...          ...           ...              ...       ...
95       758     1162.942      1130.330         1358.668  1.028852
96       759        0.056         0.032            0.048  1.750000
97       760     5306.703      5306.703         7483.387  1.000000
98       761     1096.234       520.699         1136.807  2.105312
99       762        0.172         0.172         2065.654  1.000000

[100 rows x 5 columns]",False
19,7,0.022251565009355545,"KstestResult(statistic=np.float64(0.07714637387534584), pvalue=np.float64(0.0008791660335780563), statistic_location=np.float32(-4.139125), statistic_sign=np.int8(-1))",0.3103250705887829,"    query_id  bao_latency  best_latency  default_latency    regret
0        763      459.811       361.508          591.025  1.271925
1        764      140.955       140.955         1794.305  1.000000
2        765        0.041         0.041            0.055  1.000000
3        766     1109.142       599.418          707.691  1.850365
4        767        2.583         1.773            1.816  1.456853
..       ...          ...           ...              ...       ...
95       861      190.104        88.413          190.104  2.150182
96       862       12.064        12.064         1423.039  1.000000
97       863     7219.226      2563.737         7219.226  2.815900
98       864        0.197         0.197            0.251  1.000000
99       865      328.682       188.801          203.138  1.740891

[100 rows x 5 columns]",False
19,8,0.03281592205166817,"KstestResult(statistic=np.float64(0.05828689687449724), pvalue=np.float64(0.024326792934438613), statistic_location=np.float32(-2.404515), statistic_sign=np.int8(-1))",0.2988070180655997,"    query_id  bao_latency  best_latency  default_latency    regret
0        867     1866.342      1518.388         1759.727  1.229160
1        869     1012.931       842.546         1012.931  1.202226
2        870        0.098         0.084            0.109  1.166667
3        871      200.858        50.409           50.409  3.984566
4        872      187.415        62.367         1061.266  3.005035
..       ...          ...           ...              ...       ...
95       970     4704.785      4704.785         6085.952  1.000000
96       971     1361.309      1288.502         1497.180  1.056505
97       973      202.862        42.786           44.671  4.741317
98       974      189.683       141.534          151.696  1.340194
99       975     1474.313      1288.742         1474.313  1.143994

[100 rows x 5 columns]",False
19,9,0.0273752398788929,"KstestResult(statistic=np.float64(0.07190742512326147), pvalue=np.float64(0.002524723414465074), statistic_location=np.float32(-2.1634007), statistic_sign=np.int8(-1))",0.44553377181090537,"    query_id  bao_latency  best_latency  default_latency     regret
0        976     1328.599      1294.468         1381.761   1.026367
1        977    12435.601     11627.163        12435.601   1.069530
2        978        2.709         0.330          304.012   8.209091
3        980     4000.353        52.240          207.195  76.576436
4        981        4.170         1.344           53.895   3.102679
..       ...          ...           ...              ...        ...
95      1088      762.399       576.922          646.356   1.321494
96      1089      802.142       688.357          688.357   1.165299
97      1090      506.870       235.028         3514.857   2.156637
98      1091     1920.175       423.583         1827.002   4.533173
99      1092        0.304         0.233            0.347   1.304721

[100 rows x 5 columns]",False
19,10,0.029639707878232002,"KstestResult(statistic=np.float64(0.10050136292834891), pvalue=np.float64(4.249876590882201e-06), statistic_location=np.float32(-2.2851214), statistic_sign=np.int8(-1))",0.4992313806513017,"    query_id  bao_latency  best_latency  default_latency    regret
0       1093      150.288       124.753          133.628  1.204684
1       1094        0.199         0.051          212.662  3.901961
2       1095        1.265         0.745            0.745  1.697987
3       1096      148.397       123.245          128.164  1.204081
4       1097      877.909       770.197          864.188  1.139850
..       ...          ...           ...              ...       ...
95      1195       92.463        48.224           49.254  1.917365
96      1196     1911.202      1911.202         2291.804  1.000000
97      1197        0.169         0.169          239.270  1.000000
98      1198      124.820       124.820          657.393  1.000000
99      1199      180.019       129.277          129.277  1.392506

[100 rows x 5 columns]",False
19,11,0.037382371723651886,"KstestResult(statistic=np.float64(0.08415850037934508), pvalue=np.float64(0.00021072091246584254), statistic_location=np.float32(-1.9461293), statistic_sign=np.int8(-1))",0.5025117837739181,"    query_id  bao_latency  best_latency  default_latency     regret
0       1200        1.840         0.653           38.108   2.817764
1       1201        0.073         0.065            0.073   1.123077
2       1202     2990.804      2838.032         9796.637   1.053830
3       1203      437.769         9.084          362.903  48.191215
4       1204        0.152         0.093            0.129   1.634409
..       ...          ...           ...              ...        ...
95      1304      149.103        93.762          163.545   1.590228
96      1305      209.984        56.774           67.442   3.698594
97      1306      118.631        64.906          140.133   1.827735
98      1307      719.361       198.714          719.361   3.620082
99      1308       54.702        54.702          459.285   1.000000

[100 rows x 5 columns]",False
19,12,0.03678392618894577,"KstestResult(statistic=np.float64(0.0780491666850784), pvalue=np.float64(0.0007754879498477678), statistic_location=np.float32(-0.58186316), statistic_sign=np.int8(1))",0.48106875262862747,"    query_id  bao_latency  best_latency  default_latency     regret
0       1309      827.409       582.898          606.335   1.419475
1       1310      415.824       415.824          415.824   1.000000
2       1311       89.042        89.042           89.042   1.000000
3       1312      114.098        66.102           66.102   1.726090
4       1313      568.369       549.391          568.369   1.034544
..       ...          ...           ...              ...        ...
95      1412        0.194         0.114            0.186   1.701754
96      1413     3554.053      1999.996         2209.632   1.777030
97      1414      326.763       213.228          213.228   1.532458
98      1415        2.520         0.156            2.520  16.153846
99      1416      698.512       698.512         8265.208   1.000000

[100 rows x 5 columns]",False
19,13,0.01833724044263363,"KstestResult(statistic=np.float64(0.04528041059729259), pvalue=np.float64(0.13948444983219235), statistic_location=np.float32(-2.5802445), statistic_sign=np.int8(1))",0.24147538827764792,"    query_id  bao_latency  best_latency  default_latency    regret
0       1417        1.226         0.257            5.023  4.770428
1       1418     3916.428      2072.275         8122.004  1.889917
2       1419        0.624         0.083            0.624  7.518072
3       1420      111.089       111.089          534.020  1.000000
4       1421      563.274       200.035          624.628  2.815877
..       ...          ...           ...              ...       ...
95      1525     1306.741       526.686         1236.030  2.481063
96      1526     1392.698      1241.710         1405.049  1.121597
97      1527        0.073         0.071            0.073  1.028169
98      1528       70.808        59.953          155.919  1.181058
99      1529      373.566       271.854          558.181  1.374142

[100 rows x 5 columns]",False
19,14,0.03410213068127632,"KstestResult(statistic=np.float64(0.08556008950901672), pvalue=np.float64(0.00015455475136359208), statistic_location=np.float32(0.94054747), statistic_sign=np.int8(-1))",0.5416089427564351,"    query_id  bao_latency  best_latency  default_latency    regret
0       1530        0.071         0.071            0.111  1.000000
1       1531       36.187        36.187           36.187  1.000000
2       1532        8.982         5.626            8.982  1.596516
3       1533      179.125       122.772          232.024  1.459005
4       1534     1016.562       862.344          864.973  1.178836
..       ...          ...           ...              ...       ...
95      1635       61.867        17.296           22.560  3.576954
96      1636      518.025       482.726          541.278  1.073124
97      1637     1079.698       771.261         1361.309  1.399913
98      1639        0.058         0.035            0.071  1.657143
99      1640        0.309         0.097            0.989  3.185567

[100 rows x 5 columns]",False
19,15,0.018647877499461174,"KstestResult(statistic=np.float64(0.06065464334960275), pvalue=np.float64(0.016840397672841366), statistic_location=np.float32(-6.6249647), statistic_sign=np.int8(-1))",0.29929194447347457,"    query_id  bao_latency  best_latency  default_latency     regret
0       1642       10.508         7.584            7.686   1.385549
1       1643      486.382       486.382          979.381   1.000000
2       1644      213.550       109.377          475.365   1.952421
3       1645      578.753       578.753          578.753   1.000000
4       1646        0.343         0.216            5.091   1.587963
..       ...          ...           ...              ...        ...
95      1745    15749.245      3398.949         3651.022   4.633563
96      1746      301.572         4.797          268.324  62.866792
97      1747        0.289         0.130            3.261   2.223077
98      1748      200.917        88.298          155.548   2.275442
99      1749        0.064         0.050            0.110   1.280000

[100 rows x 5 columns]",False
19,16,0.035629138350486755,"KstestResult(statistic=np.float64(0.09680356280988109), pvalue=np.float64(1.098777319281569e-05), statistic_location=np.float32(0.6891769), statistic_sign=np.int8(1))",0.6313319417425296,"    query_id  bao_latency  best_latency  default_latency     regret
0       1750      254.067       195.010          449.157   1.302841
1       1751      143.067       129.196          129.196   1.107364
2       1752        2.363         0.074            2.363  31.932432
3       1753     5750.737      3039.182         3424.240   1.892199
4       1754       53.817        46.495           46.495   1.157479
..       ...          ...           ...              ...        ...
95      1851      506.422       396.877          550.506   1.276018
96      1852        1.878         0.076            4.811  24.710526
97      1853        0.386         0.186            0.946   2.075269
98      1854      169.085       141.892          169.085   1.191646
99      1855     3724.888      3221.756         5141.806   1.156167

[100 rows x 5 columns]",False
19,17,0.022398240864276886,"KstestResult(statistic=np.float64(0.043408884637083915), pvalue=np.float64(0.17288465410241535), statistic_location=np.float32(1.4292649), statistic_sign=np.int8(-1))",0.2306880330989426,"    query_id  bao_latency  best_latency  default_latency    regret
0       1856     4355.618      2369.999         3201.138  1.837814
1       1857    18868.806     15485.820        36286.284  1.218457
2       1858      819.440       664.550         3339.387  1.233075
3       1861        0.121         0.090            2.266  1.344444
4       1862     1516.279       991.737         1376.264  1.528912
..       ...          ...           ...              ...       ...
95      1963        1.130         0.986            0.986  1.146045
96      1964     2124.494      1924.456         1975.180  1.103945
97      1965      231.289       187.099          679.775  1.236185
98      1967     1665.550      1584.036         1605.321  1.051460
99      1968      208.345       140.528         1979.644  1.482587

[100 rows x 5 columns]",False
19,18,0.04310574382543564,"KstestResult(statistic=np.float64(0.07518335908945961), pvalue=np.float64(0.0013591454394557096), statistic_location=np.float32(-1.6008047), statistic_sign=np.int8(-1))",0.40391680297940274,"    query_id  bao_latency  best_latency  default_latency       regret
0       1969    37571.635     37372.373        44222.331     1.005332
1       1970        1.609         0.066            1.174    24.378788
2       1971     3233.351      1583.045         1970.024     2.042488
3       1972     2733.657       224.522          765.279    12.175453
4       1973      117.160       117.160          117.160     1.000000
..       ...          ...           ...              ...          ...
95      2077    17858.760      8183.780        12250.051     2.182214
96      2078      200.889       139.725          139.725     1.437746
97      2079      552.697         0.093            0.099  5942.978495
98      2080      345.681       323.798          333.143     1.067582
99      2081      115.225       114.680          115.225     1.004752

[100 rows x 5 columns]",False
19,19,0.0,"KstestResult(statistic=np.float64(0.0), pvalue=np.float64(1.0), statistic_location=np.float32(-6.4213257), statistic_sign=np.int8(1))",0.0,"    query_id  bao_latency  best_latency  default_latency    regret
0       2082       49.305        49.305          101.448  1.000000
1       2083     1580.447      1555.021         5913.346  1.016351
2       2084      195.418       195.418          213.074  1.000000
3       2085      542.746       540.268          575.816  1.004587
4       2086       34.831        34.831           34.831  1.000000
..       ...          ...           ...              ...       ...
95      2183       50.751        49.413          169.428  1.027078
96      2184       56.049        54.429           56.049  1.029764
97      2185     3637.614      2332.156         3637.614  1.559764
98      2186       39.958        39.958          189.188  1.000000
99      2187    16388.306     15328.462        15328.462  1.069142

[100 rows x 5 columns]",True
19,20,0.025314686819911003,"KstestResult(statistic=np.float64(0.0613070949058839), pvalue=np.float64(0.015266819373582116), statistic_location=np.float32(-3.9110808), statistic_sign=np.int8(-1))",0.4254286751357474,"    query_id  bao_latency  best_latency  default_latency    regret
0       2188       50.816        43.584         1109.993  1.165932
1       2189       52.632        50.757          611.878  1.036941
2       2190      882.179       189.468          362.951  4.656084
3       2191     1884.464      1884.464         3237.782  1.000000
4       2192       12.603         4.959           60.036  2.541440
..       ...          ...           ...              ...       ...
95      2296     1916.077      1064.475         5849.980  1.800021
96      2297      252.029        52.203          252.029  4.827864
97      2298       25.689         6.589           25.689  3.898771
98      2299      355.366       355.366          476.009  1.000000
99      2300        0.209         0.120            2.512  1.741667

[100 rows x 5 columns]",False
19,21,0.018460892140865326,"KstestResult(statistic=np.float64(0.051080104719699294), pvalue=np.float64(0.06728201200817059), statistic_location=np.float32(-3.8606024), statistic_sign=np.int8(-1))",0.26693079509570594,"    query_id  bao_latency  best_latency  default_latency    regret
0       2301      199.675       199.675          199.675  1.000000
1       2302        0.199         0.098           40.524  2.030612
2       2303     1319.835      1150.995         1325.366  1.146690
3       2304        0.134         0.055            0.134  2.436364
4       2305        0.141         0.077           55.630  1.831169
..       ...          ...           ...              ...       ...
95      2407        0.088         0.061            0.092  1.442623
96      2408      215.791       124.538         3216.453  1.732732
97      2410     8838.983      8838.983         9248.877  1.000000
98      2411      189.925       166.180          313.279  1.142887
99      2412     1193.993      1193.993         1289.955  1.000000

[100 rows x 5 columns]",False
19,22,0.024037450551986694,"KstestResult(statistic=np.float64(0.07517488460408457), pvalue=np.float64(0.0013165237702272546), statistic_location=np.float32(-0.9224248), statistic_sign=np.int8(1))",0.3967408074201484,"    query_id  bao_latency  best_latency  default_latency       regret
0       2414        0.312         0.087            0.087     3.586207
1       2416      437.967       405.447          414.539     1.080208
2       2417    29087.850      5350.798        35438.688     5.436170
3       2418     2745.343      2745.343         6892.147     1.000000
4       2419     1676.634        49.431           50.259    33.918675
..       ...          ...           ...              ...          ...
95      2521    20696.823     13573.417        14900.987     1.524806
96      2522        0.043         0.042            0.065     1.023810
97      2523        0.193         0.193            0.834     1.000000
98      2525      189.273         0.076          434.311  2490.434211
99      2526      147.040         0.102            0.553  1441.568627

[100 rows x 5 columns]",False
19,23,0.0392158180475235,"KstestResult(statistic=np.float64(0.1289087319946948), pvalue=np.float64(1.0263916228151713e-05), statistic_location=np.float32(2.1193664), statistic_sign=np.int8(1))",0.48597140888588153,"    query_id  bao_latency  best_latency  default_latency     regret
0       2527       58.430        50.108          242.126   1.166081
1       2528      778.956       705.912          705.912   1.103475
2       2529     1799.542      1053.647         1162.004   1.707917
3       2530       67.990        60.759           60.759   1.119011
4       2531     1998.128      1507.124         1507.124   1.325789
5       2532      108.731        78.852          167.839   1.378925
6       2533        0.336         0.299            1.000   1.123746
7       2534        0.468         0.331           11.050   1.413897
8       2535        0.395         0.299            0.437   1.321070
9       2536     1792.145      1656.217         1809.926   1.082071
10      2537     1884.807      1309.471         1694.821   1.439365
11      2538      216.588       116.251          145.679   1.863107
12      2539       63.987        59.628           64.366   1.073103
13      2540     1044.132       773.446          802.170   1.349974
14      2541     3309.322      1217.855         3309.322   2.717337
15      2542       22.869         9.817           22.869   2.329530
16      2543        0.123         0.083            0.123   1.481928
17      2544      255.760       255.760          311.426   1.000000
18      2545     2372.781      2223.666         2410.180   1.067058
19      2546      869.000       869.000          869.000   1.000000
20      2547       43.049        35.106           98.914   1.226258
21      2548    19449.252      3393.097         3934.745   5.732006
22      2549        0.282         0.067            7.470   4.208955
23      2550        0.010         0.007            0.010   1.428571
24      2551      217.748       192.180          271.975   1.133042
25      2552       99.598        92.466          100.547   1.077131
26      2553      210.138        51.707         4583.443   4.064015
27      2554       14.023        14.023         1668.021   1.000000
28      2555       93.362        59.671          143.008   1.564613
29      2556      220.690         3.296          220.690  66.956917
30      2557        0.067         0.037            0.091   1.810811
31      2559      909.546       897.080          897.080   1.013896
32      2560      113.438       111.589          162.946   1.016570
33      2561        0.232         0.165          159.401   1.406061
34      2562      549.155       508.171         2813.506   1.080650
35      2563        0.354         0.354          188.877   1.000000
36      2564      313.035       169.186          235.633   1.850242
37      2565        0.126         0.081            0.088   1.555556
38      2567      203.492       203.492          203.492   1.000000",False
20,0,0.046235449612140656,"KstestResult(statistic=np.float64(0.10744396387071334), pvalue=np.float64(7.226228920998013e-07), statistic_location=np.float32(4.577908), statistic_sign=np.int8(1))",0.6000332236776199,"    query_id  bao_latency  best_latency  default_latency     regret
0          1     8115.843       374.589          374.589  21.665994
1          2       48.971        48.971           48.971   1.000000
2          3      204.036       176.568          176.568   1.155566
3          4      157.562        89.703           89.703   1.756485
4          5        0.069         0.060            0.232   1.150000
..       ...          ...           ...              ...        ...
95       102      873.051       689.220          861.195   1.266723
96       103     1142.374      1037.111         1321.644   1.101496
97       104      257.397       210.249          230.305   1.224248
98       105        0.089         0.067            0.082   1.328358
99       106        0.413         0.343            0.413   1.204082

[100 rows x 5 columns]",False
20,1,0.025198280811309814,"KstestResult(statistic=np.float64(0.05487769812341165), pvalue=np.float64(0.04095949831338897), statistic_location=np.float32(4.2373943), statistic_sign=np.int8(1))",0.33330774702730753,"    query_id  bao_latency  best_latency  default_latency    regret
0        107        0.035         0.029            0.043  1.206897
1        108       81.491        79.822          213.983  1.020909
2        110        0.146         0.049            3.096  2.979592
3        111        0.072         0.072            0.951  1.000000
4        112      768.127       768.127         2605.613  1.000000
..       ...          ...           ...              ...       ...
95       217     4848.924      2301.235         4848.924  2.107096
96       218      186.477       186.477          216.683  1.000000
97       219      224.832       160.525          252.728  1.400604
98       220      146.223       137.549          146.223  1.063061
99       221      632.583       596.009          632.583  1.061365

[100 rows x 5 columns]",False
20,2,0.03216538205742836,"KstestResult(statistic=np.float64(0.06393711103832296), pvalue=np.float64(0.009868249440928765), statistic_location=np.float32(-3.4222314), statistic_sign=np.int8(-1))",0.3664583719444399,"    query_id  bao_latency  best_latency  default_latency    regret
0        222       92.606        88.392          733.865  1.047674
1        223        0.398         0.365           40.266  1.090411
2        224      149.262       111.100          144.331  1.343492
3        225        0.320         0.227            0.320  1.409692
4        226      133.711        19.370          133.711  6.902994
..       ...          ...           ...              ...       ...
95       328        0.344         0.207            0.321  1.661836
96       329    14928.095      6718.033        11034.335  2.222093
97       330        2.817         1.165           35.939  2.418026
98       331        0.105         0.089            0.108  1.179775
99       332      139.778       139.778          327.332  1.000000

[100 rows x 5 columns]",False
20,3,0.017200995236635208,"KstestResult(statistic=np.float64(0.06062381615701535), pvalue=np.float64(0.017305209134177955), statistic_location=np.float32(-1.423404), statistic_sign=np.int8(-1))",0.28508277608305205,"    query_id  bao_latency  best_latency  default_latency    regret
0        333       47.223        44.927           47.223  1.051105
1        335       82.767        43.940           43.940  1.883637
2        336      686.005       562.478          612.836  1.219612
3        337     2171.027      2165.367         2248.249  1.002614
4        338    13176.637      3852.639        12889.119  3.420159
..       ...          ...           ...              ...       ...
95       437       36.394        19.796          299.069  1.838452
96       438     2047.213      1841.490         2047.213  1.111716
97       439     1297.617       156.301         1297.617  8.302039
98       440      341.566       309.676          309.676  1.102979
99       441        0.061         0.061            1.008  1.000000

[100 rows x 5 columns]",False
20,4,0.02586708962917328,"KstestResult(statistic=np.float64(0.06988869875535665), pvalue=np.float64(0.003573902437649307), statistic_location=np.float32(6.0656185), statistic_sign=np.int8(-1))",0.3609085075179434,"    query_id  bao_latency  best_latency  default_latency    regret
0        444      692.595       262.806          713.669  2.635385
1        446       67.049        61.816          291.441  1.084654
2        447      502.762       226.224          226.224  2.222408
3        449     1313.756      1181.678         1313.756  1.111772
4        450     3624.250      1327.353         3624.250  2.730434
..       ...          ...           ...              ...       ...
95       547       52.946        41.844           46.404  1.265319
96       548     1482.336      1429.309         4513.298  1.037100
97       549        0.064         0.048            0.080  1.333333
98       550     1358.017       684.706          978.039  1.983358
99       551       44.014        41.761           44.014  1.053950

[100 rows x 5 columns]",False
20,5,0.026070930063724518,"KstestResult(statistic=np.float64(0.06607981220657277), pvalue=np.float64(0.007026560168884344), statistic_location=np.float32(-2.2963572), statistic_sign=np.int8(1))",0.435542489874799,"    query_id  bao_latency  best_latency  default_latency     regret
0        552      794.171       794.171          929.726   1.000000
1        553     1072.388      1066.394         1123.571   1.005621
2        554       94.038        72.056           72.056   1.305068
3        555        8.623         0.298            2.559  28.936242
4        556        0.108         0.082            0.096   1.317073
..       ...          ...           ...              ...        ...
95       650    30987.967     23839.166        46578.137   1.299876
96       651     1107.122       635.928          867.117   1.740955
97       654        2.445         0.078            2.445  31.346154
98       655      785.332       535.437         1010.535   1.466712
99       656     2910.784      1905.820         2910.784   1.527313

[100 rows x 5 columns]",False
20,6,0.028326326981186867,"KstestResult(statistic=np.float64(0.06593808131809727), pvalue=np.float64(0.007328563017422395), statistic_location=np.float32(4.474456), statistic_sign=np.int8(1))",0.3608556127556667,"    query_id  bao_latency  best_latency  default_latency    regret
0        657     1468.913      1379.164         5028.581  1.065075
1        658      156.977        94.451          479.086  1.661994
2        659      553.828       188.245          553.828  2.942060
3        660     1466.501      1466.501         1745.093  1.000000
4        661        0.427         0.076         1672.826  5.618421
..       ...          ...           ...              ...       ...
95       758     1130.330      1130.330         1358.668  1.000000
96       759        0.036         0.032            0.048  1.125000
97       760     5670.187      5306.703         7483.387  1.068495
98       761      843.959       520.699         1136.807  1.620819
99       762        0.172         0.172         2065.654  1.000000

[100 rows x 5 columns]",False
20,7,0.01978890597820282,"KstestResult(statistic=np.float64(0.06346235923700712), pvalue=np.float64(0.010733164442797186), statistic_location=np.float32(4.374826), statistic_sign=np.int8(1))",0.28014759006822426,"    query_id  bao_latency  best_latency  default_latency      regret
0        763      361.508       361.508          591.025    1.000000
1        764      154.340       140.955         1794.305    1.094959
2        765        0.041         0.041            0.055    1.000000
3        766      632.225       599.418          707.691    1.054731
4        767        2.583         1.773            1.816    1.456853
..       ...          ...           ...              ...         ...
95       861      190.104        88.413          190.104    2.150182
96       862     1423.039        12.064         1423.039  117.957477
97       863     2870.188      2563.737         7219.226    1.119533
98       864        0.222         0.197            0.251    1.126904
99       865      287.981       188.801          203.138    1.525315

[100 rows x 5 columns]",False
20,8,0.02489466220140457,"KstestResult(statistic=np.float64(0.07355242566510173), pvalue=np.float64(0.0019806766302011666), statistic_location=np.float32(4.4402575), statistic_sign=np.int8(1))",0.4338646770829513,"    query_id  bao_latency  best_latency  default_latency    regret
0        867     1866.342      1518.388         1759.727  1.229160
1        869     1012.931       842.546         1012.931  1.202226
2        870        0.179         0.084            0.109  2.130952
3        871       50.409        50.409           50.409  1.000000
4        872      187.415        62.367         1061.266  3.005035
..       ...          ...           ...              ...       ...
95       970     4704.785      4704.785         6085.952  1.000000
96       971     1288.502      1288.502         1497.180  1.000000
97       973      125.859        42.786           44.671  2.941593
98       974      151.696       141.534          151.696  1.071799
99       975     1415.458      1288.742         1474.313  1.098325

[100 rows x 5 columns]",False
20,9,0.01956780254840851,"KstestResult(statistic=np.float64(0.07271696671718852), pvalue=np.float64(0.002205019871090827), statistic_location=np.float32(-1.3546119), statistic_sign=np.int8(-1))",0.3267574295793965,"    query_id  bao_latency  best_latency  default_latency     regret
0        976     1321.722      1294.468         1381.761   1.021054
1        977    29753.248     11627.163        12435.601   2.558943
2        978        2.709         0.330          304.012   8.209091
3        980     3915.540        52.240          207.195  74.952910
4        981       53.895         1.344           53.895  40.100446
..       ...          ...           ...              ...        ...
95      1088      900.482       576.922          646.356   1.560838
96      1089      791.745       688.357          688.357   1.150195
97      1090     5190.252       235.028         3514.857  22.083547
98      1091      555.345       423.583         1827.002   1.311065
99      1092        0.239         0.233            0.347   1.025751

[100 rows x 5 columns]",False
20,10,0.01883785054087639,"KstestResult(statistic=np.float64(0.1084714886541471), pvalue=np.float64(5.305218925959697e-07), statistic_location=np.float32(-1.9244776), statistic_sign=np.int8(-1))",0.3830805255025801,"    query_id  bao_latency  best_latency  default_latency    regret
0       1093      150.288       124.753          133.628  1.204684
1       1094        0.199         0.051          212.662  3.901961
2       1095        0.745         0.745            0.745  1.000000
3       1096      148.397       123.245          128.164  1.204081
4       1097      877.909       770.197          864.188  1.139850
..       ...          ...           ...              ...       ...
95      1195      148.283        48.224           49.254  3.074880
96      1196     1911.202      1911.202         2291.804  1.000000
97      1197        0.169         0.169          239.270  1.000000
98      1198      124.820       124.820          657.393  1.000000
99      1199      252.946       129.277          129.277  1.956620

[100 rows x 5 columns]",False
20,11,0.022958245128393173,"KstestResult(statistic=np.float64(0.056723443418712924), pvalue=np.float64(0.031182738445473823), statistic_location=np.float32(-0.6302326), statistic_sign=np.int8(-1))",0.29520746404793274,"    query_id  bao_latency  best_latency  default_latency     regret
0       1200        1.840         0.653           38.108   2.817764
1       1201        0.068         0.065            0.073   1.046154
2       1202    20417.549      2838.032         9796.637   7.194263
3       1203       15.129         9.084          362.903   1.665456
4       1204        0.152         0.093            0.129   1.634409
..       ...          ...           ...              ...        ...
95      1304      149.103        93.762          163.545   1.590228
96      1305      569.743        56.774           67.442  10.035280
97      1306       69.527        64.906          140.133   1.071195
98      1307      225.462       198.714          719.361   1.134606
99      1308       54.702        54.702          459.285   1.000000

[100 rows x 5 columns]",False
20,12,0.0422029085457325,"KstestResult(statistic=np.float64(0.10784803382945427), pvalue=np.float64(6.505353338646654e-07), statistic_location=np.float32(-3.1482306), statistic_sign=np.int8(-1))",0.7103008467843686,"    query_id  bao_latency  best_latency  default_latency     regret
0       1309      606.335       582.898          606.335   1.040208
1       1310      432.370       415.824          415.824   1.039791
2       1311      136.047        89.042           89.042   1.527897
3       1312       66.102        66.102           66.102   1.000000
4       1313     1207.761       549.391          568.369   2.198363
..       ...          ...           ...              ...        ...
95      1412        0.114         0.114            0.186   1.000000
96      1413     3669.656      1999.996         2209.632   1.834832
97      1414      299.598       213.228          213.228   1.405059
98      1415        2.520         0.156            2.520  16.153846
99      1416      698.512       698.512         8265.208   1.000000

[100 rows x 5 columns]",False
20,13,0.01899675279855728,"KstestResult(statistic=np.float64(0.05626846136703075), pvalue=np.float64(0.03346247968481152), statistic_location=np.float32(-2.2019265), statistic_sign=np.int8(1))",0.3321612310263735,"    query_id  bao_latency  best_latency  default_latency    regret
0       1417        0.292         0.257            5.023  1.136187
1       1418    11713.520      2072.275         8122.004  5.652493
2       1419        0.402         0.083            0.624  4.843373
3       1420      534.020       111.089          534.020  4.807137
4       1421      570.181       200.035          624.628  2.850406
..       ...          ...           ...              ...       ...
95      1525     1306.741       526.686         1236.030  2.481063
96      1526     1358.891      1241.710         1405.049  1.094371
97      1527        0.073         0.071            0.073  1.028169
98      1528       83.157        59.953          155.919  1.387037
99      1529      373.566       271.854          558.181  1.374142

[100 rows x 5 columns]",False
20,14,0.020413555204868317,"KstestResult(statistic=np.float64(0.06259780907668232), pvalue=np.float64(0.013353311064608265), statistic_location=np.float32(-1.7243254), statistic_sign=np.int8(-1))",0.30566260857574623,"    query_id  bao_latency  best_latency  default_latency     regret
0       1530        0.071         0.071            0.111   1.000000
1       1531       36.187        36.187           36.187   1.000000
2       1532       11.650         5.626            8.982   2.070743
3       1533      232.640       122.772          232.024   1.894895
4       1534      864.973       862.344          864.973   1.003049
..       ...          ...           ...              ...        ...
95      1635       22.560        17.296           22.560   1.304348
96      1636      516.676       482.726          541.278   1.070330
97      1637      975.558       771.261         1361.309   1.264887
98      1639        0.071         0.035            0.071   2.028571
99      1640        0.989         0.097            0.989  10.195876

[100 rows x 5 columns]",False
20,15,0.023959368467330933,"KstestResult(statistic=np.float64(0.043939410598380815), pvalue=np.float64(0.16185550167437976), statistic_location=np.float32(-1.3321903), statistic_sign=np.int8(-1))",0.31251401014544855,"    query_id  bao_latency  best_latency  default_latency     regret
0       1642        7.725         7.584            7.686   1.018592
1       1643      486.382       486.382          979.381   1.000000
2       1644      127.433       109.377          475.365   1.165080
3       1645      578.753       578.753          578.753   1.000000
4       1646        0.216         0.216            5.091   1.000000
..       ...          ...           ...              ...        ...
95      1745    15749.245      3398.949         3651.022   4.633563
96      1746      196.754         4.797          268.324  41.016052
97      1747        0.289         0.130            3.261   2.223077
98      1748      155.548        88.298          155.548   1.761625
99      1749        0.097         0.050            0.110   1.940000

[100 rows x 5 columns]",False
20,16,0.0341830775141716,"KstestResult(statistic=np.float64(0.09546165884194054), pvalue=np.float64(1.7273232252783038e-05), statistic_location=np.float32(3.0671613), statistic_sign=np.int8(1))",0.5686272644847399,"    query_id  bao_latency  best_latency  default_latency     regret
0       1750      235.745       195.010          449.157   1.208887
1       1751      129.196       129.196          129.196   1.000000
2       1752        0.086         0.074            2.363   1.162162
3       1753     5750.737      3039.182         3424.240   1.892199
4       1754      224.202        46.495           46.495   4.822067
..       ...          ...           ...              ...        ...
95      1851      506.422       396.877          550.506   1.276018
96      1852        2.504         0.076            4.811  32.947368
97      1853        0.946         0.186            0.946   5.086022
98      1854      169.085       141.892          169.085   1.191646
99      1855     3333.527      3221.756         5141.806   1.034693

[100 rows x 5 columns]",False
20,17,0.020085513591766357,"KstestResult(statistic=np.float64(0.052360356363905215), pvalue=np.float64(0.057809943914647395), statistic_location=np.float32(4.429424), statistic_sign=np.int8(1))",0.3721729428056043,"    query_id  bao_latency  best_latency  default_latency    regret
0       1856     4355.618      2369.999         3201.138  1.837814
1       1857    18446.561     15485.820        36286.284  1.191190
2       1858     1049.940       664.550         3339.387  1.579926
3       1861        0.121         0.090            2.266  1.344444
4       1862     1376.264       991.737         1376.264  1.387731
..       ...          ...           ...              ...       ...
95      1963        1.130         0.986            0.986  1.146045
96      1964     1926.754      1924.456         1975.180  1.001194
97      1965      304.531       187.099          679.775  1.627646
98      1967     4449.874      1584.036         1605.321  2.809200
99      1968      169.217       140.528         1979.644  1.204151

[100 rows x 5 columns]",False
20,18,0.022332213819026947,"KstestResult(statistic=np.float64(0.07549320419454611), pvalue=np.float64(0.0013008473931195772), statistic_location=np.float32(-1.7049878), statistic_sign=np.int8(-1))",0.32189103157382537,"    query_id  bao_latency  best_latency  default_latency       regret
0       1969    43587.170     37372.373        44222.331     1.166294
1       1970        0.085         0.066            1.174     1.287879
2       1971     3233.351      1583.045         1970.024     2.042488
3       1972      582.932       224.522          765.279     2.596325
4       1973      127.965       117.160          117.160     1.092224
..       ...          ...           ...              ...          ...
95      2077    17858.760      8183.780        12250.051     2.182214
96      2078      150.703       139.725          139.725     1.078569
97      2079      552.697         0.093            0.099  5942.978495
98      2080      345.681       323.798          333.143     1.067582
99      2081      149.949       114.680          115.225     1.307543

[100 rows x 5 columns]",False
20,19,0.021353475749492645,"KstestResult(statistic=np.float64(0.054586605823936346), pvalue=np.float64(0.04170330955683065), statistic_location=np.float32(-4.6363773), statistic_sign=np.int8(-1))",0.3340533733857848,"    query_id  bao_latency  best_latency  default_latency     regret
0       2082       49.305        49.305          101.448   1.000000
1       2083     3883.182      1555.021         5913.346   2.497189
2       2084      249.023       195.418          213.074   1.274309
3       2085      575.816       540.268          575.816   1.065797
4       2086      750.792        34.831           34.831  21.555281
..       ...          ...           ...              ...        ...
95      2183       50.751        49.413          169.428   1.027078
96      2184       56.049        54.429           56.049   1.029764
97      2185     5564.692      2332.156         3637.614   2.386072
98      2186      156.578        39.958          189.188   3.918564
99      2187    16580.644     15328.462        15328.462   1.081690

[100 rows x 5 columns]",False
20,20,0.0,"KstestResult(statistic=np.float64(0.0), pvalue=np.float64(1.0), statistic_location=np.float32(-6.451717), statistic_sign=np.int8(1))",0.0,"    query_id  bao_latency  best_latency  default_latency    regret
0       2188       50.816        43.584         1109.993  1.165932
1       2189       50.934        50.757          611.878  1.003487
2       2190      362.951       189.468          362.951  1.915632
3       2191     1976.743      1884.464         3237.782  1.048968
4       2192       12.603         4.959           60.036  2.541440
..       ...          ...           ...              ...       ...
95      2296     1916.077      1064.475         5849.980  1.800021
96      2297       61.842        52.203          252.029  1.184645
97      2298        6.813         6.589           25.689  1.033996
98      2299      355.366       355.366          476.009  1.000000
99      2300        0.209         0.120            2.512  1.741667

[100 rows x 5 columns]",True
20,21,0.016027599573135376,"KstestResult(statistic=np.float64(0.046948356807511735), pvalue=np.float64(0.11956464177525698), statistic_location=np.float32(-1.5475175), statistic_sign=np.int8(-1))",0.20149161548868216,"    query_id  bao_latency  best_latency  default_latency     regret
0       2301      199.675       199.675          199.675   1.000000
1       2302        0.277         0.098           40.524   2.826531
2       2303    44323.260      1150.995         1325.366  38.508647
3       2304        0.059         0.055            0.134   1.072727
4       2305        0.166         0.077           55.630   2.155844
..       ...          ...           ...              ...        ...
95      2407        0.065         0.061            0.092   1.065574
96      2408      133.266       124.538         3216.453   1.070083
97      2410     9248.877      8838.983         9248.877   1.046373
98      2411      418.022       166.180          313.279   2.515477
99      2412    32641.357      1193.993         1289.955  27.337980

[100 rows x 5 columns]",False
20,22,0.02749805897474289,"KstestResult(statistic=np.float64(0.06195072923032261), pvalue=np.float64(0.013805316463389204), statistic_location=np.float32(1.583956), statistic_sign=np.int8(1))",0.39188436449822306,"    query_id  bao_latency  best_latency  default_latency       regret
0       2414        0.207         0.087            0.087     2.379310
1       2416      437.967       405.447          414.539     1.080208
2       2417     5423.115      5350.798        35438.688     1.013515
3       2418    13755.957      2745.343         6892.147     5.010651
4       2419     1676.634        49.431           50.259    33.918675
..       ...          ...           ...              ...          ...
95      2521    20696.823     13573.417        14900.987     1.524806
96      2522        0.050         0.042            0.065     1.190476
97      2523        0.449         0.193            0.834     2.326425
98      2525      189.273         0.076          434.311  2490.434211
99      2526      119.474         0.102            0.553  1171.313725

[100 rows x 5 columns]",False
20,23,0.0394667312502861,"KstestResult(statistic=np.float64(0.14140907048451323), pvalue=np.float64(8.815462928725836e-07), statistic_location=np.float32(-1.6047404), statistic_sign=np.int8(-1))",0.6011979942479595,"    query_id  bao_latency  best_latency  default_latency     regret
0       2527       54.627        50.108          242.126   1.090185
1       2528      705.912       705.912          705.912   1.000000
2       2529     1799.542      1053.647         1162.004   1.707917
3       2530       60.759        60.759           60.759   1.000000
4       2531     1998.128      1507.124         1507.124   1.325789
5       2532      108.731        78.852          167.839   1.378925
6       2533        0.374         0.299            1.000   1.250836
7       2534        0.468         0.331           11.050   1.413897
8       2535        0.417         0.299            0.437   1.394649
9       2536     1656.217      1656.217         1809.926   1.000000
10      2537     1694.821      1309.471         1694.821   1.294279
11      2538      120.813       116.251          145.679   1.039243
12      2539       63.987        59.628           64.366   1.073103
13      2540     7802.314       773.446          802.170  10.087729
14      2541     1606.843      1217.855         3309.322   1.319404
15      2542       11.046         9.817           22.869   1.125191
16      2543        0.083         0.083            0.123   1.000000
17      2544      255.760       255.760          311.426   1.000000
18      2545     2372.781      2223.666         2410.180   1.067058
19      2546      869.000       869.000          869.000   1.000000
20      2547       43.049        35.106           98.914   1.226258
21      2548     3450.986      3393.097         3934.745   1.017061
22      2549        0.107         0.067            7.470   1.597015
23      2550        0.010         0.007            0.010   1.428571
24      2551      217.748       192.180          271.975   1.133042
25      2552      100.547        92.466          100.547   1.087394
26      2553      210.138        51.707         4583.443   4.064015
27      2554       14.577        14.023         1668.021   1.039507
28      2555       84.918        59.671          143.008   1.423103
29      2556      220.690         3.296          220.690  66.956917
30      2557        0.091         0.037            0.091   2.459459
31      2559      968.120       897.080          897.080   1.079190
32      2560      111.589       111.589          162.946   1.000000
33      2561        0.232         0.165          159.401   1.406061
34      2562      549.155       508.171         2813.506   1.080650
35      2563        0.541         0.354          188.877   1.528249
36      2564      235.633       169.186          235.633   1.392745
37      2565        0.421         0.081            0.088   5.197531
38      2567      626.604       203.492          203.492   3.079256",False
21,0,0.058170489966869354,"KstestResult(statistic=np.float64(0.09743447562012494), pvalue=np.float64(1.0030376285381964e-05), statistic_location=np.float32(4.4047956), statistic_sign=np.int8(1))",0.4996124297468217,"    query_id  bao_latency  best_latency  default_latency    regret
0          1      448.374       374.589          374.589  1.196976
1          2      167.231        48.971           48.971  3.414899
2          3      204.036       176.568          176.568  1.155566
3          4      157.562        89.703           89.703  1.756485
4          5        0.069         0.060            0.232  1.150000
..       ...          ...           ...              ...       ...
95       102     2930.068       689.220          861.195  4.251281
96       103     1713.176      1037.111         1321.644  1.651873
97       104      264.333       210.249          230.305  1.257238
98       105        0.084         0.067            0.082  1.253731
99       106        0.413         0.343            0.413  1.204082

[100 rows x 5 columns]",False
21,1,0.04369032382965088,"KstestResult(statistic=np.float64(0.06372594003775935), pvalue=np.float64(0.010494865855856248), statistic_location=np.float32(0.49388313), statistic_sign=np.int8(1))",0.3448384435006475,"    query_id  bao_latency  best_latency  default_latency    regret
0        107        0.043         0.029            0.043  1.482759
1        108      198.549        79.822          213.983  2.487397
2        110        0.146         0.049            3.096  2.979592
3        111        0.166         0.072            0.951  2.305556
4        112      768.127       768.127         2605.613  1.000000
..       ...          ...           ...              ...       ...
95       217     2524.453      2301.235         4848.924  1.096999
96       218      186.477       186.477          216.683  1.000000
97       219      513.816       160.525          252.728  3.200847
98       220      168.931       137.549          146.223  1.228151
99       221      685.191       596.009          632.583  1.149632

[100 rows x 5 columns]",False
21,2,0.03154614940285683,"KstestResult(statistic=np.float64(0.059205881282527205), pvalue=np.float64(0.02095890681743057), statistic_location=np.float32(0.10380483), statistic_sign=np.int8(1))",0.3055211683732608,"    query_id  bao_latency  best_latency  default_latency     regret
0        222       92.606        88.392          733.865   1.047674
1        223        0.365         0.365           40.266   1.000000
2        224      144.331       111.100          144.331   1.299109
3        225        0.527         0.227            0.320   2.321586
4        226      133.711        19.370          133.711   6.902994
..       ...          ...           ...              ...        ...
95       328        0.344         0.207            0.321   1.661836
96       329    11034.335      6718.033        11034.335   1.642495
97       330       36.127         1.165           35.939  31.010300
98       331        0.130         0.089            0.108   1.460674
99       332      880.053       139.778          327.332   6.296077

[100 rows x 5 columns]",False
21,3,0.032419610768556595,"KstestResult(statistic=np.float64(0.071487533258157), pvalue=np.float64(0.002739725136995321), statistic_location=np.float32(0.47883058), statistic_sign=np.int8(1))",0.3415287477428912,"    query_id  bao_latency  best_latency  default_latency    regret
0        333       47.223        44.927           47.223  1.051105
1        335       43.940        43.940           43.940  1.000000
2        336      686.005       562.478          612.836  1.219612
3        337     2188.235      2165.367         2248.249  1.010561
4        338    13176.637      3852.639        12889.119  3.420159
..       ...          ...           ...              ...       ...
95       437       22.880        19.796          299.069  1.155789
96       438     1972.702      1841.490         2047.213  1.071253
97       439     1297.617       156.301         1297.617  8.302039
98       440      361.434       309.676          309.676  1.167136
99       441        0.061         0.061            1.008  1.000000

[100 rows x 5 columns]",False
21,4,0.022982005029916763,"KstestResult(statistic=np.float64(0.04133210477820192), pvalue=np.float64(0.21518861430631983), statistic_location=np.float32(2.9001575), statistic_sign=np.int8(1))",0.23328219685834456,"    query_id  bao_latency  best_latency  default_latency    regret
0        444      355.911       262.806          713.669  1.354273
1        446      291.441        61.816          291.441  4.714653
2        447      305.490       226.224          226.224  1.350387
3        449     2581.866      1181.678         1313.756  2.184915
4        450     3624.250      1327.353         3624.250  2.730434
..       ...          ...           ...              ...       ...
95       547       52.946        41.844           46.404  1.265319
96       548     1587.758      1429.309         4513.298  1.110857
97       549        0.076         0.048            0.080  1.583333
98       550     1358.017       684.706          978.039  1.983358
99       551       47.507        41.761           44.014  1.137592

[100 rows x 5 columns]",False
21,5,0.027119256556034088,"KstestResult(statistic=np.float64(0.0853677621283255), pvalue=np.float64(0.00016042963381591738), statistic_location=np.float32(-4.7677546), statistic_sign=np.int8(-1))",0.35423112563462406,"    query_id  bao_latency  best_latency  default_latency      regret
0        552      805.557       794.171          929.726    1.014337
1        553     1124.216      1066.394         1123.571    1.054222
2        554       94.038        72.056           72.056    1.305068
3        555        0.691         0.298            2.559    2.318792
4        556        0.107         0.082            0.096    1.304878
..       ...          ...           ...              ...         ...
95       650    32869.809     23839.166        46578.137    1.378815
96       651      867.117       635.928          867.117    1.363546
97       654       65.904         0.078            2.445  844.923077
98       655      673.514       535.437         1010.535    1.257877
99       656     2910.784      1905.820         2910.784    1.527313

[100 rows x 5 columns]",False
21,6,0.025321155786514282,"KstestResult(statistic=np.float64(0.07975315203590516), pvalue=np.float64(0.000553599226683937), statistic_location=np.float32(0.90400076), statistic_sign=np.int8(1))",0.3602431472724733,"    query_id  bao_latency  best_latency  default_latency    regret
0        657     1468.913      1379.164         5028.581  1.065075
1        658      145.601        94.451          479.086  1.541551
2        659      553.828       188.245          553.828  2.942060
3        660     1466.501      1466.501         1745.093  1.000000
4        661        0.089         0.076         1672.826  1.171053
..       ...          ...           ...              ...       ...
95       758     1130.330      1130.330         1358.668  1.000000
96       759        0.048         0.032            0.048  1.500000
97       760     6302.941      5306.703         7483.387  1.187732
98       761      636.132       520.699         1136.807  1.221689
99       762        0.213         0.172         2065.654  1.238372

[100 rows x 5 columns]",False
21,7,0.032177090644836426,"KstestResult(statistic=np.float64(0.07928691027282576), pvalue=np.float64(0.0005811532317037975), statistic_location=np.float32(-4.9226336), statistic_sign=np.int8(-1))",0.3051854729833743,"    query_id  bao_latency  best_latency  default_latency      regret
0        763      408.653       361.508          591.025    1.130412
1        764      154.340       140.955         1794.305    1.094959
2        765        0.041         0.041            0.055    1.000000
3        766      918.301       599.418          707.691    1.531988
4        767        2.583         1.773            1.816    1.456853
..       ...          ...           ...              ...         ...
95       861      160.509        88.413          190.104    1.815446
96       862     1423.039        12.064         1423.039  117.957477
97       863     2897.262      2563.737         7219.226    1.130093
98       864        0.197         0.197            0.251    1.000000
99       865      735.909       188.801          203.138    3.897802

[100 rows x 5 columns]",False
21,8,0.021750792860984802,"KstestResult(statistic=np.float64(0.06885758998435054), pvalue=np.float64(0.004659987492528688), statistic_location=np.float32(0.7704859), statistic_sign=np.int8(1))",0.3125585105870624,"    query_id  bao_latency  best_latency  default_latency     regret
0        867     1866.342      1518.388         1759.727   1.229160
1        869      842.546       842.546         1012.931   1.000000
2        870        0.109         0.084            0.109   1.297619
3        871      200.858        50.409           50.409   3.984566
4        872     1061.266        62.367         1061.266  17.016467
..       ...          ...           ...              ...        ...
95       970     4704.785      4704.785         6085.952   1.000000
96       971     1361.309      1288.502         1497.180   1.056505
97       973      125.859        42.786           44.671   2.941593
98       974      172.127       141.534          151.696   1.216153
99       975     1474.313      1288.742         1474.313   1.143994

[100 rows x 5 columns]",False
21,9,0.03300444781780243,"KstestResult(statistic=np.float64(0.06916072110704471), pvalue=np.float64(0.004211185961313441), statistic_location=np.float32(2.0574956), statistic_sign=np.int8(1))",0.3732493272981172,"    query_id  bao_latency  best_latency  default_latency     regret
0        976     1328.599      1294.468         1381.761   1.026367
1        977    20343.100     11627.163        12435.601   1.749619
2        978        1.736         0.330          304.012   5.260606
3        980     4000.353        52.240          207.195  76.576436
4        981       53.895         1.344           53.895  40.100446
..       ...          ...           ...              ...        ...
95      1088      797.531       576.922          646.356   1.382390
96      1089      907.601       688.357          688.357   1.318503
97      1090     3514.857       235.028         3514.857  14.955056
98      1091      555.345       423.583         1827.002   1.311065
99      1092        0.239         0.233            0.347   1.025751

[100 rows x 5 columns]",False
21,10,0.0405740886926651,"KstestResult(statistic=np.float64(0.1280944346635368), pvalue=np.float64(1.3591648357841017e-09), statistic_location=np.float32(-1.0552535), statistic_sign=np.int8(-1))",0.5366413892895356,"    query_id  bao_latency  best_latency  default_latency    regret
0       1093      133.628       124.753          133.628  1.071141
1       1094        0.168         0.051          212.662  3.294118
2       1095        0.745         0.745            0.745  1.000000
3       1096      148.397       123.245          128.164  1.204081
4       1097      877.909       770.197          864.188  1.139850
..       ...          ...           ...              ...       ...
95      1195       48.224        48.224           49.254  1.000000
96      1196     1911.202      1911.202         2291.804  1.000000
97      1197        0.246         0.169          239.270  1.455621
98      1198      242.208       124.820          657.393  1.940458
99      1199      252.946       129.277          129.277  1.956620

[100 rows x 5 columns]",False
21,11,0.026950344443321228,"KstestResult(statistic=np.float64(0.09124537532337504), pvalue=np.float64(4.2238974928442025e-05), statistic_location=np.float32(0.7267029), statistic_sign=np.int8(1))",0.37433017359450954,"    query_id  bao_latency  best_latency  default_latency    regret
0       1200        3.325         0.653           38.108  5.091884
1       1201        0.068         0.065            0.073  1.046154
2       1202     2990.804      2838.032         9796.637  1.053830
3       1203       10.399         9.084          362.903  1.144760
4       1204        0.093         0.093            0.129  1.000000
..       ...          ...           ...              ...       ...
95      1304      628.303        93.762          163.545  6.701041
96      1305      379.030        56.774           67.442  6.676119
97      1306       69.527        64.906          140.133  1.071195
98      1307      719.361       198.714          719.361  3.620082
99      1308       54.702        54.702          459.285  1.000000

[100 rows x 5 columns]",False
21,12,0.037027083337306976,"KstestResult(statistic=np.float64(0.08416852573280502), pvalue=np.float64(0.00022117962027044192), statistic_location=np.float32(-4.7994976), statistic_sign=np.int8(-1))",0.38153577405002154,"    query_id  bao_latency  best_latency  default_latency     regret
0       1309      620.283       582.898          606.335   1.064136
1       1310      432.370       415.824          415.824   1.039791
2       1311      136.047        89.042           89.042   1.527897
3       1312       66.102        66.102           66.102   1.000000
4       1313      568.369       549.391          568.369   1.034544
..       ...          ...           ...              ...        ...
95      1412        0.194         0.114            0.186   1.701754
96      1413     2209.632      1999.996         2209.632   1.104818
97      1414      371.391       213.228          213.228   1.741755
98      1415        2.520         0.156            2.520  16.153846
99      1416     1341.182       698.512         8265.208   1.920056

[100 rows x 5 columns]",False
21,13,0.01962709054350853,"KstestResult(statistic=np.float64(0.07006485103469845), pvalue=np.float64(0.0035739062821071314), statistic_location=np.float32(-4.739212), statistic_sign=np.int8(-1))",0.38324843605111775,"    query_id  bao_latency  best_latency  default_latency    regret
0       1417        1.226         0.257            5.023  4.770428
1       1418    11713.520      2072.275         8122.004  5.652493
2       1419        0.624         0.083            0.624  7.518072
3       1420      153.934       111.089          534.020  1.385682
4       1421      570.181       200.035          624.628  2.850406
..       ...          ...           ...              ...       ...
95      1525     1236.030       526.686         1236.030  2.346806
96      1526     1392.698      1241.710         1405.049  1.121597
97      1527        0.103         0.071            0.073  1.450704
98      1528      155.919        59.953          155.919  2.600687
99      1529      373.566       271.854          558.181  1.374142

[100 rows x 5 columns]",False
21,14,0.019158892333507538,"KstestResult(statistic=np.float64(0.09624413145539906), pvalue=np.float64(1.4252574221425551e-05), statistic_location=np.float32(-0.10877943), statistic_sign=np.int8(-1))",0.403635755018076,"    query_id  bao_latency  best_latency  default_latency     regret
0       1530        0.076         0.071            0.111   1.070423
1       1531       36.187        36.187           36.187   1.000000
2       1532       11.650         5.626            8.982   2.070743
3       1533      122.772       122.772          232.024   1.000000
4       1534      864.973       862.344          864.973   1.003049
..       ...          ...           ...              ...        ...
95      1635       59.919        17.296           22.560   3.464327
96      1636      518.025       482.726          541.278   1.073124
97      1637     9714.311       771.261         1361.309  12.595361
98      1639        0.083         0.035            0.071   2.371429
99      1640        0.139         0.097            0.989   1.432990

[100 rows x 5 columns]",False
21,15,0.0316421240568161,"KstestResult(statistic=np.float64(0.06430202343386365), pvalue=np.float64(0.009436556936596533), statistic_location=np.float32(-4.783453), statistic_sign=np.int8(-1))",0.27450956463796744,"    query_id  bao_latency  best_latency  default_latency     regret
0       1642        9.274         7.584            7.686   1.222838
1       1643      486.382       486.382          979.381   1.000000
2       1644      213.550       109.377          475.365   1.952421
3       1645      578.753       578.753          578.753   1.000000
4       1646        0.216         0.216            5.091   1.000000
..       ...          ...           ...              ...        ...
95      1745    15749.245      3398.949         3651.022   4.633563
96      1746      183.755         4.797          268.324  38.306233
97      1747        5.030         0.130            3.261  38.692308
98      1748      200.917        88.298          155.548   2.275442
99      1749        0.059         0.050            0.110   1.180000

[100 rows x 5 columns]",False
21,16,0.052578434348106384,"KstestResult(statistic=np.float64(0.12519561815336464), pvalue=np.float64(3.820387963313636e-09), statistic_location=np.float32(-4.740326), statistic_sign=np.int8(-1))",0.5121448833804362,"    query_id  bao_latency  best_latency  default_latency     regret
0       1750     1067.108       195.010          449.157   5.472068
1       1751      129.196       129.196          129.196   1.000000
2       1752        0.082         0.074            2.363   1.108108
3       1753     3424.240      3039.182         3424.240   1.126698
4       1754       49.726        46.495           46.495   1.069491
..       ...          ...           ...              ...        ...
95      1851      550.506       396.877          550.506   1.387095
96      1852        2.504         0.076            4.811  32.947368
97      1853        0.946         0.186            0.946   5.086022
98      1854      173.656       141.892          169.085   1.223860
99      1855     3397.203      3221.756         5141.806   1.054457

[100 rows x 5 columns]",False
21,17,0.0166024062782526,"KstestResult(statistic=np.float64(0.04849728291005878), pvalue=np.float64(0.09533476679535852), statistic_location=np.float32(-3.359613), statistic_sign=np.int8(-1))",0.2142512249153069,"    query_id  bao_latency  best_latency  default_latency      regret
0       1856     4254.558      2369.999         3201.138    1.795173
1       1857    29191.117     15485.820        36286.284    1.885022
2       1858     3339.387       664.550         3339.387    5.025035
3       1861        0.121         0.090            2.266    1.344444
4       1862     1424.161       991.737         1376.264    1.436027
..       ...          ...           ...              ...         ...
95      1963      184.910         0.986            0.986  187.535497
96      1964     2124.494      1924.456         1975.180    1.103945
97      1965      679.775       187.099          679.775    3.633237
98      1967     1732.644      1584.036         1605.321    1.093816
99      1968     2181.697       140.528         1979.644   15.524999

[100 rows x 5 columns]",False
21,18,0.03772707283496857,"KstestResult(statistic=np.float64(0.07403053491552992), pvalue=np.float64(0.001722133624867563), statistic_location=np.float32(0.4677124), statistic_sign=np.int8(1))",0.401758779554936,"    query_id  bao_latency  best_latency  default_latency       regret
0       1969    37571.635     37372.373        44222.331     1.005332
1       1970        0.085         0.066            1.174     1.287879
2       1971     1970.024      1583.045         1970.024     1.244452
3       1972      582.932       224.522          765.279     2.596325
4       1973      153.556       117.160          117.160     1.310652
..       ...          ...           ...              ...          ...
95      2077    17858.760      8183.780        12250.051     2.182214
96      2078      150.703       139.725          139.725     1.078569
97      2079      552.697         0.093            0.099  5942.978495
98      2080      504.883       323.798          333.143     1.559253
99      2081      175.652       114.680          115.225     1.531671

[100 rows x 5 columns]",False
21,19,0.028121352195739746,"KstestResult(statistic=np.float64(0.05985915492957746), pvalue=np.float64(0.01914267723808578), statistic_location=np.float32(-4.4884396), statistic_sign=np.int8(-1))",0.3243060640489147,"    query_id  bao_latency  best_latency  default_latency    regret
0       2082       96.191        49.305          101.448  1.950938
1       2083     1580.447      1555.021         5913.346  1.016351
2       2084      195.418       195.418          213.074  1.000000
3       2085      540.268       540.268          575.816  1.000000
4       2086      186.347        34.831           34.831  5.350033
..       ...          ...           ...              ...       ...
95      2183       50.751        49.413          169.428  1.027078
96      2184       56.049        54.429           56.049  1.029764
97      2185     2500.103      2332.156         3637.614  1.072014
98      2186      169.518        39.958          189.188  4.242405
99      2187    15328.462     15328.462        15328.462  1.000000

[100 rows x 5 columns]",False
21,20,0.02419207990169525,"KstestResult(statistic=np.float64(0.050078247261345854), pvalue=np.float64(0.08110488655251635), statistic_location=np.float32(3.5216823), statistic_sign=np.int8(1))",0.2357101228688618,"    query_id  bao_latency  best_latency  default_latency     regret
0       2188       50.816        43.584         1109.993   1.165932
1       2189       50.757        50.757          611.878   1.000000
2       2190      362.951       189.468          362.951   1.915632
3       2191     1953.567      1884.464         3237.782   1.036670
4       2192       12.603         4.959           60.036   2.541440
..       ...          ...           ...              ...        ...
95      2296     5849.980      1064.475         5849.980   5.495648
96      2297       61.842        52.203          252.029   1.184645
97      2298       25.689         6.589           25.689   3.898771
98      2299      355.366       355.366          476.009   1.000000
99      2300        2.633         0.120            2.512  21.941667

[100 rows x 5 columns]",False
21,21,0.0,"KstestResult(statistic=np.float64(0.0), pvalue=np.float64(1.0), statistic_location=np.float32(-6.659379), statistic_sign=np.int8(1))",0.0,"    query_id  bao_latency  best_latency  default_latency    regret
0       2301      199.675       199.675          199.675  1.000000
1       2302        0.125         0.098           40.524  1.275510
2       2303     1247.602      1150.995         1325.366  1.083933
3       2304        0.134         0.055            0.134  2.436364
4       2305        0.141         0.077           55.630  1.831169
..       ...          ...           ...              ...       ...
95      2407        0.065         0.061            0.092  1.065574
96      2408      135.509       124.538         3216.453  1.088094
97      2410     9101.428      8838.983         9248.877  1.029692
98      2411      313.279       166.180          313.279  1.885179
99      2412     1382.990      1193.993         1289.955  1.158290

[100 rows x 5 columns]",True
21,22,0.02029474638402462,"KstestResult(statistic=np.float64(0.06433412983312536), pvalue=np.float64(0.00936519008360045), statistic_location=np.float32(1.3364494), statistic_sign=np.int8(-1))",0.26150980782586764,"    query_id  bao_latency  best_latency  default_latency       regret
0       2414        0.207         0.087            0.087     2.379310
1       2416      437.967       405.447          414.539     1.080208
2       2417    30809.612      5350.798        35438.688     5.757947
3       2418     3518.524      2745.343         6892.147     1.281634
4       2419       83.684        49.431           50.259     1.692946
..       ...          ...           ...              ...          ...
95      2521    14900.987     13573.417        14900.987     1.097807
96      2522        0.050         0.042            0.065     1.190476
97      2523        0.231         0.193            0.834     1.196891
98      2525      189.273         0.076          434.311  2490.434211
99      2526      117.947         0.102            0.553  1156.343137

[100 rows x 5 columns]",False
21,23,0.0517364963889122,"KstestResult(statistic=np.float64(0.12522040936488016), pvalue=np.float64(2.0692837900498596e-05), statistic_location=np.float32(1.799974), statistic_sign=np.int8(1))",0.4205229247471012,"    query_id  bao_latency  best_latency  default_latency     regret
0       2527       60.651        50.108          242.126   1.210406
1       2528      705.912       705.912          705.912   1.000000
2       2529     1053.647      1053.647         1162.004   1.000000
3       2530       60.759        60.759           60.759   1.000000
4       2531     1998.128      1507.124         1507.124   1.325789
5       2532       85.922        78.852          167.839   1.089662
6       2533        0.672         0.299            1.000   2.247492
7       2534       11.050         0.331           11.050  33.383686
8       2535        0.395         0.299            0.437   1.321070
9       2536     1709.110      1656.217         1809.926   1.031936
10      2537     1735.514      1309.471         1694.821   1.325355
11      2538      145.679       116.251          145.679   1.253142
12      2539      195.065        59.628           64.366   3.271366
13      2540      996.236       773.446          802.170   1.288049
14      2541     1564.653      1217.855         3309.322   1.284761
15      2542       10.446         9.817           22.869   1.064073
16      2543        0.084         0.083            0.123   1.012048
17      2544      269.450       255.760          311.426   1.053527
18      2545     2372.781      2223.666         2410.180   1.067058
19      2546      869.000       869.000          869.000   1.000000
20      2547      140.717        35.106           98.914   4.008346
21      2548     3450.986      3393.097         3934.745   1.017061
22      2549        0.241         0.067            7.470   3.597015
23      2550        0.007         0.007            0.010   1.000000
24      2551      217.748       192.180          271.975   1.133042
25      2552      110.565        92.466          100.547   1.195737
26      2553      210.138        51.707         4583.443   4.064015
27      2554       18.410        14.023         1668.021   1.312843
28      2555       93.362        59.671          143.008   1.564613
29      2556      220.690         3.296          220.690  66.956917
30      2557        0.055         0.037            0.091   1.486486
31      2559     1129.045       897.080          897.080   1.258578
32      2560      256.455       111.589          162.946   2.298210
33      2561        0.232         0.165          159.401   1.406061
34      2562     2813.506       508.171         2813.506   5.536534
35      2563        0.541         0.354          188.877   1.528249
36      2564      183.560       169.186          235.633   1.084960
37      2565        0.088         0.081            0.088   1.086420
38      2567      203.492       203.492          203.492   1.000000",False
22,0,0.05408864468336105,"KstestResult(statistic=np.float64(0.060483856119699766), pvalue=np.float64(0.01767412720792828), statistic_location=np.float32(-6.8436494), statistic_sign=np.int8(-1))",0.4081162343699547,"    query_id  bao_latency  best_latency  default_latency    regret
0          1      479.783       374.589          374.589  1.280825
1          2       48.971        48.971           48.971  1.000000
2          3      302.328       176.568          176.568  1.712247
3          4       89.703        89.703           89.703  1.000000
4          5        0.232         0.060            0.232  3.866667
..       ...          ...           ...              ...       ...
95       102     2930.068       689.220          861.195  4.251281
96       103     1713.176      1037.111         1321.644  1.651873
97       104      230.305       210.249          230.305  1.095392
98       105        0.082         0.067            0.082  1.223881
99       106        0.413         0.343            0.413  1.204082

[100 rows x 5 columns]",False
22,1,0.044989995658397675,"KstestResult(statistic=np.float64(0.08692488590499324), pvalue=np.float64(0.00011401846867227999), statistic_location=np.float32(2.7197711), statistic_sign=np.int8(1))",0.4023883731416069,"    query_id  bao_latency  best_latency  default_latency    regret
0        107        0.035         0.029            0.043  1.206897
1        108      198.549        79.822          213.983  2.487397
2        110        0.146         0.049            3.096  2.979592
3        111        0.109         0.072            0.951  1.513889
4        112      768.127       768.127         2605.613  1.000000
..       ...          ...           ...              ...       ...
95       217     2524.453      2301.235         4848.924  1.096999
96       218      201.495       186.477          216.683  1.080535
97       219      252.728       160.525          252.728  1.574384
98       220      168.931       137.549          146.223  1.228151
99       221      659.093       596.009          632.583  1.105844

[100 rows x 5 columns]",False
22,2,0.04343695566058159,"KstestResult(statistic=np.float64(0.14422773659120158), pvalue=np.float64(3.8215686819026084e-12), statistic_location=np.float32(-1.0084076), statistic_sign=np.int8(-1))",0.5191581324958048,"    query_id  bao_latency  best_latency  default_latency    regret
0        222       88.392        88.392          733.865  1.000000
1        223        0.398         0.365           40.266  1.090411
2        224      149.262       111.100          144.331  1.343492
3        225        0.320         0.227            0.320  1.409692
4        226      133.711        19.370          133.711  6.902994
..       ...          ...           ...              ...       ...
95       328        0.504         0.207            0.321  2.434783
96       329    10873.546      6718.033        11034.335  1.618561
97       330        2.817         1.165           35.939  2.418026
98       331        0.091         0.089            0.108  1.022472
99       332      159.016       139.778          327.332  1.137633

[100 rows x 5 columns]",False
22,3,0.04123982787132263,"KstestResult(statistic=np.float64(0.13534555857237074), pvalue=np.float64(1.1118699581853161e-10), statistic_location=np.float32(0.8256376), statistic_sign=np.int8(1))",0.5819639907070603,"    query_id  bao_latency  best_latency  default_latency    regret
0        333       47.223        44.927           47.223  1.051105
1        335       43.940        43.940           43.940  1.000000
2        336      686.005       562.478          612.836  1.219612
3        337     2171.027      2165.367         2248.249  1.002614
4        338     3852.639      3852.639        12889.119  1.000000
..       ...          ...           ...              ...       ...
95       437       38.627        19.796          299.069  1.951253
96       438     1972.702      1841.490         2047.213  1.071253
97       439     1297.617       156.301         1297.617  8.302039
98       440      341.566       309.676          309.676  1.102979
99       441        0.089         0.061            1.008  1.459016

[100 rows x 5 columns]",False
22,4,0.022371996194124222,"KstestResult(statistic=np.float64(0.095435032281719), pvalue=np.float64(1.5171235481349746e-05), statistic_location=np.float32(1.2927976), statistic_sign=np.int8(1))",0.4840181684104009,"    query_id  bao_latency  best_latency  default_latency    regret
0        444      617.533       262.806          713.669  2.349768
1        446      291.441        61.816          291.441  4.714653
2        447      292.472       226.224          226.224  1.292842
3        449     1313.756      1181.678         1313.756  1.111772
4        450     3624.250      1327.353         3624.250  2.730434
..       ...          ...           ...              ...       ...
95       547       46.404        41.844           46.404  1.108976
96       548     1587.758      1429.309         4513.298  1.110857
97       549        0.052         0.048            0.080  1.083333
98       550     1358.017       684.706          978.039  1.983358
99       551       47.507        41.761           44.014  1.137592

[100 rows x 5 columns]",False
22,5,0.02056092768907547,"KstestResult(statistic=np.float64(0.08001692809820733), pvalue=np.float64(0.0005023484802900306), statistic_location=np.float32(0.9156146), statistic_sign=np.int8(1))",0.38291780781712226,"    query_id  bao_latency  best_latency  default_latency    regret
0        552      805.557       794.171          929.726  1.014337
1        553     1110.485      1066.394         1123.571  1.041346
2        554       72.056        72.056           72.056  1.000000
3        555        0.328         0.298            2.559  1.100671
4        556        0.107         0.082            0.096  1.304878
..       ...          ...           ...              ...       ...
95       650    30987.967     23839.166        46578.137  1.299876
96       651      970.640       635.928          867.117  1.526336
97       654        0.101         0.078            2.445  1.294872
98       655      673.514       535.437         1010.535  1.257877
99       656     2910.784      1905.820         2910.784  1.527313

[100 rows x 5 columns]",False
22,6,0.025026507675647736,"KstestResult(statistic=np.float64(0.08366238228993564), pvalue=np.float64(0.00023978926097064978), statistic_location=np.float32(1.0519667), statistic_sign=np.int8(1))",0.25708765851867954,"    query_id  bao_latency  best_latency  default_latency    regret
0        657     1468.913      1379.164         5028.581  1.065075
1        658      145.601        94.451          479.086  1.541551
2        659      553.828       188.245          553.828  2.942060
3        660     1466.501      1466.501         1745.093  1.000000
4        661        0.427         0.076         1672.826  5.618421
..       ...          ...           ...              ...       ...
95       758     1130.330      1130.330         1358.668  1.000000
96       759        0.036         0.032            0.048  1.125000
97       760     5306.703      5306.703         7483.387  1.000000
98       761      843.959       520.699         1136.807  1.620819
99       762        0.172         0.172         2065.654  1.000000

[100 rows x 5 columns]",False
22,7,0.044161658734083176,"KstestResult(statistic=np.float64(0.11618796030331494), pvalue=np.float64(5.0233094882438e-08), statistic_location=np.float32(-1.9059885), statistic_sign=np.int8(-1))",0.40624294480444967,"    query_id  bao_latency  best_latency  default_latency     regret
0        763      591.025       361.508          591.025   1.634888
1        764     1794.305       140.955         1794.305  12.729630
2        765        0.041         0.041            0.055   1.000000
3        766     1017.529       599.418          707.691   1.697528
4        767        2.583         1.773            1.816   1.456853
..       ...          ...           ...              ...        ...
95       861      160.509        88.413          190.104   1.815446
96       862       38.966        12.064         1423.039   3.229940
97       863     7219.226      2563.737         7219.226   2.815900
98       864        0.251         0.197            0.251   1.274112
99       865      203.138       188.801          203.138   1.075937

[100 rows x 5 columns]",False
22,8,0.022042812779545784,"KstestResult(statistic=np.float64(0.07300719533273077), pvalue=np.float64(0.0020165704888576983), statistic_location=np.float32(-0.9229784), statistic_sign=np.int8(-1))",0.22385854162867008,"    query_id  bao_latency  best_latency  default_latency    regret
0        867     1866.342      1518.388         1759.727  1.229160
1        869     1863.973       842.546         1012.931  2.212310
2        870        0.098         0.084            0.109  1.166667
3        871       50.409        50.409           50.409  1.000000
4        872      103.326        62.367         1061.266  1.656742
..       ...          ...           ...              ...       ...
95       970     4704.785      4704.785         6085.952  1.000000
96       971     1425.476      1288.502         1497.180  1.106305
97       973      125.859        42.786           44.671  2.941593
98       974      189.683       141.534          151.696  1.340194
99       975     1474.313      1288.742         1474.313  1.143994

[100 rows x 5 columns]",False
22,9,0.05288286134600639,"KstestResult(statistic=np.float64(0.11663240068491049), pvalue=np.float64(4.979799267751673e-08), statistic_location=np.float32(1.6156621), statistic_sign=np.int8(1))",0.5027537103124082,"    query_id  bao_latency  best_latency  default_latency     regret
0        976    13368.730      1294.468         1381.761  10.327586
1        977    18133.768     11627.163        12435.601   1.559604
2        978        1.213         0.330          304.012   3.675758
3        980     4000.353        52.240          207.195  76.576436
4        981       53.895         1.344           53.895  40.100446
..       ...          ...           ...              ...        ...
95      1088      797.531       576.922          646.356   1.382390
96      1089      791.745       688.357          688.357   1.150195
97      1090     5090.951       235.028         3514.857  21.661040
98      1091     1883.851       423.583         1827.002   4.447419
99      1092        0.239         0.233            0.347   1.025751

[100 rows x 5 columns]",False
22,10,0.05490507557988167,"KstestResult(statistic=np.float64(0.1347610580670304), pvalue=np.float64(1.2461599743203606e-10), statistic_location=np.float32(1.6924751), statistic_sign=np.int8(1))",0.7158170531447237,"    query_id  bao_latency  best_latency  default_latency    regret
0       1093      150.288       124.753          133.628  1.204684
1       1094        0.199         0.051          212.662  3.901961
2       1095        0.745         0.745            0.745  1.000000
3       1096      148.397       123.245          128.164  1.204081
4       1097      840.870       770.197          864.188  1.091760
..       ...          ...           ...              ...       ...
95      1195       49.254        48.224           49.254  1.021359
96      1196     1911.202      1911.202         2291.804  1.000000
97      1197        0.246         0.169          239.270  1.455621
98      1198      124.820       124.820          657.393  1.000000
99      1199      223.238       129.277          129.277  1.726819

[100 rows x 5 columns]",False
22,11,0.03910709172487259,"KstestResult(statistic=np.float64(0.10089532962522377), pvalue=np.float64(3.910570870017202e-06), statistic_location=np.float32(1.2896137), statistic_sign=np.int8(1))",0.46781911451111213,"    query_id  bao_latency  best_latency  default_latency     regret
0       1200        1.840         0.653           38.108   2.817764
1       1201        0.065         0.065            0.073   1.000000
2       1202     2990.804      2838.032         9796.637   1.053830
3       1203       45.177         9.084          362.903   4.973250
4       1204        0.105         0.093            0.129   1.129032
..       ...          ...           ...              ...        ...
95      1304      163.545        93.762          163.545   1.744257
96      1305      209.984        56.774           67.442   3.698594
97      1306      172.670        64.906          140.133   2.660309
98      1307     2416.618       198.714          719.361  12.161287
99      1308       56.737        54.702          459.285   1.037202

[100 rows x 5 columns]",False
22,12,0.02506159245967865,"KstestResult(statistic=np.float64(0.06221013471307828), pvalue=np.float64(0.01348807768514522), statistic_location=np.float32(-2.3134341), statistic_sign=np.int8(-1))",0.38442288250710926,"    query_id  bao_latency  best_latency  default_latency     regret
0       1309      620.283       582.898          606.335   1.064136
1       1310      432.370       415.824          415.824   1.039791
2       1311      136.047        89.042           89.042   1.527897
3       1312       66.646        66.102           66.102   1.008230
4       1313      568.369       549.391          568.369   1.034544
..       ...          ...           ...              ...        ...
95      1412        0.186         0.114            0.186   1.631579
96      1413     3669.656      1999.996         2209.632   1.834832
97      1414      326.763       213.228          213.228   1.532458
98      1415        2.520         0.156            2.520  16.153846
99      1416     1133.921       698.512         8265.208   1.623338

[100 rows x 5 columns]",False
22,13,0.027761362493038177,"KstestResult(statistic=np.float64(0.08147578974092609), pvalue=np.float64(0.0003827903163554147), statistic_location=np.float32(1.0129864), statistic_sign=np.int8(1))",0.27710798096571865,"    query_id  bao_latency  best_latency  default_latency     regret
0       1417        5.023         0.257            5.023  19.544747
1       1418    11713.520      2072.275         8122.004   5.652493
2       1419        0.402         0.083            0.624   4.843373
3       1420      153.934       111.089          534.020   1.385682
4       1421      797.189       200.035          624.628   3.985248
..       ...          ...           ...              ...        ...
95      1525      802.175       526.686         1236.030   1.523061
96      1526     1392.698      1241.710         1405.049   1.121597
97      1527        0.073         0.071            0.073   1.028169
98      1528      147.234        59.953          155.919   2.455824
99      1529      563.863       271.854          558.181   2.074139

[100 rows x 5 columns]",False
22,14,0.03151750937104225,"KstestResult(statistic=np.float64(0.14313089065265414), pvalue=np.float64(6.560991633493714e-12), statistic_location=np.float32(0.8916836), statistic_sign=np.int8(1))",0.6325296898213759,"    query_id  bao_latency  best_latency  default_latency    regret
0       1530        0.071         0.071            0.111  1.000000
1       1531       36.187        36.187           36.187  1.000000
2       1532        8.702         5.626            8.982  1.546747
3       1533      641.607       122.772          232.024  5.226004
4       1534      864.973       862.344          864.973  1.003049
..       ...          ...           ...              ...       ...
95      1635       59.919        17.296           22.560  3.464327
96      1636      518.025       482.726          541.278  1.073124
97      1637      971.820       771.261         1361.309  1.260040
98      1639        0.048         0.035            0.071  1.371429
99      1640        0.309         0.097            0.989  3.185567

[100 rows x 5 columns]",False
22,15,0.04547959566116333,"KstestResult(statistic=np.float64(0.10930482871246706), pvalue=np.float64(3.7949915799668127e-07), statistic_location=np.float32(1.4124002), statistic_sign=np.int8(1))",0.42701645003411015,"    query_id  bao_latency  best_latency  default_latency     regret
0       1642       10.508         7.584            7.686   1.385549
1       1643      486.382       486.382          979.381   1.000000
2       1644      284.518       109.377          475.365   2.601260
3       1645      578.753       578.753          578.753   1.000000
4       1646        0.343         0.216            5.091   1.587963
..       ...          ...           ...              ...        ...
95      1745     3651.022      3398.949         3651.022   1.074162
96      1746      210.788         4.797          268.324  43.941630
97      1747        0.289         0.130            3.261   2.223077
98      1748      155.548        88.298          155.548   1.761625
99      1749        0.067         0.050            0.110   1.340000

[100 rows x 5 columns]",False
22,16,0.048942387104034424,"KstestResult(statistic=np.float64(0.08752471527876883), pvalue=np.float64(0.00010001304506263985), statistic_location=np.float32(1.2564054), statistic_sign=np.int8(1))",0.4355086865157964,"    query_id  bao_latency  best_latency  default_latency    regret
0       1750      254.067       195.010          449.157  1.302841
1       1751      907.921       129.196          129.196  7.027470
2       1752        0.137         0.074            2.363  1.851351
3       1753     7294.828      3039.182         3424.240  2.400260
4       1754       46.495        46.495           46.495  1.000000
..       ...          ...           ...              ...       ...
95      1851      587.443       396.877          550.506  1.480164
96      1852        0.076         0.076            4.811  1.000000
97      1853        0.386         0.186            0.946  2.075269
98      1854      155.788       141.892          169.085  1.097934
99      1855     3724.888      3221.756         5141.806  1.156167

[100 rows x 5 columns]",False
22,17,0.019602637737989426,"KstestResult(statistic=np.float64(0.11088921756954971), pvalue=np.float64(2.672211668855946e-07), statistic_location=np.float32(1.3556857), statistic_sign=np.int8(1))",0.32049985565271444,"    query_id  bao_latency  best_latency  default_latency    regret
0       1856     2404.211      2369.999         3201.138  1.014435
1       1857    15532.149     15485.820        36286.284  1.002992
2       1858      948.027       664.550         3339.387  1.426570
3       1861        0.121         0.090            2.266  1.344444
4       1862     1376.264       991.737         1376.264  1.387731
..       ...          ...           ...              ...       ...
95      1963        1.130         0.986            0.986  1.146045
96      1964     2124.494      1924.456         1975.180  1.103945
97      1965      304.531       187.099          679.775  1.627646
98      1967     1665.550      1584.036         1605.321  1.051460
99      1968      198.076       140.528         1979.644  1.409513

[100 rows x 5 columns]",False
22,18,0.051307279616594315,"KstestResult(statistic=np.float64(0.1115753554967749), pvalue=np.float64(2.196022851220791e-07), statistic_location=np.float32(1.8119774), statistic_sign=np.int8(1))",0.4413163764335385,"    query_id  bao_latency  best_latency  default_latency     regret
0       1969    40095.959     37372.373        44222.331   1.072877
1       1970        2.256         0.066            1.174  34.181818
2       1971     1583.045      1583.045         1970.024   1.000000
3       1972      384.277       224.522          765.279   1.711534
4       1973      148.796       117.160          117.160   1.270024
..       ...          ...           ...              ...        ...
95      2077     8183.780      8183.780        12250.051   1.000000
96      2078      192.330       139.725          139.725   1.376490
97      2079        0.099         0.093            0.099   1.064516
98      2080      782.727       323.798          333.143   2.417331
99      2081      175.652       114.680          115.225   1.531671

[100 rows x 5 columns]",False
22,19,0.029739832505583763,"KstestResult(statistic=np.float64(0.0845649919993784), pvalue=np.float64(0.00018592504280800736), statistic_location=np.float32(-0.82100105), statistic_sign=np.int8(-1))",0.35905424682677267,"    query_id  bao_latency  best_latency  default_latency    regret
0       2082      125.225        49.305          101.448  2.539803
1       2083     1580.447      1555.021         5913.346  1.016351
2       2084      263.561       195.418          213.074  1.348704
3       2085      540.268       540.268          575.816  1.000000
4       2086       43.729        34.831           34.831  1.255462
..       ...          ...           ...              ...       ...
95      2183      162.733        49.413          169.428  3.293324
96      2184       56.049        54.429           56.049  1.029764
97      2185     3637.614      2332.156         3637.614  1.559764
98      2186      169.518        39.958          189.188  4.242405
99      2187    16343.445     15328.462        15328.462  1.066216

[100 rows x 5 columns]",False
22,20,0.03987880051136017,"KstestResult(statistic=np.float64(0.08833341261738614), pvalue=np.float64(8.326668182620296e-05), statistic_location=np.float32(0.7187357), statistic_sign=np.int8(1))",0.5087207870708097,"    query_id  bao_latency  best_latency  default_latency     regret
0       2188       50.816        43.584         1109.993   1.165932
1       2189      611.878        50.757          611.878  12.055047
2       2190      362.951       189.468          362.951   1.915632
3       2191     1953.567      1884.464         3237.782   1.036670
4       2192       12.603         4.959           60.036   2.541440
..       ...          ...           ...              ...        ...
95      2296     5849.980      1064.475         5849.980   5.495648
96      2297      657.248        52.203          252.029  12.590234
97      2298       25.689         6.589           25.689   3.898771
98      2299      355.366       355.366          476.009   1.000000
99      2300        0.209         0.120            2.512   1.741667

[100 rows x 5 columns]",False
22,21,0.022144952788949013,"KstestResult(statistic=np.float64(0.09068997861770084), pvalue=np.float64(4.833999754984809e-05), statistic_location=np.float32(0.67067385), statistic_sign=np.int8(1))",0.44461495294219705,"    query_id  bao_latency  best_latency  default_latency     regret
0       2301      223.388       199.675          199.675   1.118758
1       2302        0.245         0.098           40.524   2.500000
2       2303     1247.602      1150.995         1325.366   1.083933
3       2304        0.059         0.055            0.134   1.072727
4       2305        0.129         0.077           55.630   1.675325
..       ...          ...           ...              ...        ...
95      2407        0.084         0.061            0.092   1.377049
96      2408      215.791       124.538         3216.453   1.732732
97      2410     9248.877      8838.983         9248.877   1.046373
98      2411      271.454       166.180          313.279   1.633494
99      2412    31713.725      1193.993         1289.955  26.561064

[100 rows x 5 columns]",False
22,22,0.0,"KstestResult(statistic=np.float64(0.0), pvalue=np.float64(1.0), statistic_location=np.float32(-8.3961315), statistic_sign=np.int8(1))",0.0,"    query_id  bao_latency  best_latency  default_latency    regret
0       2414        0.207         0.087            0.087  2.379310
1       2416      538.851       405.447          414.539  1.329029
2       2417     5839.201      5350.798        35438.688  1.091277
3       2418     2769.109      2745.343         6892.147  1.008657
4       2419       50.259        49.431           50.259  1.016751
..       ...          ...           ...              ...       ...
95      2521    13794.202     13573.417        14900.987  1.016266
96      2522        0.065         0.042            0.065  1.547619
97      2523        0.193         0.193            0.834  1.000000
98      2525        0.100         0.076          434.311  1.315789
99      2526        0.102         0.102            0.553  1.000000

[100 rows x 5 columns]",True
22,23,0.07088658958673477,"KstestResult(statistic=np.float64(0.1664724539484346), pvalue=np.float64(3.0303105189548138e-09), statistic_location=np.float32(1.4225519), statistic_sign=np.int8(1))",0.737500274062785,"    query_id  bao_latency  best_latency  default_latency      regret
0       2527     2897.772        50.108          242.126   57.830526
1       2528      705.912       705.912          705.912    1.000000
2       2529     1902.476      1053.647         1162.004    1.805610
3       2530       60.759        60.759           60.759    1.000000
4       2531     1998.128      1507.124         1507.124    1.325789
5       2532      167.839        78.852          167.839    2.128532
6       2533        0.388         0.299            1.000    1.297659
7       2534       11.050         0.331           11.050   33.383686
8       2535        0.395         0.299            0.437    1.321070
9       2536     1792.145      1656.217         1809.926    1.082071
10      2537     1884.807      1309.471         1694.821    1.439365
11      2538      216.588       116.251          145.679    1.863107
12      2539       63.987        59.628           64.366    1.073103
13      2540      996.236       773.446          802.170    1.288049
14      2541     1564.653      1217.855         3309.322    1.284761
15      2542       11.046         9.817           22.869    1.125191
16      2543        0.084         0.083            0.123    1.012048
17      2544     1167.271       255.760          311.426    4.563931
18      2545     2410.180      2223.666         2410.180    1.083877
19      2546      869.000       869.000          869.000    1.000000
20      2547      140.717        35.106           98.914    4.008346
21      2548    30757.754      3393.097         3934.745    9.064802
22      2549        0.067         0.067            7.470    1.000000
23      2550        0.010         0.007            0.010    1.428571
24      2551      217.748       192.180          271.975    1.133042
25      2552      151.094        92.466          100.547    1.634049
26      2553      210.138        51.707         4583.443    4.064015
27      2554     1668.021        14.023         1668.021  118.948941
28      2555       78.637        59.671          143.008    1.317843
29      2556      220.690         3.296          220.690   66.956917
30      2557        0.055         0.037            0.091    1.486486
31      2559      953.227       897.080          897.080    1.062589
32      2560      113.438       111.589          162.946    1.016570
33      2561        0.195         0.165          159.401    1.181818
34      2562      508.171       508.171         2813.506    1.000000
35      2563        0.354         0.354          188.877    1.000000
36      2564      234.917       169.186          235.633    1.388513
37      2565        0.421         0.081            0.088    5.197531
38      2567      232.194       203.492          203.492    1.141047",False
23,0,0.05149203538894653,"KstestResult(statistic=np.float64(0.15465034692445623), pvalue=np.float64(5.161209991731771e-08), statistic_location=np.float32(-0.014777601), statistic_sign=np.int8(1))",0.6529972053003058,"    query_id  bao_latency  best_latency  default_latency    regret
0          1      374.589       374.589          374.589  1.000000
1          2       48.971        48.971           48.971  1.000000
2          3      302.328       176.568          176.568  1.712247
3          4      157.562        89.703           89.703  1.756485
4          5        0.069         0.060            0.232  1.150000
..       ...          ...           ...              ...       ...
95       102      724.905       689.220          861.195  1.051776
96       103     1044.329      1037.111         1321.644  1.006960
97       104      230.305       210.249          230.305  1.095392
98       105        0.072         0.067            0.082  1.074627
99       106        0.413         0.343            0.413  1.204082

[100 rows x 5 columns]",False
23,1,0.030208848416805267,"KstestResult(statistic=np.float64(0.1111202285201155), pvalue=np.float64(0.0002357406239498165), statistic_location=np.float32(0.38169372), statistic_sign=np.int8(1))",0.4718078571593204,"    query_id  bao_latency  best_latency  default_latency    regret
0        107        0.054         0.029            0.043  1.862069
1        108      203.047        79.822          213.983  2.543747
2        110        0.103         0.049            3.096  2.102041
3        111        0.107         0.072            0.951  1.486111
4        112     1574.134       768.127         2605.613  2.049315
..       ...          ...           ...              ...       ...
95       217    10822.386      2301.235         4848.924  4.702860
96       218      219.606       186.477          216.683  1.177657
97       219      224.832       160.525          252.728  1.400604
98       220      146.223       137.549          146.223  1.063061
99       221      632.583       596.009          632.583  1.061365

[100 rows x 5 columns]",False
23,2,0.042410943657159805,"KstestResult(statistic=np.float64(0.09332258807276077), pvalue=np.float64(0.0033123128858531434), statistic_location=np.float32(-1.7207674), statistic_sign=np.int8(-1))",0.3144525307765971,"    query_id  bao_latency  best_latency  default_latency    regret
0        222       92.606        88.392          733.865  1.047674
1        223        0.365         0.365           40.266  1.000000
2        224      144.331       111.100          144.331  1.299109
3        225        0.527         0.227            0.320  2.321586
4        226      133.711        19.370          133.711  6.902994
..       ...          ...           ...              ...       ...
95       328        0.504         0.207            0.321  2.434783
96       329     6718.033      6718.033        11034.335  1.000000
97       330        2.817         1.165           35.939  2.418026
98       331        0.105         0.089            0.108  1.179775
99       332      327.332       139.778          327.332  2.341799

[100 rows x 5 columns]",False
23,3,0.027704905718564987,"KstestResult(statistic=np.float64(0.0679033837449679), pvalue=np.float64(0.06734163950661), statistic_location=np.float32(-1.7508298), statistic_sign=np.int8(-1))",0.29165966878005956,"    query_id  bao_latency  best_latency  default_latency    regret
0        333       47.223        44.927           47.223  1.051105
1        335       45.687        43.940           43.940  1.039759
2        336      686.005       562.478          612.836  1.219612
3        337     2248.249      2165.367         2248.249  1.038276
4        338    13176.637      3852.639        12889.119  3.420159
..       ...          ...           ...              ...       ...
95       437       36.394        19.796          299.069  1.838452
96       438     1849.978      1841.490         2047.213  1.004609
97       439      160.846       156.301         1297.617  1.029079
98       440      361.434       309.676          309.676  1.167136
99       441        0.089         0.061            1.008  1.459016

[100 rows x 5 columns]",False
23,4,0.02243870124220848,"KstestResult(statistic=np.float64(0.08541531723265784), pvalue=np.float64(0.009382989812204194), statistic_location=np.float32(1.9506333), statistic_sign=np.int8(1))",0.34176899168625086,"    query_id  bao_latency  best_latency  default_latency    regret
0        444      371.099       262.806          713.669  1.412064
1        446      291.441        61.816          291.441  4.714653
2        447      226.224       226.224          226.224  1.000000
3        449     1287.196      1181.678         1313.756  1.089295
4        450     3624.250      1327.353         3624.250  2.730434
..       ...          ...           ...              ...       ...
95       547       52.946        41.844           46.404  1.265319
96       548     1624.439      1429.309         4513.298  1.136521
97       549        0.076         0.048            0.080  1.583333
98       550     1358.017       684.706          978.039  1.983358
99       551       47.507        41.761           44.014  1.137592

[100 rows x 5 columns]",False
23,5,0.03922329097986221,"KstestResult(statistic=np.float64(0.09332456683168316), pvalue=np.float64(0.0033574270480812036), statistic_location=np.float32(2.168094), statistic_sign=np.int8(1))",0.35976700700847153,"    query_id  bao_latency  best_latency  default_latency      regret
0        552      794.171       794.171          929.726    1.000000
1        553     1123.571      1066.394         1123.571    1.053617
2        554       72.056        72.056           72.056    1.000000
3        555        0.691         0.298            2.559    2.318792
4        556       60.395         0.082            0.096  736.524390
..       ...          ...           ...              ...         ...
95       650    30987.967     23839.166        46578.137    1.299876
96       651      744.788       635.928          867.117    1.171183
97       654        0.181         0.078            2.445    2.320513
98       655      785.332       535.437         1010.535    1.466712
99       656     2910.784      1905.820         2910.784    1.527313

[100 rows x 5 columns]",False
23,6,0.030943013727664948,"KstestResult(statistic=np.float64(0.08998536646117442), pvalue=np.float64(0.005303277713552305), statistic_location=np.float32(1.1132197), statistic_sign=np.int8(1))",0.37604158989474107,"    query_id  bao_latency  best_latency  default_latency    regret
0        657     1468.913      1379.164         5028.581  1.065075
1        658      143.314        94.451          479.086  1.517337
2        659      553.828       188.245          553.828  2.942060
3        660     1466.501      1466.501         1745.093  1.000000
4        661        0.104         0.076         1672.826  1.368421
..       ...          ...           ...              ...       ...
95       758     1130.330      1130.330         1358.668  1.000000
96       759        0.056         0.032            0.048  1.750000
97       760     5306.703      5306.703         7483.387  1.000000
98       761     1136.807       520.699         1136.807  2.183233
99       762        0.213         0.172         2065.654  1.238372

[100 rows x 5 columns]",False
23,7,0.027616221457719803,"KstestResult(statistic=np.float64(0.0933077923176933), pvalue=np.float64(0.0033318233397955947), statistic_location=np.float32(1.39681), statistic_sign=np.int8(1))",0.3216928145924756,"    query_id  bao_latency  best_latency  default_latency     regret
0        763      408.653       361.508          591.025   1.130412
1        764     2170.390       140.955         1794.305  15.397751
2        765        0.055         0.041            0.055   1.341463
3        766      632.225       599.418          707.691   1.054731
4        767        1.816         1.773            1.816   1.024253
..       ...          ...           ...              ...        ...
95       861      160.509        88.413          190.104   1.815446
96       862       12.064        12.064         1423.039   1.000000
97       863     2897.262      2563.737         7219.226   1.130093
98       864        0.222         0.197            0.251   1.126904
99       865      287.981       188.801          203.138   1.525315

[100 rows x 5 columns]",False
23,8,0.0359751433134079,"KstestResult(statistic=np.float64(0.11386913339221245), pvalue=np.float64(0.00015035486015968253), statistic_location=np.float32(1.4047829), statistic_sign=np.int8(1))",0.3560625620989004,"    query_id  bao_latency  best_latency  default_latency     regret
0        867     1592.070      1518.388         1759.727   1.048526
1        869     1012.931       842.546         1012.931   1.202226
2        870        0.109         0.084            0.109   1.297619
3        871      200.858        50.409           50.409   3.984566
4        872      187.415        62.367         1061.266   3.005035
..       ...          ...           ...              ...        ...
95       970     4704.785      4704.785         6085.952   1.000000
96       971    57444.796      1288.502         1497.180  44.582621
97       973      125.859        42.786           44.671   2.941593
98       974      151.696       141.534          151.696   1.071799
99       975     1415.458      1288.742         1474.313   1.098325

[100 rows x 5 columns]",False
23,9,0.032033342868089676,"KstestResult(statistic=np.float64(0.10484914633195604), pvalue=np.float64(0.0006443433298774513), statistic_location=np.float32(1.340558), statistic_sign=np.int8(1))",0.3726664243332639,"    query_id  bao_latency  best_latency  default_latency     regret
0        976     1381.761      1294.468         1381.761   1.067435
1        977    29753.248     11627.163        12435.601   2.558943
2        978        1.213         0.330          304.012   3.675758
3        980     3915.540        52.240          207.195  74.952910
4        981        4.170         1.344           53.895   3.102679
..       ...          ...           ...              ...        ...
95      1088      646.356       576.922          646.356   1.120352
96      1089      791.745       688.357          688.357   1.150195
97      1090     5016.371       235.028         3514.857  21.343716
98      1091     1827.002       423.583         1827.002   4.313209
99      1092        0.304         0.233            0.347   1.304721

[100 rows x 5 columns]",False
23,10,0.03368227556347847,"KstestResult(statistic=np.float64(0.10009282178217822), pvalue=np.float64(0.0012904458462649298), statistic_location=np.float32(-1.9513552), statistic_sign=np.int8(-1))",0.4121807573854204,"    query_id  bao_latency  best_latency  default_latency    regret
0       1093      147.946       124.753          133.628  1.185911
1       1094        0.168         0.051          212.662  3.294118
2       1095        1.265         0.745            0.745  1.697987
3       1096      148.397       123.245          128.164  1.204081
4       1097      877.909       770.197          864.188  1.139850
..       ...          ...           ...              ...       ...
95      1195      148.283        48.224           49.254  3.074880
96      1196     1911.202      1911.202         2291.804  1.000000
97      1197        0.169         0.169          239.270  1.000000
98      1198      242.208       124.820          657.393  1.940458
99      1199      132.093       129.277          129.277  1.021783

[100 rows x 5 columns]",False
23,11,0.03138594701886177,"KstestResult(statistic=np.float64(0.09406483326484567), pvalue=np.float64(0.0030456382995081655), statistic_location=np.float32(-0.17175221), statistic_sign=np.int8(1))",0.3835419154105619,"    query_id  bao_latency  best_latency  default_latency     regret
0       1200        1.840         0.653           38.108   2.817764
1       1201        0.068         0.065            0.073   1.046154
2       1202     2990.804      2838.032         9796.637   1.053830
3       1203        9.838         9.084          362.903   1.083003
4       1204        0.093         0.093            0.129   1.000000
..       ...          ...           ...              ...        ...
95      1304       98.946        93.762          163.545   1.055289
96      1305      569.743        56.774           67.442  10.035280
97      1306      140.133        64.906          140.133   2.159015
98      1307      225.462       198.714          719.361   1.134606
99      1308       54.702        54.702          459.285   1.000000

[100 rows x 5 columns]",False
23,12,0.05389592796564102,"KstestResult(statistic=np.float64(0.15904625923585267), pvalue=np.float64(1.8914168191627662e-08), statistic_location=np.float32(1.8748227), statistic_sign=np.int8(1))",0.6256091737689713,"    query_id  bao_latency  best_latency  default_latency     regret
0       1309      606.335       582.898          606.335   1.040208
1       1310      415.824       415.824          415.824   1.000000
2       1311       93.161        89.042           89.042   1.046259
3       1312       66.646        66.102           66.102   1.008230
4       1313      972.584       549.391          568.369   1.770295
..       ...          ...           ...              ...        ...
95      1412        0.118         0.114            0.186   1.035088
96      1413     2333.190      1999.996         2209.632   1.166597
97      1414      213.228       213.228          213.228   1.000000
98      1415        2.520         0.156            2.520  16.153846
99      1416      698.512       698.512         8265.208   1.000000

[100 rows x 5 columns]",False
23,13,0.03575531020760536,"KstestResult(statistic=np.float64(0.13256420842713698), pvalue=np.float64(5.290138658795741e-06), statistic_location=np.float32(0.30859202), statistic_sign=np.int8(1))",0.4056705955993022,"    query_id  bao_latency  best_latency  default_latency    regret
0       1417        0.634         0.257            5.023  2.466926
1       1418     8122.004      2072.275         8122.004  3.919366
2       1419        0.402         0.083            0.624  4.843373
3       1420      113.643       111.089          534.020  1.022991
4       1421      570.181       200.035          624.628  2.850406
..       ...          ...           ...              ...       ...
95      1525     1236.030       526.686         1236.030  2.346806
96      1526     1392.698      1241.710         1405.049  1.121597
97      1527        0.084         0.071            0.073  1.183099
98      1528       83.157        59.953          155.919  1.387037
99      1529      373.566       271.854          558.181  1.374142

[100 rows x 5 columns]",False
23,14,0.03475266695022583,"KstestResult(statistic=np.float64(0.06970049117587815), pvalue=np.float64(0.056033403221218234), statistic_location=np.float32(-1.861321), statistic_sign=np.int8(-1))",0.3876485634923995,"    query_id  bao_latency  best_latency  default_latency    regret
0       1530        0.076         0.071            0.111  1.070423
1       1531       36.187        36.187           36.187  1.000000
2       1532        8.982         5.626            8.982  1.596516
3       1533      179.125       122.772          232.024  1.459005
4       1534      864.973       862.344          864.973  1.003049
..       ...          ...           ...              ...       ...
95      1635       59.919        17.296           22.560  3.464327
96      1636      516.676       482.726          541.278  1.070330
97      1637      771.261       771.261         1361.309  1.000000
98      1639        0.046         0.035            0.071  1.314286
99      1640        0.309         0.097            0.989  3.185567

[100 rows x 5 columns]",False
23,15,0.024125104770064354,"KstestResult(statistic=np.float64(0.0971518229106283), pvalue=np.float64(0.0019683643189407894), statistic_location=np.float32(-0.3731798), statistic_sign=np.int8(1))",0.36400088812208614,"    query_id  bao_latency  best_latency  default_latency     regret
0       1642       10.666         7.584            7.686   1.406382
1       1643      486.382       486.382          979.381   1.000000
2       1644      158.028       109.377          475.365   1.444801
3       1645      578.753       578.753          578.753   1.000000
4       1646        0.343         0.216            5.091   1.587963
..       ...          ...           ...              ...        ...
95      1745     3651.022      3398.949         3651.022   1.074162
96      1746      210.788         4.797          268.324  43.941630
97      1747        0.289         0.130            3.261   2.223077
98      1748      200.917        88.298          155.548   2.275442
99      1749        0.064         0.050            0.110   1.280000

[100 rows x 5 columns]",False
23,16,0.0357079952955246,"KstestResult(statistic=np.float64(0.1447047521653574), pvalue=np.float64(4.4221209871183905e-07), statistic_location=np.float32(1.6335652), statistic_sign=np.int8(1))",0.5370262212825627,"    query_id  bao_latency  best_latency  default_latency    regret
0       1750      449.157       195.010          449.157  2.303251
1       1751      129.196       129.196          129.196  1.000000
2       1752        0.082         0.074            2.363  1.108108
3       1753     7294.828      3039.182         3424.240  2.400260
4       1754      224.202        46.495           46.495  4.822067
..       ...          ...           ...              ...       ...
95      1851      550.506       396.877          550.506  1.387095
96      1852        0.076         0.076            4.811  1.000000
97      1853        0.946         0.186            0.946  5.086022
98      1854      169.085       141.892          169.085  1.191646
99      1855     3724.888      3221.756         5141.806  1.156167

[100 rows x 5 columns]",False
23,17,0.03387150913476944,"KstestResult(statistic=np.float64(0.10451391595852498), pvalue=np.float64(0.0006781646311734265), statistic_location=np.float32(1.1621797), statistic_sign=np.int8(1))",0.48538516149792615,"    query_id  bao_latency  best_latency  default_latency    regret
0       1856     2736.819      2369.999         3201.138  1.154776
1       1857    30304.770     15485.820        36286.284  1.956937
2       1858      819.440       664.550         3339.387  1.233075
3       1861        0.121         0.090            2.266  1.344444
4       1862     1424.161       991.737         1376.264  1.436027
..       ...          ...           ...              ...       ...
95      1963        1.130         0.986            0.986  1.146045
96      1964     2124.494      1924.456         1975.180  1.103945
97      1965      231.289       187.099          679.775  1.236185
98      1967     3854.076      1584.036         1605.321  2.433073
99      1968      169.217       140.528         1979.644  1.204151

[100 rows x 5 columns]",False
23,18,0.03457409143447876,"KstestResult(statistic=np.float64(0.1191081312855695), pvalue=np.float64(6.280210369043128e-05), statistic_location=np.float32(0.41997683), statistic_sign=np.int8(1))",0.44755730284057743,"    query_id  bao_latency  best_latency  default_latency       regret
0       1969    43587.170     37372.373        44222.331     1.166294
1       1970        1.609         0.066            1.174    24.378788
2       1971     3104.299      1583.045         1970.024     1.960967
3       1972      765.279       224.522          765.279     3.408481
4       1973      117.160       117.160          117.160     1.000000
..       ...          ...           ...              ...          ...
95      2077    17858.760      8183.780        12250.051     2.182214
96      2078      150.703       139.725          139.725     1.078569
97      2079      552.697         0.093            0.099  5942.978495
98      2080      372.799       323.798          333.143     1.151332
99      2081      175.652       114.680          115.225     1.531671

[100 rows x 5 columns]",False
23,19,0.03926362097263336,"KstestResult(statistic=np.float64(0.0839903149193424), pvalue=np.float64(0.01119422944819977), statistic_location=np.float32(1.949511), statistic_sign=np.int8(1))",0.3055844404517819,"    query_id  bao_latency  best_latency  default_latency    regret
0       2082       51.572        49.305          101.448  1.045979
1       2083     1580.447      1555.021         5913.346  1.016351
2       2084      246.047       195.418          213.074  1.259081
3       2085      575.816       540.268          575.816  1.065797
4       2086       43.729        34.831           34.831  1.255462
..       ...          ...           ...              ...       ...
95      2183      162.733        49.413          169.428  3.293324
96      2184       56.049        54.429           56.049  1.029764
97      2185     5529.856      2332.156         3637.614  2.371135
98      2186      156.578        39.958          189.188  3.918564
99      2187    16343.445     15328.462        15328.462  1.066216

[100 rows x 5 columns]",False
23,20,0.03380078449845314,"KstestResult(statistic=np.float64(0.10301058274841568), pvalue=np.float64(0.0008395743068708087), statistic_location=np.float32(1.121948), statistic_sign=np.int8(1))",0.38854422453924176,"    query_id  bao_latency  best_latency  default_latency     regret
0       2188       50.816        43.584         1109.993   1.165932
1       2189       50.934        50.757          611.878   1.003487
2       2190      362.951       189.468          362.951   1.915632
3       2191     1953.567      1884.464         3237.782   1.036670
4       2192      161.088         4.959           60.036  32.483969
..       ...          ...           ...              ...        ...
95      2296     5849.980      1064.475         5849.980   5.495648
96      2297      252.029        52.203          252.029   4.827864
97      2298       25.689         6.589           25.689   3.898771
98      2299      355.366       355.366          476.009   1.000000
99      2300        2.633         0.120            2.512  21.941667

[100 rows x 5 columns]",False
23,21,0.03041539527475834,"KstestResult(statistic=np.float64(0.06878941415268287), pvalue=np.float64(0.061438554644959634), statistic_location=np.float32(2.989997), statistic_sign=np.int8(-1))",0.30026505908532886,"    query_id  bao_latency  best_latency  default_latency     regret
0       2301      223.388       199.675          199.675   1.118758
1       2302        0.125         0.098           40.524   1.275510
2       2303    37701.312      1150.995         1325.366  32.755409
3       2304        0.056         0.055            0.134   1.018182
4       2305        0.141         0.077           55.630   1.831169
..       ...          ...           ...              ...        ...
95      2407        0.088         0.061            0.092   1.442623
96      2408      133.266       124.538         3216.453   1.070083
97      2410     8838.983      8838.983         9248.877   1.000000
98      2411      418.022       166.180          313.279   2.515477
99      2412     1289.955      1193.993         1289.955   1.080371

[100 rows x 5 columns]",False
23,22,0.04322008416056633,"KstestResult(statistic=np.float64(0.0956236543373745), pvalue=np.float64(0.002434649397569553), statistic_location=np.float32(1.4000242), statistic_sign=np.int8(1))",0.36289275581685654,"    query_id  bao_latency  best_latency  default_latency       regret
0       2414        0.312         0.087            0.087     3.586207
1       2416      437.967       405.447          414.539     1.080208
2       2417    30809.612      5350.798        35438.688     5.757947
3       2418     6892.147      2745.343         6892.147     2.510487
4       2419     2078.001        49.431           50.259    42.038417
..       ...          ...           ...              ...          ...
95      2521    20709.619     13573.417        14900.987     1.525748
96      2522        0.043         0.042            0.065     1.023810
97      2523        0.586         0.193            0.834     3.036269
98      2525      434.311         0.076          434.311  5714.618421
99      2526      119.474         0.102            0.553  1171.313725

[100 rows x 5 columns]",False
23,23,0.0,"KstestResult(statistic=np.float64(0.0), pvalue=np.float64(1.0), statistic_location=np.float32(-5.8121443), statistic_sign=np.int8(1))",0.0,"    query_id  bao_latency  best_latency  default_latency    regret
0       2527       58.430        50.108          242.126  1.166081
1       2528      705.912       705.912          705.912  1.000000
2       2529     1053.647      1053.647         1162.004  1.000000
3       2530       60.759        60.759           60.759  1.000000
4       2531     1507.124      1507.124         1507.124  1.000000
5       2532       86.692        78.852          167.839  1.099427
6       2533        0.335         0.299            1.000  1.120401
7       2534        0.468         0.331           11.050  1.413897
8       2535        0.417         0.299            0.437  1.394649
9       2536     1792.145      1656.217         1809.926  1.082071
10      2537     1309.471      1309.471         1694.821  1.000000
11      2538      120.813       116.251          145.679  1.039243
12      2539       64.366        59.628           64.366  1.079459
13      2540     1044.132       773.446          802.170  1.349974
14      2541     1326.428      1217.855         3309.322  1.089151
15      2542       10.446         9.817           22.869  1.064073
16      2543        0.084         0.083            0.123  1.012048
17      2544      255.760       255.760          311.426  1.000000
18      2545     2372.781      2223.666         2410.180  1.067058
19      2546      869.000       869.000          869.000  1.000000
20      2547       43.049        35.106           98.914  1.226258
21      2548     3450.986      3393.097         3934.745  1.017061
22      2549        0.067         0.067            7.470  1.000000
23      2550        0.010         0.007            0.010  1.428571
24      2551      217.748       192.180          271.975  1.133042
25      2552      122.466        92.466          100.547  1.324444
26      2553      210.138        51.707         4583.443  4.064015
27      2554       14.023        14.023         1668.021  1.000000
28      2555       65.797        59.671          143.008  1.102663
29      2556        7.292         3.296          220.690  2.212379
30      2557        0.067         0.037            0.091  1.810811
31      2559     1113.591       897.080          897.080  1.241351
32      2560      113.438       111.589          162.946  1.016570
33      2561        0.195         0.165          159.401  1.181818
34      2562      549.155       508.171         2813.506  1.080650
35      2563        0.541         0.354          188.877  1.528249
36      2564      235.633       169.186          235.633  1.392745
37      2565        0.126         0.081            0.088  1.555556
38      2567      203.492       203.492          203.492  1.000000",True
